FirstName,LastName,Email,Phone,City,Country,Gender,RegistrationDate,FullName,EmailDomain,Reg_Year,Reg_Month,Reg_DayName,Reg_Quarter,Tenure_Days
Mark,Johnson,mark.johnson@yahoo.com,2323181960,East William,Anguilla,Male,2026-01-26,Mark Johnson,yahoo.com,2026,January,Monday,Q1,225
Cristian,Santos,cristian.santos@hotmail.com,3378940265,West Melanieview,Sri Lanka,Male,2023-11-14,Cristian Santos,hotmail.com,2023,November,Tuesday,Q4,1029
Monica,Herrera,monica.herrera@yahoo.com,5846959310,Port Jesseville,Hong Kong,Female,2024-11-12,Monica Herrera,yahoo.com,2024,November,Tuesday,Q4,665
Jesse,Flowers,jesse.flowers@gmail.com,6535419283,Meganton,Denmark,Male,2023-10-27,Jesse Flowers,gmail.com,2023,October,Friday,Q4,1047
Robert,Morales,robert.morales@gmail.com,4955376724,Juliechester,Ukraine,Male,2026-03-02,Robert Morales,gmail.com,2026,March,Monday,Q1,190
James,Robinson,james.robinson@gmail.com,6712012269,Lake Nicoleview,Seychelles,Male,2026-05-30,James Robinson,gmail.com,2026,May,Saturday,Q2,101
Gerald,Carter,gerald.carter@gmail.com,7044828148,New Mariotown,Bouvet Island (Bouvetoya),Male,2025-03-24,Gerald Carter,gmail.com,2025,March,Monday,Q1,533
Shawn,Decker,shawn.decker@yahoo.com,4034911718,Arroyoburgh,Estonia,Male,2025-12-05,Shawn Decker,yahoo.com,2025,December,Friday,Q4,277
Shelia,Henderson,shelia.henderson@gmail.com,15345657871,West Andrewside,Denmark,Female,2026-03-10,Shelia Henderson,gmail.com,2026,March,Tuesday,Q1,182
Daniel,Jones,daniel.jones@hotmail.com,9315051834,Lake Selena,Montserrat,Male,2026-02-19,Daniel Jones,hotmail.com,2026,February,Thursday,Q1,201
John,Mueller,john.mueller@yahoo.com,3112656670,Chandlerville,Egypt,Male,2024-07-01,John Mueller,yahoo.com,2024,July,Monday,Q3,799
Connor,West,connor.west@yahoo.com,2473317810,East Richard,Liberia,Male,2024-08-05,Connor West,yahoo.com,2024,August,Monday,Q3,764
Sean,Barrera,sean.barrera@gmail.com,2062474687,Brianshire,Lesotho,Male,2025-10-28,Sean Barrera,gmail.com,2025,October,Tuesday,Q4,315
Thomas,Schmidt,thomas.schmidt@gmail.com,3128191361,Sarahborough,Paraguay,Male,2025-01-08,Thomas Schmidt,gmail.com,2025,January,Wednesday,Q1,608
David,Foster,david.foster@hotmail.com,16474510799,Nicolebury,Heard Island and McDonald Islands,Male,2024-11-23,David Foster,hotmail.com,2024,November,Saturday,Q4,654
Christopher,Bass,christopher.bass@hotmail.com,6986084124,Lake Matthew,Poland,Male,2026-05-20,Christopher Bass,hotmail.com,2026,May,Wednesday,Q2,111
Sarah,Wagner,sarah.wagner@yahoo.com,4169400524,Hoffmanville,Belarus,Female,2026-08-16,Sarah Wagner,yahoo.com,2026,August,Sunday,Q3,23
Stuart,Gardner,stuart.gardner@yahoo.com,17825620450,Lake Curtis,Slovakia (Slovak Republic),Male,2026-01-24,Stuart Gardner,yahoo.com,2026,January,Saturday,Q1,227
Stacey,Russell,stacey.russell@hotmail.com,13238226025,Port Thomasborough,Svalbard & Jan Mayen Islands,Female,2025-08-23,Stacey Russell,hotmail.com,2025,August,Saturday,Q3,381
Hannah,Hoover,hannah.hoover@gmail.com,8037654145,North Natalieview,Christmas Island,Female,2026-02-25,Hannah Hoover,gmail.com,2026,February,Wednesday,Q1,195
Victor,Baker,victor.baker@gmail.com,12658569816,New Saraside,Poland,Male,2026-07-15,Victor Baker,gmail.com,2026,July,Wednesday,Q3,55
Craig,Reynolds,craig.reynolds@hotmail.com,8958148465,New Ashley,Iraq,Male,2026-01-06,Craig Reynolds,hotmail.com,2026,January,Tuesday,Q1,245
Sandra,Torres,sandra.torres@gmail.com,7993577738,Lake Lance,Sri Lanka,Female,2024-07-13,Sandra Torres,gmail.com,2024,July,Saturday,Q3,787
Brittany,Williams,brittany.williams@yahoo.com,13178693676,East Linda,Qatar,Female,2025-11-20,Brittany Williams,yahoo.com,2025,November,Thursday,Q4,292
Julie,Grant,julie.grant@gmail.com,9274889579,Colebury,Tajikistan,Female,2026-05-25,Julie Grant,gmail.com,2026,May,Monday,Q2,106
Donald,Strickland,donald.strickland@yahoo.com,14345714345,Bensonborough,Bahrain,Male,2025-06-13,Donald Strickland,yahoo.com,2025,June,Friday,Q2,452
Jason,Daniels,jason.daniels@yahoo.com,2367690967,Karenchester,Mauritania,Male,2026-01-03,Jason Daniels,yahoo.com,2026,January,Saturday,Q1,248
Rebecca,Hurst,rebecca.hurst@yahoo.com,9464706562,South Brittanytown,Belize,Female,2026-06-02,Rebecca Hurst,yahoo.com,2026,June,Tuesday,Q2,98
Jeffrey,Camacho,jeffrey.camacho@gmail.com,6468537556,Maryfort,Andorra,Male,2025-12-23,Jeffrey Camacho,gmail.com,2025,December,Tuesday,Q4,259
Anthony,Crane,anthony.crane@gmail.com,15109033092,Katieburgh,New Caledonia,Male,2026-04-08,Anthony Crane,gmail.com,2026,April,Wednesday,Q2,153
Tracey,Higgins,tracey.higgins@gmail.com,6193049663,West Amandastad,Bangladesh,Female,2025-11-01,Tracey Higgins,gmail.com,2025,November,Saturday,Q4,311
Matthew,Smith,matthew.smith@yahoo.com,9168572628,Marcusbury,Switzerland,Male,2024-01-20,Matthew Smith,yahoo.com,2024,January,Saturday,Q1,962
Diana,Hayes,diana.hayes@yahoo.com,15967507527,Matthewview,Moldova,Female,2023-09-23,Diana Hayes,yahoo.com,2023,September,Saturday,Q3,1081
Kellie,Lee,kellie.lee@gmail.com,15676837770,Thomashaven,Guatemala,Female,2025-06-29,Kellie Lee,gmail.com,2025,June,Sunday,Q2,436
Yesenia,Pierce,yesenia.pierce@yahoo.com,15745443135,Hillshire,Senegal,Female,2025-11-30,Yesenia Pierce,yahoo.com,2025,November,Sunday,Q4,282
Kyle,Hooper,kyle.hooper@gmail.com,4359240824,Port Alexanderport,Latvia,Male,2025-09-20,Kyle Hooper,gmail.com,2025,September,Saturday,Q3,353
Jessica,Lopez,jessica.lopez@gmail.com,6713167190,North Angela,Israel,Female,2026-04-06,Jessica Lopez,gmail.com,2026,April,Monday,Q2,155
Kyle,Montgomery,kyle.montgomery@hotmail.com,5776496499,East Johnside,Belarus,Male,2024-05-08,Kyle Montgomery,hotmail.com,2024,May,Wednesday,Q2,853
April,Hayes,april.hayes@hotmail.com,3405344713,West Margaret,Barbados,Female,2023-12-09,April Hayes,hotmail.com,2023,December,Saturday,Q4,1004
Christopher,Parker,christopher.parker@hotmail.com,19479174648,New Billchester,Saint Pierre and Miquelon,Male,2025-01-20,Christopher Parker,hotmail.com,2025,January,Monday,Q1,596
Lindsey,Johnson,lindsey.johnson@gmail.com,18999049027,South Michaelmouth,Gibraltar,Female,2026-07-15,Lindsey Johnson,gmail.com,2026,July,Wednesday,Q3,55
Ashley,Martin,ashley.martin@yahoo.com,18742680715,Gutierrezborough,Maldives,Female,2025-03-23,Ashley Martin,yahoo.com,2025,March,Sunday,Q1,534
Marcus,Jimenez,marcus.jimenez@yahoo.com,16032482477,Davisville,Kyrgyz Republic,Male,2024-03-08,Marcus Jimenez,yahoo.com,2024,March,Friday,Q1,914
Matthew,Moore,matthew.moore@hotmail.com,4843677378,Kendrachester,Guam,Male,2025-11-04,Matthew Moore,hotmail.com,2025,November,Tuesday,Q4,308
Derek,Smith,derek.smith@hotmail.com,9997727875,Lake John,Hungary,Male,2024-09-04,Derek Smith,hotmail.com,2024,September,Wednesday,Q3,734
Scott,Jenkins,scott.jenkins@yahoo.com,13769627028,Lake Douglasberg,Belarus,Male,2025-09-06,Scott Jenkins,yahoo.com,2025,September,Saturday,Q3,367
Rachael,Baker,rachael.baker@hotmail.com,15616586578,Lake Christopher,Bolivia,Female,2026-05-19,Rachael Baker,hotmail.com,2026,May,Tuesday,Q2,112
Michael,Garcia,michael.garcia@gmail.com,18404050455,East Christian,Trinidad and Tobago,Male,2025-04-24,Michael Garcia,gmail.com,2025,April,Thursday,Q2,502
Manuel,Allen,manuel.allen@hotmail.com,4373474074,Landryshire,French Southern Territories,Male,2026-05-27,Manuel Allen,hotmail.com,2026,May,Wednesday,Q2,104
Victor,Vaughn,victor.vaughn@yahoo.com,8366713695,New Michelleton,United States Minor Outlying Islands,Male,2026-04-07,Victor Vaughn,yahoo.com,2026,April,Tuesday,Q2,154
Natasha,Wall,natasha.wall@yahoo.com,17394533942,West Markchester,China,Female,2024-07-15,Natasha Wall,yahoo.com,2024,July,Monday,Q3,785
Bonnie,Ryan,bonnie.ryan@yahoo.com,7843247451,Smithside,British Virgin Islands,Female,2025-08-14,Bonnie Ryan,yahoo.com,2025,August,Thursday,Q3,390
Isabella,Curry,isabella.curry@yahoo.com,17655137098,Lake Madisonport,Pakistan,Female,2025-06-03,Isabella Curry,yahoo.com,2025,June,Tuesday,Q2,462
Audrey,Williams,audrey.williams@gmail.com,4718138267,Port Tracychester,Wallis and Futuna,Female,2024-11-15,Audrey Williams,gmail.com,2024,November,Friday,Q4,662
Andrew,Wood,andrew.wood@yahoo.com,9353158506,Lake Danielle,Angola,Male,2023-11-25,Andrew Wood,yahoo.com,2023,November,Saturday,Q4,1018
Rachel,Sanchez,rachel.sanchez@gmail.com,14312839335,Micheleberg,Bulgaria,Female,2025-12-25,Rachel Sanchez,gmail.com,2025,December,Thursday,Q4,257
Danielle,Thompson,danielle.thompson@hotmail.com,6202539502,Lake Robert,Brazil,Female,2023-12-15,Danielle Thompson,hotmail.com,2023,December,Friday,Q4,998
John,Strickland,john.strickland@hotmail.com,19172839084,South Melaniechester,Poland,Male,2024-02-22,John Strickland,hotmail.com,2024,February,Thursday,Q1,929
Katherine,Browning,katherine.browning@gmail.com,7598212499,Shawnchester,Bolivia,Female,2026-09-02,Katherine Browning,gmail.com,2026,September,Wednesday,Q3,6
Brian,Pena,brian.pena@hotmail.com,17366736576,Stephaniefort,Bangladesh,Male,2024-01-27,Brian Pena,hotmail.com,2024,January,Saturday,Q1,955
Ronald,Davis,ronald.davis@gmail.com,12526809885,Michaelshire,Madagascar,Male,2024-08-03,Ronald Davis,gmail.com,2024,August,Saturday,Q3,766
Christopher,Olson,christopher.olson@gmail.com,2856149368,East Joshuaport,Uruguay,Male,2025-02-16,Christopher Olson,gmail.com,2025,February,Sunday,Q1,569
Gregory,White,gregory.white@gmail.com,18619201836,Ericport,Saint Helena,Male,2025-01-23,Gregory White,gmail.com,2025,January,Thursday,Q1,593
Paula,Bradley,paula.bradley@gmail.com,9229901476,Nelsonhaven,Brazil,Female,2025-02-25,Paula Bradley,gmail.com,2025,February,Tuesday,Q1,560
Jessica,Campbell,jessica.campbell@hotmail.com,12785403690,Sierraberg,Serbia,Female,2024-10-08,Jessica Campbell,hotmail.com,2024,October,Tuesday,Q4,700
Donna,Wilson,donna.wilson@yahoo.com,18622268388,Morsemouth,Morocco,Female,2025-07-05,Donna Wilson,yahoo.com,2025,July,Saturday,Q3,430
Kenneth,Mckinney,kenneth.mckinney@yahoo.com,8168052975,South Monicamouth,Cyprus,Male,2025-02-06,Kenneth Mckinney,yahoo.com,2025,February,Thursday,Q1,579
Peggy,Jones,peggy.jones@hotmail.com,4886355231,East Carrie,Senegal,Female,2026-06-22,Peggy Jones,hotmail.com,2026,June,Monday,Q2,78
Bernard,Bean,bernard.bean@hotmail.com,9796979955,Brittanystad,Madagascar,Male,2024-01-01,Bernard Bean,hotmail.com,2024,January,Monday,Q1,981
Eric,Hayes,eric.hayes@gmail.com,9415199867,Cassidyhaven,Canada,Male,2023-12-13,Eric Hayes,gmail.com,2023,December,Wednesday,Q4,1000
Jerry,Shepherd,jerry.shepherd@yahoo.com,17187203778,Paulmouth,Philippines,Male,2026-03-24,Jerry Shepherd,yahoo.com,2026,March,Tuesday,Q1,168
Amy,Mccoy,amy.mccoy@yahoo.com,7513864492,West Kyle,Palau,Female,2026-08-28,Amy Mccoy,yahoo.com,2026,August,Friday,Q3,11
Mary,Anderson,mary.anderson@hotmail.com,7482652816,Kyleborough,Guam,Female,2025-10-02,Mary Anderson,hotmail.com,2025,October,Thursday,Q4,341
Cheryl,Cooke,cheryl.cooke@gmail.com,4418888059,East Henry,Puerto Rico,Female,2026-05-05,Cheryl Cooke,gmail.com,2026,May,Tuesday,Q2,126
Robert,Martin,robert.martin@yahoo.com,5656379473,Mckeeborough,Heard Island and McDonald Islands,Male,2026-07-27,Robert Martin,yahoo.com,2026,July,Monday,Q3,43
Travis,Joyce,travis.joyce@yahoo.com,13463886239,Christopherburgh,Faroe Islands,Male,2025-08-05,Travis Joyce,yahoo.com,2025,August,Tuesday,Q3,399
Susan,Hernandez,susan.hernandez@yahoo.com,7375506068,Vangstad,Czech Republic,Female,2023-10-21,Susan Hernandez,yahoo.com,2023,October,Saturday,Q4,1053
Fernando,Garcia,fernando.garcia@hotmail.com,12526204727,Port Edward,Wallis and Futuna,Male,2026-04-10,Fernando Garcia,hotmail.com,2026,April,Friday,Q2,151
Kelsey,Rodriguez,kelsey.rodriguez@yahoo.com,3419036971,Lake Zacharybury,Saint Barthelemy,Female,2024-04-18,Kelsey Rodriguez,yahoo.com,2024,April,Thursday,Q2,873
Doris,Smith,doris.smith@yahoo.com,2968218518,Williamsfurt,Holy See (Vatican City State),Female,2024-10-06,Doris Smith,yahoo.com,2024,October,Sunday,Q4,702
Nicole,Kelly,nicole.kelly@gmail.com,9314952058,North Jennifer,Western Sahara,Female,2025-08-18,Nicole Kelly,gmail.com,2025,August,Monday,Q3,386
Andrew,Harris,andrew.harris@gmail.com,5546868740,Michelleton,Tonga,Male,2026-06-22,Andrew Harris,gmail.com,2026,June,Monday,Q2,78
Evelyn,Martinez,evelyn.martinez@yahoo.com,8674652775,Manuelland,Greece,Female,2026-06-30,Evelyn Martinez,yahoo.com,2026,June,Tuesday,Q2,70
Edward,Griffin,edward.griffin@hotmail.com,4272570596,Port Cathy,Slovenia,Male,2025-07-19,Edward Griffin,hotmail.com,2025,July,Saturday,Q3,416
Andrew,Jones,andrew.jones@hotmail.com,4567909275,Edwardsview,Egypt,Male,2024-03-02,Andrew Jones,hotmail.com,2024,March,Saturday,Q1,920
Allison,Lopez,allison.lopez@hotmail.com,3819447394,Lake Sean,Benin,Female,2026-08-02,Allison Lopez,hotmail.com,2026,August,Sunday,Q3,37
Tracy,Downs,tracy.downs@hotmail.com,5184844225,Port Troy,Guyana,Female,2026-01-15,Tracy Downs,hotmail.com,2026,January,Thursday,Q1,236
Laura,Mcdonald,laura.mcdonald@hotmail.com,8913146786,West Dawn,Korea,Female,2025-08-31,Laura Mcdonald,hotmail.com,2025,August,Sunday,Q3,373
Melanie,Cooper,melanie.cooper@hotmail.com,17925268018,Staceyhaven,Ukraine,Female,2024-11-22,Melanie Cooper,hotmail.com,2024,November,Friday,Q4,655
Ryan,King,ryan.king@hotmail.com,14424498182,Meganshire,Armenia,Male,2023-10-22,Ryan King,hotmail.com,2023,October,Sunday,Q4,1052
Brad,Fry,brad.fry@hotmail.com,8396690784,Joneston,Cayman Islands,Male,2025-07-21,Brad Fry,hotmail.com,2025,July,Monday,Q3,414
Jennifer,Marshall,jennifer.marshall@yahoo.com,15259556258,West Shannonberg,Bhutan,Female,2023-11-25,Jennifer Marshall,yahoo.com,2023,November,Saturday,Q4,1018
Dylan,Cruz,dylan.cruz@hotmail.com,2323595327,Wagnerbury,Cuba,Male,2026-03-02,Dylan Cruz,hotmail.com,2026,March,Monday,Q1,190
Harry,Williams,harry.williams@yahoo.com,12748801624,New Annastad,Micronesia,Male,2024-11-29,Harry Williams,yahoo.com,2024,November,Friday,Q4,648
Benjamin,Gordon,benjamin.gordon@hotmail.com,5998121655,North Benjaminmouth,Spain,Male,2025-09-12,Benjamin Gordon,hotmail.com,2025,September,Friday,Q3,361
Joseph,Hernandez,joseph.hernandez@hotmail.com,7599526949,Thomastown,Heard Island and McDonald Islands,Male,2025-02-03,Joseph Hernandez,hotmail.com,2025,February,Monday,Q1,582
Michael,Whitney,michael.whitney@hotmail.com,8094749930,North Ashley,Reunion,Male,2024-02-25,Michael Whitney,hotmail.com,2024,February,Sunday,Q1,926
Cheryl,Alexander,cheryl.alexander@yahoo.com,5637689702,Foxmouth,Zimbabwe,Female,2024-06-03,Cheryl Alexander,yahoo.com,2024,June,Monday,Q2,827
Joe,Patel,joe.patel@hotmail.com,5499733484,Timothyside,Vietnam,Male,2024-11-05,Joe Patel,hotmail.com,2024,November,Tuesday,Q4,672
Donna,Berry,donna.berry@hotmail.com,5656240415,Derrickshire,Dominican Republic,Female,2024-09-18,Donna Berry,hotmail.com,2024,September,Wednesday,Q3,720
Amber,Stein,amber.stein@gmail.com,19309165712,Port Tamara,Gibraltar,Female,2024-11-24,Amber Stein,gmail.com,2024,November,Sunday,Q4,653
Maria,Velez,maria.velez@gmail.com,12932802620,Ashleyville,Vanuatu,Female,2025-02-09,Maria Velez,gmail.com,2025,February,Sunday,Q1,576
Dominique,Hays,dominique.hays@hotmail.com,7726874315,East Cheryl,Northern Mariana Islands,Female,2025-05-29,Dominique Hays,hotmail.com,2025,May,Thursday,Q2,467
Ronald,Robertson,ronald.robertson@gmail.com,7126275304,West Desireebury,Bahamas,Male,2026-07-11,Ronald Robertson,gmail.com,2026,July,Saturday,Q3,59
Bryan,Parker,bryan.parker@yahoo.com,17848145933,Toddborough,Serbia,Male,2024-09-26,Bryan Parker,yahoo.com,2024,September,Thursday,Q3,712
Melanie,Larson,melanie.larson@gmail.com,4787519108,Wilsonborough,Saint Barthelemy,Female,2026-03-01,Melanie Larson,gmail.com,2026,March,Sunday,Q1,191
Katherine,Nolan,katherine.nolan@yahoo.com,9726867908,South Jonathantown,Samoa,Female,2024-08-11,Katherine Nolan,yahoo.com,2024,August,Sunday,Q3,758
Kenneth,Williams,kenneth.williams@yahoo.com,17188017046,Kanefurt,Honduras,Male,2024-01-10,Kenneth Williams,yahoo.com,2024,January,Wednesday,Q1,972
Melanie,Stanley,melanie.stanley@hotmail.com,2512286823,Stevenside,Jamaica,Female,2025-12-12,Melanie Stanley,hotmail.com,2025,December,Friday,Q4,270
Jamie,Hall,jamie.hall@yahoo.com,3242310690,Harperton,Ecuador,Female,2023-11-15,Jamie Hall,yahoo.com,2023,November,Wednesday,Q4,1028
James,Young,james.young@gmail.com,15028843959,Joshuaside,Yemen,Male,2026-03-15,James Young,gmail.com,2026,March,Sunday,Q1,177
Sheryl,Buck,sheryl.buck@hotmail.com,14689705685,Port Jeremiah,Togo,Female,2024-04-19,Sheryl Buck,hotmail.com,2024,April,Friday,Q2,872
Robert,Melendez,robert.melendez@hotmail.com,5682826343,Nicholaston,Tunisia,Male,2023-12-30,Robert Melendez,hotmail.com,2023,December,Saturday,Q4,983
Chelsea,Gill,chelsea.gill@hotmail.com,15838735403,New Marc,Finland,Female,2025-04-21,Chelsea Gill,hotmail.com,2025,April,Monday,Q2,505
John,Wong,john.wong@yahoo.com,2585771753,North Jose,Vietnam,Male,2026-03-03,John Wong,yahoo.com,2026,March,Tuesday,Q1,189
Kerry,Butler,kerry.butler@gmail.com,6539693785,Murraystad,Chile,Male,2024-04-12,Kerry Butler,gmail.com,2024,April,Friday,Q2,879
Michelle,Freeman,michelle.freeman@hotmail.com,15089010062,Brucefort,Palestinian Territory,Female,2025-10-04,Michelle Freeman,hotmail.com,2025,October,Saturday,Q4,339
Alan,Patel,alan.patel@yahoo.com,4083484086,New Eduardoborough,Niger,Male,2025-12-03,Alan Patel,yahoo.com,2025,December,Wednesday,Q4,279
David,Gomez,david.gomez@yahoo.com,2563793341,Grayside,Lebanon,Male,2023-12-04,David Gomez,yahoo.com,2023,December,Monday,Q4,1009
Mallory,Warner,mallory.warner@gmail.com,3656918033,East Sarahmouth,Andorra,Female,2024-07-25,Mallory Warner,gmail.com,2024,July,Thursday,Q3,775
Kevin,Goodwin,kevin.goodwin@hotmail.com,7142293968,South Jesseland,Guam,Male,2026-04-05,Kevin Goodwin,hotmail.com,2026,April,Sunday,Q2,156
Randy,Friedman,randy.friedman@yahoo.com,13506477358,Lake Charles,Ethiopia,Male,2024-05-04,Randy Friedman,yahoo.com,2024,May,Saturday,Q2,857
Jamie,Bowers,jamie.bowers@gmail.com,13654511047,Coleside,Malaysia,Female,2025-06-02,Jamie Bowers,gmail.com,2025,June,Monday,Q2,463
Ashley,Davis,ashley.davis@hotmail.com,3995560466,Lake Oscar,Burundi,Female,2024-10-29,Ashley Davis,hotmail.com,2024,October,Tuesday,Q4,679
Eric,Snyder,eric.snyder@gmail.com,5649647154,South Daniel,Gabon,Male,2023-09-18,Eric Snyder,gmail.com,2023,September,Monday,Q3,1086
Travis,Cook,travis.cook@hotmail.com,4578569245,Kellyfort,Morocco,Male,2024-09-18,Travis Cook,hotmail.com,2024,September,Wednesday,Q3,720
Erika,Ramirez,erika.ramirez@yahoo.com,6193398280,Chambersberg,North Macedonia,Female,2024-12-21,Erika Ramirez,yahoo.com,2024,December,Saturday,Q4,626
Dana,Hopkins,dana.hopkins@hotmail.com,3613797968,Lake Elizabeth,Chad,Female,2026-06-09,Dana Hopkins,hotmail.com,2026,June,Tuesday,Q2,91
Lonnie,Hart,lonnie.hart@hotmail.com,15659610143,Petershire,Portugal,Male,2025-10-24,Lonnie Hart,hotmail.com,2025,October,Friday,Q4,319
Chris,Cuevas,chris.cuevas@yahoo.com,9465112545,Baileyville,Kazakhstan,Male,2026-08-25,Chris Cuevas,yahoo.com,2026,August,Tuesday,Q3,14
Jesse,Jones,jesse.jones@gmail.com,18109512382,Port Richard,Colombia,Male,2024-06-23,Jesse Jones,gmail.com,2024,June,Sunday,Q2,807
Martin,Reynolds,martin.reynolds@gmail.com,13934796603,Markmouth,Brazil,Male,2024-10-19,Martin Reynolds,gmail.com,2024,October,Saturday,Q4,689
Michael,Burns,michael.burns@hotmail.com,3964969155,Davidport,Brazil,Male,2024-06-18,Michael Burns,hotmail.com,2024,June,Tuesday,Q2,812
Jacqueline,Thomas,jacqueline.thomas@yahoo.com,4924966278,Meganton,Tonga,Female,2025-03-18,Jacqueline Thomas,yahoo.com,2025,March,Tuesday,Q1,539
Trevor,Washington,trevor.washington@gmail.com,5886767677,West Jeffreyport,Chile,Male,2025-08-18,Trevor Washington,gmail.com,2025,August,Monday,Q3,386
Keith,Barton,keith.barton@yahoo.com,12819914858,South Curtis,Switzerland,Male,2026-06-19,Keith Barton,yahoo.com,2026,June,Friday,Q2,81
Paul,Evans,paul.evans@gmail.com,4454171339,Port Jamie,Bahamas,Male,2026-02-09,Paul Evans,gmail.com,2026,February,Monday,Q1,211
Heather,Campbell,heather.campbell@hotmail.com,8542494812,Michelleberg,Reunion,Female,2024-04-01,Heather Campbell,hotmail.com,2024,April,Monday,Q2,890
David,Dawson,david.dawson@gmail.com,17679294667,Murphytown,Trinidad and Tobago,Male,2024-01-30,David Dawson,gmail.com,2024,January,Tuesday,Q1,952
Monica,Ellis,monica.ellis@hotmail.com,17514863637,Kramerton,Aruba,Female,2024-02-09,Monica Ellis,hotmail.com,2024,February,Friday,Q1,942
Lori,Copeland,lori.copeland@gmail.com,4276706324,Lake Michaelland,Holy See (Vatican City State),Female,2026-07-06,Lori Copeland,gmail.com,2026,July,Monday,Q3,64
Steven,Martin,steven.martin@yahoo.com,19432611037,Lake Matthewville,Tokelau,Male,2025-06-25,Steven Martin,yahoo.com,2025,June,Wednesday,Q2,440
Michael,Woods,michael.woods@gmail.com,2114155426,Bellborough,Niue,Male,2024-04-30,Michael Woods,gmail.com,2024,April,Tuesday,Q2,861
Tamara,Jensen,tamara.jensen@yahoo.com,7114219656,West Deanna,Egypt,Female,2026-01-14,Tamara Jensen,yahoo.com,2026,January,Wednesday,Q1,237
Lindsay,Griffith,lindsay.griffith@yahoo.com,13045389836,Littleland,Marshall Islands,Female,2023-09-26,Lindsay Griffith,yahoo.com,2023,September,Tuesday,Q3,1078
Victoria,Peck,victoria.peck@gmail.com,5962582710,Port Raymondport,Niue,Female,2025-10-25,Victoria Peck,gmail.com,2025,October,Saturday,Q4,318
Pamela,Henderson,pamela.henderson@yahoo.com,5884924141,Peterland,Georgia,Female,2026-08-28,Pamela Henderson,yahoo.com,2026,August,Friday,Q3,11
Jessica,Ashley,jessica.ashley@gmail.com,6314617990,North Jeantown,Central African Republic,Female,2025-10-18,Jessica Ashley,gmail.com,2025,October,Saturday,Q4,325
Troy,Mills,troy.mills@hotmail.com,6253241056,Gibsonstad,Azerbaijan,Male,2025-10-23,Troy Mills,hotmail.com,2025,October,Thursday,Q4,320
Scott,Jackson,scott.jackson@gmail.com,7198138000,East Sarah,Togo,Male,2023-11-01,Scott Jackson,gmail.com,2023,November,Wednesday,Q4,1042
Juan,Sloan,juan.sloan@hotmail.com,12634536541,Port Zachary,Aruba,Male,2025-05-22,Juan Sloan,hotmail.com,2025,May,Thursday,Q2,474
Benjamin,Marshall,benjamin.marshall@yahoo.com,19457187053,Cuevasborough,Saint Martin,Male,2026-01-04,Benjamin Marshall,yahoo.com,2026,January,Sunday,Q1,247
Paige,Sanchez,paige.sanchez@gmail.com,8039850506,East Jenniferland,Aruba,Female,2024-09-01,Paige Sanchez,gmail.com,2024,September,Sunday,Q3,737
Steven,Meyer,steven.meyer@hotmail.com,8714918261,West Jose,Germany,Male,2025-05-10,Steven Meyer,hotmail.com,2025,May,Saturday,Q2,486
Michael,Moss,michael.moss@yahoo.com,9437132912,Martinezstad,Sierra Leone,Male,2024-07-26,Michael Moss,yahoo.com,2024,July,Friday,Q3,774
Jesse,Ford,jesse.ford@gmail.com,5247903521,Palmerport,Eritrea,Male,2024-06-04,Jesse Ford,gmail.com,2024,June,Tuesday,Q2,826
Andre,Sullivan,andre.sullivan@yahoo.com,12835171210,East Madison,Holy See (Vatican City State),Male,2026-08-09,Andre Sullivan,yahoo.com,2026,August,Sunday,Q3,30
Mark,Newman,mark.newman@hotmail.com,17413013721,South Brentshire,Jersey,Male,2025-05-13,Mark Newman,hotmail.com,2025,May,Tuesday,Q2,483
Jon,Reyes,jon.reyes@yahoo.com,5536244720,Jenkinsside,Lesotho,Male,2023-12-11,Jon Reyes,yahoo.com,2023,December,Monday,Q4,1002
Brandon,Reyes,brandon.reyes@yahoo.com,9837806578,Paulburgh,Anguilla,Male,2025-01-15,Brandon Reyes,yahoo.com,2025,January,Wednesday,Q1,601
Kyle,Johnson,kyle.johnson@yahoo.com,5786593213,Port Wendybury,Morocco,Male,2025-05-03,Kyle Johnson,yahoo.com,2025,May,Saturday,Q2,493
Henry,Combs,henry.combs@gmail.com,4395559059,Weaverburgh,Liechtenstein,Male,2023-11-05,Henry Combs,gmail.com,2023,November,Sunday,Q4,1038
Ann,Hall,ann.hall@gmail.com,4877059325,North Dylanberg,Singapore,Female,2024-02-27,Ann Hall,gmail.com,2024,February,Tuesday,Q1,924
Ryan,Valencia,ryan.valencia@gmail.com,4697154522,Lake Brianna,China,Male,2025-04-17,Ryan Valencia,gmail.com,2025,April,Thursday,Q2,509
Eric,Barker,eric.barker@gmail.com,5093690295,Taylorland,Dominica,Male,2025-02-27,Eric Barker,gmail.com,2025,February,Thursday,Q1,558
Vickie,Jackson,vickie.jackson@gmail.com,12578043315,Oconnorburgh,Turks and Caicos Islands,Female,2025-06-12,Vickie Jackson,gmail.com,2025,June,Thursday,Q2,453
Katherine,Gray,katherine.gray@hotmail.com,3173932710,Georgefurt,Central African Republic,Female,2024-01-02,Katherine Gray,hotmail.com,2024,January,Tuesday,Q1,980
Joshua,Villanueva,joshua.villanueva@gmail.com,5998706296,Donnaport,Dominica,Male,2024-02-04,Joshua Villanueva,gmail.com,2024,February,Sunday,Q1,947
Anthony,Armstrong,anthony.armstrong@yahoo.com,5053061497,East Georgeport,Belgium,Male,2025-09-12,Anthony Armstrong,yahoo.com,2025,September,Friday,Q3,361
Sarah,Parker,sarah.parker@yahoo.com,6749186256,Bakerview,Mongolia,Female,2023-12-12,Sarah Parker,yahoo.com,2023,December,Tuesday,Q4,1001
Chris,Horton,chris.horton@gmail.com,8589693806,South Kent,Indonesia,Male,2023-10-31,Chris Horton,gmail.com,2023,October,Tuesday,Q4,1043
Kathryn,Lester,kathryn.lester@hotmail.com,15924172233,Luisland,Benin,Female,2025-05-02,Kathryn Lester,hotmail.com,2025,May,Friday,Q2,494
Kristie,Arnold,kristie.arnold@yahoo.com,3703998616,Port Justinside,Turkmenistan,Female,2025-02-23,Kristie Arnold,yahoo.com,2025,February,Sunday,Q1,562
Shawn,Baker,shawn.baker@hotmail.com,8997702462,North Julie,Uruguay,Male,2024-10-29,Shawn Baker,hotmail.com,2024,October,Tuesday,Q4,679
Steven,Smith,steven.smith@yahoo.com,5479132475,Port Richard,Libyan Arab Jamahiriya,Male,2025-11-18,Steven Smith,yahoo.com,2025,November,Tuesday,Q4,294
Sean,Nicholson,sean.nicholson@hotmail.com,4145862890,Port Brian,Antigua and Barbuda,Male,2025-08-17,Sean Nicholson,hotmail.com,2025,August,Sunday,Q3,387
Amber,Ward,amber.ward@gmail.com,4579861035,Maxview,San Marino,Female,2026-08-13,Amber Ward,gmail.com,2026,August,Thursday,Q3,26
Ann,Johnson,ann.johnson@gmail.com,2932333468,Buckburgh,Netherlands Antilles,Female,2023-09-21,Ann Johnson,gmail.com,2023,September,Thursday,Q3,1083
Courtney,Franklin,courtney.franklin@yahoo.com,18463657437,New Yvonnestad,Monaco,Female,2026-06-09,Courtney Franklin,yahoo.com,2026,June,Tuesday,Q2,91
Linda,Campbell,linda.campbell@hotmail.com,5714545444,North Linda,Spain,Female,2026-03-28,Linda Campbell,hotmail.com,2026,March,Saturday,Q1,164
Jennifer,Flores,jennifer.flores@gmail.com,15079446660,Williamburgh,Tajikistan,Female,2026-06-25,Jennifer Flores,gmail.com,2026,June,Thursday,Q2,75
Shawn,White,shawn.white@gmail.com,7246825135,Stevenville,Latvia,Male,2023-11-30,Shawn White,gmail.com,2023,November,Thursday,Q4,1013
Sean,Silva,sean.silva@hotmail.com,2734816846,East Matthew,Montenegro,Male,2025-08-18,Sean Silva,hotmail.com,2025,August,Monday,Q3,386
Charles,Huffman,charles.huffman@gmail.com,19173525007,New Ryan,Japan,Male,2025-05-26,Charles Huffman,gmail.com,2025,May,Monday,Q2,470
Jessica,Woods,jessica.woods@gmail.com,2835505830,Lake Natalie,Georgia,Female,2024-03-26,Jessica Woods,gmail.com,2024,March,Tuesday,Q1,896
Ashley,Gordon,ashley.gordon@yahoo.com,7108447898,West Wendy,Liechtenstein,Female,2025-03-19,Ashley Gordon,yahoo.com,2025,March,Wednesday,Q1,538
Paul,Martin,paul.martin@yahoo.com,3337230982,South Nancyview,Sierra Leone,Male,2025-12-16,Paul Martin,yahoo.com,2025,December,Tuesday,Q4,266
Marcus,Wheeler,marcus.wheeler@gmail.com,12106016761,Stanleyhaven,Faroe Islands,Male,2026-05-02,Marcus Wheeler,gmail.com,2026,May,Saturday,Q2,129
Larry,Taylor,larry.taylor@gmail.com,8916411739,North Amy,United States Minor Outlying Islands,Male,2024-07-26,Larry Taylor,gmail.com,2024,July,Friday,Q3,774
Michael,Castillo,michael.castillo@gmail.com,3013197218,Dawnmouth,French Polynesia,Male,2024-10-22,Michael Castillo,gmail.com,2024,October,Tuesday,Q4,686
Julie,Garcia,julie.garcia@gmail.com,4454561100,Michaelmouth,Zimbabwe,Female,2026-04-30,Julie Garcia,gmail.com,2026,April,Thursday,Q2,131
Derrick,Quinn,derrick.quinn@yahoo.com,4213667467,Pruittfort,Spain,Male,2026-02-07,Derrick Quinn,yahoo.com,2026,February,Saturday,Q1,213
Meghan,White,meghan.white@yahoo.com,12595027716,Aprilville,Jersey,Female,2026-07-01,Meghan White,yahoo.com,2026,July,Wednesday,Q3,69
Nicholas,Olson,nicholas.olson@hotmail.com,17625890028,Taraton,Madagascar,Male,2024-08-18,Nicholas Olson,hotmail.com,2024,August,Sunday,Q3,751
Krista,Gray,krista.gray@gmail.com,3779971775,North Richardton,Moldova,Female,2026-01-07,Krista Gray,gmail.com,2026,January,Wednesday,Q1,244
April,Davis,april.davis@hotmail.com,19487837550,Wilsonbury,Afghanistan,Female,2025-02-19,April Davis,hotmail.com,2025,February,Wednesday,Q1,566
Henry,Schultz,henry.schultz@yahoo.com,13856102726,East David,Timor-Leste,Male,2025-05-10,Henry Schultz,yahoo.com,2025,May,Saturday,Q2,486
Daniel,Summers,daniel.summers@gmail.com,19512609177,New Savannahshire,Liberia,Male,2025-11-05,Daniel Summers,gmail.com,2025,November,Wednesday,Q4,307
Priscilla,Kent,priscilla.kent@hotmail.com,18228169958,West Raymond,Guam,Female,2024-12-07,Priscilla Kent,hotmail.com,2024,December,Saturday,Q4,640
Jesse,Anderson,jesse.anderson@yahoo.com,14844858333,Jenniferstad,Monaco,Male,2025-09-23,Jesse Anderson,yahoo.com,2025,September,Tuesday,Q3,350
Kevin,Bender,kevin.bender@hotmail.com,4846608106,Dwayneton,Portugal,Male,2024-12-09,Kevin Bender,hotmail.com,2024,December,Monday,Q4,638
Damon,Weaver,damon.weaver@yahoo.com,8198838638,Tammyton,American Samoa,Male,2024-10-02,Damon Weaver,yahoo.com,2024,October,Wednesday,Q4,706
Dale,Melton,dale.melton@yahoo.com,4593893347,East Jill,British Indian Ocean Territory (Chagos Archipelago),Male,2025-04-15,Dale Melton,yahoo.com,2025,April,Tuesday,Q2,511
Andrew,Ramirez,andrew.ramirez@yahoo.com,4297405720,Port Sarahport,Liechtenstein,Male,2026-02-13,Andrew Ramirez,yahoo.com,2026,February,Friday,Q1,207
Joshua,Jones,joshua.jones@hotmail.com,5835281826,Markport,Cuba,Male,2026-04-25,Joshua Jones,hotmail.com,2026,April,Saturday,Q2,136
Kerry,Barajas,kerry.barajas@hotmail.com,7158739930,South Jonathanport,Anguilla,Female,2025-11-18,Kerry Barajas,hotmail.com,2025,November,Tuesday,Q4,294
Samantha,Brooks,samantha.brooks@hotmail.com,2703435811,Lake Crystal,Croatia,Female,2026-08-07,Samantha Brooks,hotmail.com,2026,August,Friday,Q3,32
Jessica,Garcia,jessica.garcia@hotmail.com,16613207501,West Rickey,Korea,Female,2026-05-14,Jessica Garcia,hotmail.com,2026,May,Thursday,Q2,117
Jared,Stewart,jared.stewart@yahoo.com,13186091901,Jamestown,Lebanon,Male,2024-05-07,Jared Stewart,yahoo.com,2024,May,Tuesday,Q2,854
Kim,Taylor,kim.taylor@yahoo.com,13422450882,New Candiceside,Mexico,Female,2024-01-18,Kim Taylor,yahoo.com,2024,January,Thursday,Q1,964
Eric,Goodman,eric.goodman@hotmail.com,4362822239,Newmanland,French Guiana,Male,2026-07-17,Eric Goodman,hotmail.com,2026,July,Friday,Q3,53
Austin,Garcia,austin.garcia@hotmail.com,13755523149,Toddmouth,Nicaragua,Male,2026-06-28,Austin Garcia,hotmail.com,2026,June,Sunday,Q2,72
Elizabeth,Silva,elizabeth.silva@hotmail.com,18556620533,Dennismouth,Turkey,Female,2025-09-22,Elizabeth Silva,hotmail.com,2025,September,Monday,Q3,351
Joel,Howard,joel.howard@yahoo.com,2812291428,Hammondborough,United States of America,Male,2023-11-03,Joel Howard,yahoo.com,2023,November,Friday,Q4,1040
Kristen,Stephens,kristen.stephens@hotmail.com,7252639427,Port Tamara,Nicaragua,Female,2026-08-05,Kristen Stephens,hotmail.com,2026,August,Wednesday,Q3,34
Carol,Palmer,carol.palmer@yahoo.com,9295927503,West Miketon,Paraguay,Female,2024-07-25,Carol Palmer,yahoo.com,2024,July,Thursday,Q3,775
Kelly,Moody,kelly.moody@yahoo.com,8708051844,Brianaland,Maldives,Female,2024-10-02,Kelly Moody,yahoo.com,2024,October,Wednesday,Q4,706
Jamie,Solomon,jamie.solomon@hotmail.com,6555779082,East Eric,Netherlands,Female,2024-03-09,Jamie Solomon,hotmail.com,2024,March,Saturday,Q1,913
Mary,Perry,mary.perry@yahoo.com,14174773926,New Dylanburgh,Eritrea,Female,2024-06-13,Mary Perry,yahoo.com,2024,June,Thursday,Q2,817
Kellie,Sullivan,kellie.sullivan@hotmail.com,14044137977,Garymouth,Uzbekistan,Female,2025-08-12,Kellie Sullivan,hotmail.com,2025,August,Tuesday,Q3,392
Kyle,Jones,kyle.jones@yahoo.com,2213038862,South Donnaside,Sweden,Male,2023-09-09,Kyle Jones,yahoo.com,2023,September,Saturday,Q3,1095
Steven,Hampton,steven.hampton@hotmail.com,8864508637,Thomasbury,United States of America,Male,2024-01-16,Steven Hampton,hotmail.com,2024,January,Tuesday,Q1,966
Diane,Mcdowell,diane.mcdowell@yahoo.com,8307098180,East Ronaldshire,El Salvador,Female,2024-10-17,Diane Mcdowell,yahoo.com,2024,October,Thursday,Q4,691
Scott,Henderson,scott.henderson@yahoo.com,19466368872,Beckyfurt,Saint Pierre and Miquelon,Male,2024-04-09,Scott Henderson,yahoo.com,2024,April,Tuesday,Q2,882
Scott,Hopkins,scott.hopkins@hotmail.com,2724138658,Oconnelltown,Spain,Male,2024-01-27,Scott Hopkins,hotmail.com,2024,January,Saturday,Q1,955
Rodney,Ruiz,rodney.ruiz@hotmail.com,2114435190,Gonzalesborough,Thailand,Male,2026-06-24,Rodney Ruiz,hotmail.com,2026,June,Wednesday,Q2,76
Tara,Holmes,tara.holmes@gmail.com,5982839205,North Wendy,Slovakia (Slovak Republic),Female,2025-05-20,Tara Holmes,gmail.com,2025,May,Tuesday,Q2,476
Harry,Foster,harry.foster@hotmail.com,7807118489,Jeremyborough,Korea,Male,2025-05-27,Harry Foster,hotmail.com,2025,May,Tuesday,Q2,469
Kenneth,Green,kenneth.green@yahoo.com,8189184518,Port Matthew,Singapore,Male,2025-08-20,Kenneth Green,yahoo.com,2025,August,Wednesday,Q3,384
Melanie,Mosley,melanie.mosley@gmail.com,6145163356,Christophermouth,Belarus,Female,2026-01-16,Melanie Mosley,gmail.com,2026,January,Friday,Q1,235
Timothy,Woods,timothy.woods@yahoo.com,6945237333,East Mary,Taiwan,Male,2026-04-25,Timothy Woods,yahoo.com,2026,April,Saturday,Q2,136
Henry,Maxwell,henry.maxwell@gmail.com,7799080759,Travishaven,Fiji,Male,2025-05-18,Henry Maxwell,gmail.com,2025,May,Sunday,Q2,478
Daniel,Ray,daniel.ray@gmail.com,2672808562,South Bianca,Greece,Male,2025-03-22,Daniel Ray,gmail.com,2025,March,Saturday,Q1,535
Louis,Green,louis.green@hotmail.com,7347795527,Ramirezburgh,Montserrat,Male,2024-03-29,Louis Green,hotmail.com,2024,March,Friday,Q1,893
William,Parks,william.parks@gmail.com,19434866322,Kristenport,El Salvador,Male,2026-01-28,William Parks,gmail.com,2026,January,Wednesday,Q1,223
Scott,Williams,scott.williams@gmail.com,16207347175,South Davidborough,Morocco,Male,2026-02-18,Scott Williams,gmail.com,2026,February,Wednesday,Q1,202
Matthew,Ryan,matthew.ryan@yahoo.com,7588771694,Sweeneyland,Belgium,Male,2024-05-16,Matthew Ryan,yahoo.com,2024,May,Thursday,Q2,845
Gwendolyn,Edwards,gwendolyn.edwards@hotmail.com,2494647598,Lake Johnathan,Samoa,Female,2026-08-31,Gwendolyn Edwards,hotmail.com,2026,August,Monday,Q3,8
Paul,Clark,paul.clark@yahoo.com,3113780068,Christineland,Palau,Male,2025-05-05,Paul Clark,yahoo.com,2025,May,Monday,Q2,491
Eric,Wright,eric.wright@yahoo.com,6229820055,Lake Amber,Nauru,Male,2026-03-24,Eric Wright,yahoo.com,2026,March,Tuesday,Q1,168
Jesus,Curry,jesus.curry@hotmail.com,4886457831,North Alexandraberg,Guatemala,Male,2024-11-26,Jesus Curry,hotmail.com,2024,November,Tuesday,Q4,651
John,Smith,john.smith@yahoo.com,18748064930,East Jennifer,Oman,Male,2025-05-05,John Smith,yahoo.com,2025,May,Monday,Q2,491
Sandra,Walker,sandra.walker@gmail.com,3389944846,Nelsonfort,Comoros,Female,2025-01-18,Sandra Walker,gmail.com,2025,January,Saturday,Q1,598
Alicia,Williams,alicia.williams@hotmail.com,3214442703,South Jeffchester,Georgia,Female,2025-10-21,Alicia Williams,hotmail.com,2025,October,Tuesday,Q4,322
Yolanda,Ford,yolanda.ford@gmail.com,3125046187,Wisemouth,Egypt,Female,2023-10-30,Yolanda Ford,gmail.com,2023,October,Monday,Q4,1044
Curtis,Moss,curtis.moss@gmail.com,5377645208,Port Elizabethville,Dominica,Male,2026-05-18,Curtis Moss,gmail.com,2026,May,Monday,Q2,113
Jessica,Smith,jessica.smith@yahoo.com,14167300979,East Ericland,Poland,Female,2026-04-26,Jessica Smith,yahoo.com,2026,April,Sunday,Q2,135
George,Booker,george.booker@hotmail.com,7057281273,Quinntown,Portugal,Male,2025-04-16,George Booker,hotmail.com,2025,April,Wednesday,Q2,510
Heather,Taylor,heather.taylor@gmail.com,6784487392,New Ericport,Svalbard & Jan Mayen Islands,Female,2024-10-21,Heather Taylor,gmail.com,2024,October,Monday,Q4,687
Kimberly,Gibson,kimberly.gibson@hotmail.com,9624095935,Marcusmouth,Bouvet Island (Bouvetoya),Female,2024-02-04,Kimberly Gibson,hotmail.com,2024,February,Sunday,Q1,947
Joseph,Jones,joseph.jones@gmail.com,8039173109,Brandonbury,New Caledonia,Male,2023-12-27,Joseph Jones,gmail.com,2023,December,Wednesday,Q4,986
Alexis,Mccall,alexis.mccall@hotmail.com,3176058650,East Susanville,Bolivia,Female,2024-08-31,Alexis Mccall,hotmail.com,2024,August,Saturday,Q3,738
Kim,Lopez,kim.lopez@hotmail.com,14398288619,Dianeside,Netherlands Antilles,Female,2025-07-27,Kim Lopez,hotmail.com,2025,July,Sunday,Q3,408
Taylor,Orr,taylor.orr@hotmail.com,9569659398,Smithton,Finland,Female,2026-03-21,Taylor Orr,hotmail.com,2026,March,Saturday,Q1,171
Alan,Taylor,alan.taylor@yahoo.com,4433350488,South Michaelberg,Estonia,Male,2025-03-31,Alan Taylor,yahoo.com,2025,March,Monday,Q1,526
Steve,Wright,steve.wright@yahoo.com,6192693157,Millerton,Uruguay,Male,2025-02-08,Steve Wright,yahoo.com,2025,February,Saturday,Q1,577
Hannah,Montoya,hannah.montoya@yahoo.com,7394060480,Waynebury,Cape Verde,Female,2023-11-25,Hannah Montoya,yahoo.com,2023,November,Saturday,Q4,1018
Michael,Osborn,michael.osborn@yahoo.com,12998813646,Christopherhaven,Jordan,Male,2026-08-27,Michael Osborn,yahoo.com,2026,August,Thursday,Q3,12
Carlos,Taylor,carlos.taylor@hotmail.com,5763938983,Kimberlymouth,Poland,Male,2026-02-18,Carlos Taylor,hotmail.com,2026,February,Wednesday,Q1,202
Brandon,Powers,brandon.powers@yahoo.com,4539559042,Port Jesusstad,Cape Verde,Male,2024-01-19,Brandon Powers,yahoo.com,2024,January,Friday,Q1,963
Ashley,Brown,ashley.brown@hotmail.com,7405514770,East Amy,Sao Tome and Principe,Female,2024-10-13,Ashley Brown,hotmail.com,2024,October,Sunday,Q4,695
Joshua,Dean,joshua.dean@gmail.com,16062980420,Penatown,Bangladesh,Male,2025-05-03,Joshua Dean,gmail.com,2025,May,Saturday,Q2,493
Mary,Alvarado,mary.alvarado@hotmail.com,3104463681,New Tammy,Monaco,Female,2023-10-11,Mary Alvarado,hotmail.com,2023,October,Wednesday,Q4,1063
Andrew,Nielsen,andrew.nielsen@yahoo.com,8762205554,Jeremiahmouth,Ukraine,Male,2025-05-10,Andrew Nielsen,yahoo.com,2025,May,Saturday,Q2,486
Matthew,Miller,matthew.miller@yahoo.com,5934639264,Port Devin,Portugal,Male,2026-09-07,Matthew Miller,yahoo.com,2026,September,Monday,Q3,1
Stephanie,Browning,stephanie.browning@yahoo.com,18298251881,Scottview,Canada,Female,2024-06-25,Stephanie Browning,yahoo.com,2024,June,Tuesday,Q2,805
Ashley,Lopez,ashley.lopez@hotmail.com,19494993933,Josephstad,Colombia,Female,2025-05-01,Ashley Lopez,hotmail.com,2025,May,Thursday,Q2,495
John,Taylor,john.taylor@gmail.com,3064046333,Camachofort,Portugal,Male,2025-01-24,John Taylor,gmail.com,2025,January,Friday,Q1,592
Sharon,Clay,sharon.clay@yahoo.com,3099656999,Wilcoxton,Turkey,Female,2024-09-23,Sharon Clay,yahoo.com,2024,September,Monday,Q3,715
Kelly,Foster,kelly.foster@hotmail.com,6866803476,Jacksonport,New Zealand,Female,2023-12-01,Kelly Foster,hotmail.com,2023,December,Friday,Q4,1012
Michael,Mckee,michael.mckee@yahoo.com,12714812982,Garzaborough,Turkmenistan,Male,2025-08-14,Michael Mckee,yahoo.com,2025,August,Thursday,Q3,390
Ann,Nguyen,ann.nguyen@hotmail.com,14218117518,Williamsburgh,United States Minor Outlying Islands,Female,2025-02-09,Ann Nguyen,hotmail.com,2025,February,Sunday,Q1,576
Keith,Keller,keith.keller@gmail.com,4223064474,East Adam,Serbia,Male,2024-10-05,Keith Keller,gmail.com,2024,October,Saturday,Q4,703
Adam,Jimenez,adam.jimenez@yahoo.com,18099733977,New Carolbury,Turkmenistan,Male,2026-01-05,Adam Jimenez,yahoo.com,2026,January,Monday,Q1,246
Diana,Fuller,diana.fuller@gmail.com,6227050209,North Danielburgh,Central African Republic,Female,2026-07-18,Diana Fuller,gmail.com,2026,July,Saturday,Q3,52
Duane,Guerrero,duane.guerrero@hotmail.com,18983279501,Bridgesland,French Guiana,Male,2025-09-08,Duane Guerrero,hotmail.com,2025,September,Monday,Q3,365
Chad,Neal,chad.neal@yahoo.com,6868833901,Jordanshire,Nigeria,Male,2025-03-10,Chad Neal,yahoo.com,2025,March,Monday,Q1,547
Timothy,Mendez,timothy.mendez@yahoo.com,8778293430,West Michaelborough,Algeria,Male,2026-05-30,Timothy Mendez,yahoo.com,2026,May,Saturday,Q2,101
Christina,Campbell,christina.campbell@gmail.com,4485850155,Marthafort,United States Virgin Islands,Female,2025-09-14,Christina Campbell,gmail.com,2025,September,Sunday,Q3,359
Rebecca,Brewer,rebecca.brewer@yahoo.com,7782576084,New Gina,South Georgia and the South Sandwich Islands,Female,2025-03-10,Rebecca Brewer,yahoo.com,2025,March,Monday,Q1,547
Austin,Hernandez,austin.hernandez@gmail.com,8683299629,Wileystad,Korea,Male,2024-12-21,Austin Hernandez,gmail.com,2024,December,Saturday,Q4,626
Cindy,Turner,cindy.turner@gmail.com,9036178078,Douglasville,Swaziland,Female,2025-11-17,Cindy Turner,gmail.com,2025,November,Monday,Q4,295
Michael,Anderson,michael.anderson@hotmail.com,3767810409,Smallville,Mali,Male,2026-06-27,Michael Anderson,hotmail.com,2026,June,Saturday,Q2,73
Nichole,Johnson,nichole.johnson@yahoo.com,14356334485,North Susanside,Malaysia,Female,2024-02-14,Nichole Johnson,yahoo.com,2024,February,Wednesday,Q1,937
Christine,Bell,christine.bell@yahoo.com,2244932149,South Rebeccaton,Botswana,Female,2025-04-25,Christine Bell,yahoo.com,2025,April,Friday,Q2,501
Amy,Simmons,amy.simmons@gmail.com,14993795453,Davisport,Poland,Female,2026-06-05,Amy Simmons,gmail.com,2026,June,Friday,Q2,95
Michael,Marshall,michael.marshall@gmail.com,9299456255,North Thomasstad,Lesotho,Male,2025-08-24,Michael Marshall,gmail.com,2025,August,Sunday,Q3,380
Ryan,Campbell,ryan.campbell@yahoo.com,19928816158,Allenbury,Mexico,Male,2024-05-12,Ryan Campbell,yahoo.com,2024,May,Sunday,Q2,849
Valerie,Reyes,valerie.reyes@yahoo.com,3969695832,New Caitlinmouth,Moldova,Female,2024-02-06,Valerie Reyes,yahoo.com,2024,February,Tuesday,Q1,945
Samantha,Thompson,samantha.thompson@yahoo.com,5914965701,Port Dwayneberg,Korea,Female,2025-12-11,Samantha Thompson,yahoo.com,2025,December,Thursday,Q4,271
Eddie,Gilbert,eddie.gilbert@yahoo.com,2358494651,Port Kelly,Heard Island and McDonald Islands,Male,2026-01-07,Eddie Gilbert,yahoo.com,2026,January,Wednesday,Q1,244
Walter,Smith,walter.smith@hotmail.com,8145036965,South Don,Moldova,Male,2025-04-27,Walter Smith,hotmail.com,2025,April,Sunday,Q2,499
Sarah,Ward,sarah.ward@yahoo.com,8424201027,East Dawnchester,Tokelau,Female,2025-08-16,Sarah Ward,yahoo.com,2025,August,Saturday,Q3,388
Steven,Dominguez,steven.dominguez@yahoo.com,12279868765,Lake Walter,Isle of Man,Male,2026-01-03,Steven Dominguez,yahoo.com,2026,January,Saturday,Q1,248
Laura,Johnson,laura.johnson@gmail.com,16759197128,New Pamelaland,Ecuador,Female,2025-09-10,Laura Johnson,gmail.com,2025,September,Wednesday,Q3,363
Mark,Alvarado,mark.alvarado@hotmail.com,9899490580,Berrymouth,Italy,Male,2025-03-09,Mark Alvarado,hotmail.com,2025,March,Sunday,Q1,548
Toni,Yates,toni.yates@yahoo.com,4092494079,Lisatown,France,Female,2025-09-30,Toni Yates,yahoo.com,2025,September,Tuesday,Q3,343
Angela,Wagner,angela.wagner@yahoo.com,9297444019,West Kimberly,Dominica,Female,2025-09-30,Angela Wagner,yahoo.com,2025,September,Tuesday,Q3,343
Christopher,Rose,christopher.rose@gmail.com,2126927663,North Garyfurt,Lebanon,Male,2024-12-19,Christopher Rose,gmail.com,2024,December,Thursday,Q4,628
John,Vaughan,john.vaughan@hotmail.com,6669742860,Gregoryhaven,Pitcairn Islands,Male,2023-11-10,John Vaughan,hotmail.com,2023,November,Friday,Q4,1033
Brent,Schmidt,brent.schmidt@yahoo.com,7944544149,Amytown,Switzerland,Male,2023-12-22,Brent Schmidt,yahoo.com,2023,December,Friday,Q4,991
Adam,Davis,adam.davis@gmail.com,13753344300,Port Cassandrafurt,Palestinian Territory,Male,2026-06-10,Adam Davis,gmail.com,2026,June,Wednesday,Q2,90
Keith,Coffey,keith.coffey@gmail.com,13246471746,South Paulton,Eritrea,Male,2024-10-23,Keith Coffey,gmail.com,2024,October,Wednesday,Q4,685
Cassandra,Jones,cassandra.jones@gmail.com,16623712863,North Chadview,Singapore,Female,2025-07-31,Cassandra Jones,gmail.com,2025,July,Thursday,Q3,404
Albert,Jimenez,albert.jimenez@hotmail.com,18008642569,New Jeremiahfurt,Zimbabwe,Male,2026-08-13,Albert Jimenez,hotmail.com,2026,August,Thursday,Q3,26
Sabrina,Olson,sabrina.olson@hotmail.com,17553460158,Hodgesport,Oman,Female,2024-07-19,Sabrina Olson,hotmail.com,2024,July,Friday,Q3,781
Christopher,Williams,christopher.williams@yahoo.com,15349615717,Brownside,Norway,Male,2024-12-29,Christopher Williams,yahoo.com,2024,December,Sunday,Q4,618
Jonathan,Hanna,jonathan.hanna@yahoo.com,9054050613,North Benjamin,Cambodia,Male,2025-10-06,Jonathan Hanna,yahoo.com,2025,October,Monday,Q4,337
Martha,Ruiz,martha.ruiz@hotmail.com,4323020417,North Tylerbury,Bahrain,Female,2024-07-18,Martha Ruiz,hotmail.com,2024,July,Thursday,Q3,782
Jessica,Cain,jessica.cain@hotmail.com,13656198253,Port Robert,Qatar,Female,2025-04-04,Jessica Cain,hotmail.com,2025,April,Friday,Q2,522
Juan,Gonzales,juan.gonzales@hotmail.com,2212962071,North Jasmine,Nauru,Male,2024-11-21,Juan Gonzales,hotmail.com,2024,November,Thursday,Q4,656
Jennifer,Aguirre,jennifer.aguirre@yahoo.com,14239248763,Lake Margaretport,Guernsey,Female,2025-06-19,Jennifer Aguirre,yahoo.com,2025,June,Thursday,Q2,446
Aaron,Young,aaron.young@gmail.com,9199588373,East Elizabeth,Aruba,Male,2023-11-30,Aaron Young,gmail.com,2023,November,Thursday,Q4,1013
Matthew,Mitchell,matthew.mitchell@yahoo.com,3593701082,Lake Sean,Mozambique,Male,2025-01-26,Matthew Mitchell,yahoo.com,2025,January,Sunday,Q1,590
Jason,Burgess,jason.burgess@yahoo.com,5153313636,Richardston,Tuvalu,Male,2025-07-16,Jason Burgess,yahoo.com,2025,July,Wednesday,Q3,419
Brianna,Reilly,brianna.reilly@yahoo.com,7654273543,Lake Ashleyview,Burkina Faso,Female,2024-02-27,Brianna Reilly,yahoo.com,2024,February,Tuesday,Q1,924
Sarah,Ellis,sarah.ellis@gmail.com,19535492929,Hoodview,American Samoa,Female,2025-07-04,Sarah Ellis,gmail.com,2025,July,Friday,Q3,431
Noah,Wright,noah.wright@yahoo.com,8939929060,South Tylerland,Moldova,Male,2023-09-27,Noah Wright,yahoo.com,2023,September,Wednesday,Q3,1077
Michael,Russell,michael.russell@gmail.com,9542310742,Fordberg,Tunisia,Male,2026-09-04,Michael Russell,gmail.com,2026,September,Friday,Q3,4
Jared,Clarke,jared.clarke@yahoo.com,15703165804,Jillton,Malaysia,Male,2026-07-22,Jared Clarke,yahoo.com,2026,July,Wednesday,Q3,48
Jackson,Williams,jackson.williams@yahoo.com,7795055281,Lake Timothyshire,Tunisia,Male,2026-09-03,Jackson Williams,yahoo.com,2026,September,Thursday,Q3,5
Christine,Mcgee,christine.mcgee@gmail.com,3549864015,Shannonstad,South Georgia and the South Sandwich Islands,Female,2026-07-19,Christine Mcgee,gmail.com,2026,July,Sunday,Q3,51
Tony,Lamb,tony.lamb@gmail.com,4716162411,Lake Earlberg,Tunisia,Male,2024-07-21,Tony Lamb,gmail.com,2024,July,Sunday,Q3,779
Joseph,Burton,joseph.burton@yahoo.com,7828756704,Dianamouth,Libyan Arab Jamahiriya,Male,2026-03-17,Joseph Burton,yahoo.com,2026,March,Tuesday,Q1,175
Mary,Moreno,mary.moreno@hotmail.com,2744924243,Justinburgh,Niger,Female,2024-05-14,Mary Moreno,hotmail.com,2024,May,Tuesday,Q2,847
Michelle,Mitchell,michelle.mitchell@gmail.com,14225310592,Lake Loganstad,Cameroon,Female,2025-04-09,Michelle Mitchell,gmail.com,2025,April,Wednesday,Q2,517
Jerry,Cantrell,jerry.cantrell@hotmail.com,6109672752,Tarashire,Papua New Guinea,Male,2024-04-23,Jerry Cantrell,hotmail.com,2024,April,Tuesday,Q2,868
Rebecca,Chandler,rebecca.chandler@yahoo.com,3177028140,New Danielleshire,Malta,Female,2024-08-18,Rebecca Chandler,yahoo.com,2024,August,Sunday,Q3,751
Richard,Wang,richard.wang@gmail.com,7182718637,Raymondchester,Heard Island and McDonald Islands,Male,2025-04-29,Richard Wang,gmail.com,2025,April,Tuesday,Q2,497
Jake,Mitchell,jake.mitchell@yahoo.com,3784137674,West Thomas,Trinidad and Tobago,Male,2025-12-02,Jake Mitchell,yahoo.com,2025,December,Tuesday,Q4,280
Victoria,Jones,victoria.jones@hotmail.com,18616064628,Williamsport,Syrian Arab Republic,Female,2026-03-05,Victoria Jones,hotmail.com,2026,March,Thursday,Q1,187
Eric,Hansen,eric.hansen@yahoo.com,8004244714,Knoxbury,Antarctica (the territory South of 60 deg S),Male,2024-03-11,Eric Hansen,yahoo.com,2024,March,Monday,Q1,911
Pamela,Snyder,pamela.snyder@gmail.com,12596796471,New Brian,Ghana,Female,2025-08-24,Pamela Snyder,gmail.com,2025,August,Sunday,Q3,380
Shawn,Taylor,shawn.taylor@gmail.com,3455650448,Port Cody,Sao Tome and Principe,Male,2024-05-24,Shawn Taylor,gmail.com,2024,May,Friday,Q2,837
Joshua,Brennan,joshua.brennan@hotmail.com,9458189520,Samanthaburgh,Bosnia and Herzegovina,Male,2024-08-11,Joshua Brennan,hotmail.com,2024,August,Sunday,Q3,758
Brittney,Walker,brittney.walker@gmail.com,13984881671,South Michaelstad,Burundi,Female,2025-07-25,Brittney Walker,gmail.com,2025,July,Friday,Q3,410
Stacy,Harper,stacy.harper@yahoo.com,4405132234,North Roger,Serbia,Female,2024-02-28,Stacy Harper,yahoo.com,2024,February,Wednesday,Q1,923
Angela,Hampton,angela.hampton@yahoo.com,6312089071,West Elizabethville,Slovenia,Female,2024-03-18,Angela Hampton,yahoo.com,2024,March,Monday,Q1,904
Thomas,Harris,thomas.harris@gmail.com,4505124955,North Loritown,Marshall Islands,Male,2024-08-10,Thomas Harris,gmail.com,2024,August,Saturday,Q3,759
Mike,Brandt,mike.brandt@gmail.com,18808138759,New Jeremy,Bouvet Island (Bouvetoya),Male,2025-01-08,Mike Brandt,gmail.com,2025,January,Wednesday,Q1,608
Caleb,Rodriguez,caleb.rodriguez@gmail.com,6549801571,New Richard,Timor-Leste,Male,2025-07-03,Caleb Rodriguez,gmail.com,2025,July,Thursday,Q3,432
Colin,Jones,colin.jones@yahoo.com,13524071678,West Theresamouth,Cook Islands,Male,2026-03-20,Colin Jones,yahoo.com,2026,March,Friday,Q1,172
Sarah,Powell,sarah.powell@gmail.com,4749994657,North Johnfort,Djibouti,Female,2026-05-11,Sarah Powell,gmail.com,2026,May,Monday,Q2,120
Terri,Johnson,terri.johnson@hotmail.com,6173026952,Lake Karenfort,Somalia,Female,2025-08-31,Terri Johnson,hotmail.com,2025,August,Sunday,Q3,373
Christina,Bates,christina.bates@yahoo.com,9489588006,North Gregoryport,Turks and Caicos Islands,Female,2024-05-19,Christina Bates,yahoo.com,2024,May,Sunday,Q2,842
John,Taylor,john.taylor@hotmail.com,2718978897,Troyfurt,Nicaragua,Male,2026-07-24,John Taylor,hotmail.com,2026,July,Friday,Q3,46
Heather,Levine,heather.levine@yahoo.com,7098025590,South Michaelstad,Isle of Man,Female,2025-03-06,Heather Levine,yahoo.com,2025,March,Thursday,Q1,551
Amy,Sanchez,amy.sanchez@gmail.com,19498114152,Adamsfort,Namibia,Female,2023-10-12,Amy Sanchez,gmail.com,2023,October,Thursday,Q4,1062
Victoria,Gray,victoria.gray@yahoo.com,8915713578,Reidland,Tajikistan,Female,2025-12-18,Victoria Gray,yahoo.com,2025,December,Thursday,Q4,264
Cindy,Baker,cindy.baker@yahoo.com,16633919195,Simmonsstad,South Africa,Female,2024-01-05,Cindy Baker,yahoo.com,2024,January,Friday,Q1,977
Matthew,Turner,matthew.turner@yahoo.com,4859366498,Lake Suzanne,Samoa,Male,2025-09-02,Matthew Turner,yahoo.com,2025,September,Tuesday,Q3,371
Derek,Little,derek.little@hotmail.com,17693083572,Port Robert,Swaziland,Male,2024-11-26,Derek Little,hotmail.com,2024,November,Tuesday,Q4,651
Maria,Scott,maria.scott@hotmail.com,9639123034,Hendersonton,Cook Islands,Female,2024-05-12,Maria Scott,hotmail.com,2024,May,Sunday,Q2,849
Dominic,Johnson,dominic.johnson@yahoo.com,13828070015,East Daniel,Saint Pierre and Miquelon,Male,2025-10-24,Dominic Johnson,yahoo.com,2025,October,Friday,Q4,319
Tasha,Boyd,tasha.boyd@hotmail.com,15844713915,East Jasonview,Kazakhstan,Female,2025-06-03,Tasha Boyd,hotmail.com,2025,June,Tuesday,Q2,462
David,Lawrence,david.lawrence@yahoo.com,14517586734,Baldwinport,Angola,Male,2026-06-06,David Lawrence,yahoo.com,2026,June,Saturday,Q2,94
Walter,Obrien,walter.obrien@hotmail.com,18036486451,Christopherbury,French Southern Territories,Male,2024-07-30,Walter Obrien,hotmail.com,2024,July,Tuesday,Q3,770
Shannon,Martin,shannon.martin@yahoo.com,16563041776,Robertside,Saint Pierre and Miquelon,Female,2025-01-27,Shannon Martin,yahoo.com,2025,January,Monday,Q1,589
Jody,Johnson,jody.johnson@gmail.com,15274206345,Sparksmouth,Korea,Female,2025-09-20,Jody Johnson,gmail.com,2025,September,Saturday,Q3,353
Shelley,Anderson,shelley.anderson@gmail.com,12955431652,South Jamesburgh,Australia,Female,2025-05-22,Shelley Anderson,gmail.com,2025,May,Thursday,Q2,474
Lisa,Burke,lisa.burke@gmail.com,9523910867,Lake James,Yemen,Female,2024-10-25,Lisa Burke,gmail.com,2024,October,Friday,Q4,683
Dwayne,Snyder,dwayne.snyder@gmail.com,9395343626,Brandimouth,Belize,Male,2023-09-24,Dwayne Snyder,gmail.com,2023,September,Sunday,Q3,1080
Julie,Savage,julie.savage@hotmail.com,9367694118,North Jonfurt,Gabon,Female,2025-05-13,Julie Savage,hotmail.com,2025,May,Tuesday,Q2,483
Michael,Anderson,michael.anderson1@gmail.com,13247287572,Thomasville,Germany,Male,2023-11-15,Michael Anderson,gmail.com,2023,November,Wednesday,Q4,1028
Veronica,Porter,veronica.porter@yahoo.com,14569449485,East Edgarbury,Cocos (Keeling) Islands,Female,2023-11-02,Veronica Porter,yahoo.com,2023,November,Thursday,Q4,1041
John,Martin,john.martin@yahoo.com,3175075877,Henryburgh,San Marino,Male,2025-11-06,John Martin,yahoo.com,2025,November,Thursday,Q4,306
Samantha,Elliott,samantha.elliott@hotmail.com,15399089261,West Anthonyville,India,Female,2025-04-10,Samantha Elliott,hotmail.com,2025,April,Thursday,Q2,516
Kevin,Bean,kevin.bean@yahoo.com,7012777490,Nguyenshire,Bulgaria,Male,2024-08-01,Kevin Bean,yahoo.com,2024,August,Thursday,Q3,768
Scott,Solis,scott.solis@yahoo.com,5014896164,Chanport,Oman,Male,2026-06-20,Scott Solis,yahoo.com,2026,June,Saturday,Q2,80
Brittany,Evans,brittany.evans@yahoo.com,16498251583,Port Robertostad,Nicaragua,Female,2024-06-23,Brittany Evans,yahoo.com,2024,June,Sunday,Q2,807
Jessica,Simmons,jessica.simmons@gmail.com,6574327881,Lake Rebecca,Tajikistan,Female,2024-09-28,Jessica Simmons,gmail.com,2024,September,Saturday,Q3,710
Joseph,Phillips,joseph.phillips@gmail.com,19106818661,Jonathanland,Seychelles,Male,2025-10-29,Joseph Phillips,gmail.com,2025,October,Wednesday,Q4,314
Alexis,Yang,alexis.yang@yahoo.com,9269016459,Matthewburgh,Croatia,Female,2024-06-21,Alexis Yang,yahoo.com,2024,June,Friday,Q2,809
Angela,Hendrix,angela.hendrix@yahoo.com,19166800610,Hannahfurt,Spain,Female,2024-12-21,Angela Hendrix,yahoo.com,2024,December,Saturday,Q4,626
Brandon,Taylor,brandon.taylor@gmail.com,5033037236,Kaylaberg,Lebanon,Male,2025-06-24,Brandon Taylor,gmail.com,2025,June,Tuesday,Q2,441
Alison,Martin,alison.martin@gmail.com,17772707933,Lake Melaniechester,Israel,Female,2025-10-17,Alison Martin,gmail.com,2025,October,Friday,Q4,326
Nancy,Larson,nancy.larson@hotmail.com,8077678997,West Patriciachester,Tuvalu,Female,2025-09-12,Nancy Larson,hotmail.com,2025,September,Friday,Q3,361
Audrey,Dean,audrey.dean@hotmail.com,5767024375,Andersonport,Saint Kitts and Nevis,Female,2025-05-06,Audrey Dean,hotmail.com,2025,May,Tuesday,Q2,490
Toni,Whitaker,toni.whitaker@hotmail.com,19573293417,Hahnfort,Gabon,Female,2024-09-06,Toni Whitaker,hotmail.com,2024,September,Friday,Q3,732
Christine,Williams,christine.williams@gmail.com,5453228015,South Jonathan,Guam,Female,2025-03-12,Christine Williams,gmail.com,2025,March,Wednesday,Q1,545
Patricia,Carrillo,patricia.carrillo@hotmail.com,3282910771,East Crystalborough,United States Minor Outlying Islands,Female,2025-03-22,Patricia Carrillo,hotmail.com,2025,March,Saturday,Q1,535
Christopher,Carter,christopher.carter@yahoo.com,19877125521,Williamland,Ethiopia,Male,2025-04-08,Christopher Carter,yahoo.com,2025,April,Tuesday,Q2,518
Mike,Perry,mike.perry@hotmail.com,19324863266,Lake Lindaland,Belize,Male,2025-02-14,Mike Perry,hotmail.com,2025,February,Friday,Q1,571
Emily,Holden,emily.holden@gmail.com,7062029084,Rachelberg,Reunion,Female,2025-05-27,Emily Holden,gmail.com,2025,May,Tuesday,Q2,469
Jill,Harris,jill.harris@hotmail.com,14976563410,North William,Georgia,Female,2025-11-25,Jill Harris,hotmail.com,2025,November,Tuesday,Q4,287
Glen,Reid,glen.reid@gmail.com,2897434681,Courtneystad,British Virgin Islands,Male,2023-11-21,Glen Reid,gmail.com,2023,November,Tuesday,Q4,1022
Nicole,Pugh,nicole.pugh@yahoo.com,6904753998,Stonebury,Bosnia and Herzegovina,Female,2025-01-29,Nicole Pugh,yahoo.com,2025,January,Wednesday,Q1,587
Kelli,Lee,kelli.lee@yahoo.com,9123661106,Ericafurt,Namibia,Female,2026-01-23,Kelli Lee,yahoo.com,2026,January,Friday,Q1,228
Joseph,Foster,joseph.foster@yahoo.com,14769776228,Andersonhaven,Tokelau,Male,2025-12-07,Joseph Foster,yahoo.com,2025,December,Sunday,Q4,275
Bailey,Lewis,bailey.lewis@yahoo.com,7286519611,New Ericstad,Gambia,Female,2025-04-11,Bailey Lewis,yahoo.com,2025,April,Friday,Q2,515
Elizabeth,Tucker,elizabeth.tucker@gmail.com,2963044327,Carloston,Israel,Female,2025-09-24,Elizabeth Tucker,gmail.com,2025,September,Wednesday,Q3,349
Kenneth,Knight,kenneth.knight@yahoo.com,8798228777,South Matthew,Aruba,Male,2026-07-15,Kenneth Knight,yahoo.com,2026,July,Wednesday,Q3,55
Stacy,Fitzgerald,stacy.fitzgerald@hotmail.com,5202948181,Port Thomas,Ukraine,Female,2023-10-06,Stacy Fitzgerald,hotmail.com,2023,October,Friday,Q4,1068
Barbara,Mayer,barbara.mayer@gmail.com,7438397189,South Michelletown,Guam,Female,2025-07-17,Barbara Mayer,gmail.com,2025,July,Thursday,Q3,418
Catherine,Johnson,catherine.johnson@hotmail.com,6648111824,North Christina,Greece,Female,2024-06-15,Catherine Johnson,hotmail.com,2024,June,Saturday,Q2,815
Alyssa,Brown,alyssa.brown@yahoo.com,5525654610,South William,Madagascar,Female,2025-04-28,Alyssa Brown,yahoo.com,2025,April,Monday,Q2,498
Tiffany,Adams,tiffany.adams@yahoo.com,3865170630,West Ashley,Kiribati,Female,2024-01-16,Tiffany Adams,yahoo.com,2024,January,Tuesday,Q1,966
Ryan,Mason,ryan.mason@gmail.com,6824386870,North Sarahfort,Faroe Islands,Male,2026-03-24,Ryan Mason,gmail.com,2026,March,Tuesday,Q1,168
Danielle,Frazier,danielle.frazier@yahoo.com,13394840289,Natalieborough,New Zealand,Female,2025-10-31,Danielle Frazier,yahoo.com,2025,October,Friday,Q4,312
Tyler,Flores,tyler.flores@hotmail.com,9472435537,Lake Glennside,Ukraine,Male,2026-08-24,Tyler Flores,hotmail.com,2026,August,Monday,Q3,15
Michael,Farmer,michael.farmer@hotmail.com,7188071569,Port Katrina,Qatar,Male,2023-09-21,Michael Farmer,hotmail.com,2023,September,Thursday,Q3,1083
Belinda,Wood,belinda.wood@gmail.com,9037045319,West Trevorborough,Albania,Female,2024-07-08,Belinda Wood,gmail.com,2024,July,Monday,Q3,792
Victoria,Little,victoria.little@gmail.com,4983728399,West Sarah,Togo,Female,2024-08-27,Victoria Little,gmail.com,2024,August,Tuesday,Q3,742
Stanley,Daniel,stanley.daniel@yahoo.com,2087948706,Richardchester,Falkland Islands (Malvinas),Male,2024-03-15,Stanley Daniel,yahoo.com,2024,March,Friday,Q1,907
Michael,Owens,michael.owens@yahoo.com,2035046875,Rosariobury,Congo,Male,2024-05-20,Michael Owens,yahoo.com,2024,May,Monday,Q2,841
Erin,Brown,erin.brown@hotmail.com,3079609543,West Marissa,Swaziland,Female,2025-02-07,Erin Brown,hotmail.com,2025,February,Friday,Q1,578
Joseph,Young,joseph.young@gmail.com,14992717911,Brownchester,Bahrain,Male,2024-02-13,Joseph Young,gmail.com,2024,February,Tuesday,Q1,938
Michael,Hansen,michael.hansen@yahoo.com,3617963990,South Zacharyshire,Congo,Male,2024-02-22,Michael Hansen,yahoo.com,2024,February,Thursday,Q1,929
Brian,Larson,brian.larson@gmail.com,19394284567,East Laura,Bahamas,Male,2024-03-24,Brian Larson,gmail.com,2024,March,Sunday,Q1,898
Eric,Graham,eric.graham@hotmail.com,14542982274,New Lori,Monaco,Male,2023-12-01,Eric Graham,hotmail.com,2023,December,Friday,Q4,1012
Javier,Gonzalez,javier.gonzalez@gmail.com,16318537795,Francismouth,Turkey,Male,2023-11-12,Javier Gonzalez,gmail.com,2023,November,Sunday,Q4,1031
Jon,Mora,jon.mora@hotmail.com,5378933756,Port Veronica,Guyana,Male,2023-09-23,Jon Mora,hotmail.com,2023,September,Saturday,Q3,1081
Angela,Johnson,angela.johnson@gmail.com,5476395003,East Nicole,Saint Helena,Female,2024-06-04,Angela Johnson,gmail.com,2024,June,Tuesday,Q2,826
Gerald,Spencer,gerald.spencer@gmail.com,7025410261,Stephenstad,Sudan,Male,2025-04-08,Gerald Spencer,gmail.com,2025,April,Tuesday,Q2,518
Mary,Pugh,mary.pugh@hotmail.com,2115223386,Kristinemouth,Egypt,Female,2023-11-29,Mary Pugh,hotmail.com,2023,November,Wednesday,Q4,1014
Lori,Ramirez,lori.ramirez@gmail.com,9974317912,Jenniferhaven,Puerto Rico,Female,2025-09-27,Lori Ramirez,gmail.com,2025,September,Saturday,Q3,346
Mike,Simpson,mike.simpson@yahoo.com,18695033373,Ronaldfurt,Montserrat,Male,2024-05-09,Mike Simpson,yahoo.com,2024,May,Thursday,Q2,852
Taylor,Brooks,taylor.brooks@hotmail.com,2219478539,Ronaldmouth,Jersey,Female,2025-06-04,Taylor Brooks,hotmail.com,2025,June,Wednesday,Q2,461
Holly,Jimenez,holly.jimenez@yahoo.com,3026734151,North David,Guyana,Female,2023-11-06,Holly Jimenez,yahoo.com,2023,November,Monday,Q4,1037
Kimberly,Cook,kimberly.cook@hotmail.com,8442439284,Valdezberg,Tonga,Female,2025-05-17,Kimberly Cook,hotmail.com,2025,May,Saturday,Q2,479
Darren,Cummings,darren.cummings@gmail.com,5389987751,Farrelltown,Holy See (Vatican City State),Male,2024-04-10,Darren Cummings,gmail.com,2024,April,Wednesday,Q2,881
Kenneth,Anderson,kenneth.anderson@hotmail.com,6757536668,New Kristenberg,Cape Verde,Male,2025-02-02,Kenneth Anderson,hotmail.com,2025,February,Sunday,Q1,583
Keith,Lloyd,keith.lloyd@hotmail.com,19663361863,Ashleymouth,Northern Mariana Islands,Male,2024-12-24,Keith Lloyd,hotmail.com,2024,December,Tuesday,Q4,623
Brandon,Garcia,brandon.garcia@hotmail.com,6095702316,West Donna,Bangladesh,Male,2025-08-14,Brandon Garcia,hotmail.com,2025,August,Thursday,Q3,390
Amy,Stone,amy.stone@gmail.com,6668212867,Mooreshire,Wallis and Futuna,Female,2025-01-02,Amy Stone,gmail.com,2025,January,Thursday,Q1,614
Kevin,Shaw,kevin.shaw@hotmail.com,9439027169,Johnstonland,France,Male,2026-06-07,Kevin Shaw,hotmail.com,2026,June,Sunday,Q2,93
Stanley,Bryant,stanley.bryant@hotmail.com,14463926329,Haleton,Dominican Republic,Male,2024-05-10,Stanley Bryant,hotmail.com,2024,May,Friday,Q2,851
Denise,Fuller,denise.fuller@yahoo.com,14136768151,New Bradley,Anguilla,Female,2023-12-30,Denise Fuller,yahoo.com,2023,December,Saturday,Q4,983
Mark,Lowe,mark.lowe@yahoo.com,9563360041,New Dianemouth,Burundi,Male,2025-09-08,Mark Lowe,yahoo.com,2025,September,Monday,Q3,365
Robert,Skinner,robert.skinner@gmail.com,3912241862,Ericstad,Christmas Island,Male,2024-08-09,Robert Skinner,gmail.com,2024,August,Friday,Q3,760
Miguel,Stafford,miguel.stafford@hotmail.com,2702816470,Wangbury,Holy See (Vatican City State),Male,2024-09-12,Miguel Stafford,hotmail.com,2024,September,Thursday,Q3,726
Christina,Smith,christina.smith@gmail.com,8533131220,Marcusborough,Nigeria,Female,2024-07-25,Christina Smith,gmail.com,2024,July,Thursday,Q3,775
Timothy,Foster,timothy.foster@yahoo.com,7332155206,Lewisbury,Bahrain,Male,2026-06-26,Timothy Foster,yahoo.com,2026,June,Friday,Q2,74
Robin,Santos,robin.santos@yahoo.com,4136649718,New Markfurt,Philippines,Female,2026-08-20,Robin Santos,yahoo.com,2026,August,Thursday,Q3,19
Brandi,Thompson,brandi.thompson@hotmail.com,5712509976,West Joelchester,Saudi Arabia,Female,2024-09-20,Brandi Thompson,hotmail.com,2024,September,Friday,Q3,718
Lisa,Brown,lisa.brown@yahoo.com,7432263039,Wongport,Sao Tome and Principe,Female,2023-10-14,Lisa Brown,yahoo.com,2023,October,Saturday,Q4,1060
Crystal,Quinn,crystal.quinn@yahoo.com,7384033968,Sotoland,Trinidad and Tobago,Female,2025-10-10,Crystal Quinn,yahoo.com,2025,October,Friday,Q4,333
Andrea,Lee,andrea.lee@hotmail.com,3328129833,Collinsborough,Ecuador,Female,2025-06-27,Andrea Lee,hotmail.com,2025,June,Friday,Q2,438
Christopher,Wright,christopher.wright@yahoo.com,14739471566,Hendersonchester,Senegal,Male,2024-05-07,Christopher Wright,yahoo.com,2024,May,Tuesday,Q2,854
Sally,Leon,sally.leon@gmail.com,19666149828,Hartfort,Barbados,Female,2025-02-06,Sally Leon,gmail.com,2025,February,Thursday,Q1,579
Breanna,Harrison,breanna.harrison@gmail.com,7008857666,Parkershire,Barbados,Female,2025-06-04,Breanna Harrison,gmail.com,2025,June,Wednesday,Q2,461
Stacey,Riddle,stacey.riddle@gmail.com,5925364587,Johnsonstad,Norfolk Island,Female,2026-07-24,Stacey Riddle,gmail.com,2026,July,Friday,Q3,46
Alfred,Wade,alfred.wade@gmail.com,8978243992,New Reneechester,Chad,Male,2025-07-02,Alfred Wade,gmail.com,2025,July,Wednesday,Q3,433
Dawn,Turner,dawn.turner@hotmail.com,12694461195,Smithland,Singapore,Female,2026-08-24,Dawn Turner,hotmail.com,2026,August,Monday,Q3,15
Jennifer,Butler,jennifer.butler@yahoo.com,15624252237,North Karen,Sudan,Female,2024-07-02,Jennifer Butler,yahoo.com,2024,July,Tuesday,Q3,798
David,Barrera,david.barrera@yahoo.com,2915214161,Washingtonville,Algeria,Male,2023-12-11,David Barrera,yahoo.com,2023,December,Monday,Q4,1002
Deborah,Moses,deborah.moses@hotmail.com,16019380698,Shermanchester,Guadeloupe,Female,2025-04-05,Deborah Moses,hotmail.com,2025,April,Saturday,Q2,521
Melanie,Cooper,melanie.cooper@yahoo.com,2569690551,Hardyberg,Anguilla,Female,2026-03-31,Melanie Cooper,yahoo.com,2026,March,Tuesday,Q1,161
Bryce,Schmidt,bryce.schmidt@hotmail.com,17359797863,New Todd,Saint Vincent and the Grenadines,Male,2026-04-16,Bryce Schmidt,hotmail.com,2026,April,Thursday,Q2,145
Rebecca,Bailey,rebecca.bailey@yahoo.com,16169493289,South Stephanie,Liberia,Female,2026-07-03,Rebecca Bailey,yahoo.com,2026,July,Friday,Q3,67
Joshua,Sanchez,joshua.sanchez@gmail.com,19113602564,Monicashire,Seychelles,Male,2026-03-29,Joshua Sanchez,gmail.com,2026,March,Sunday,Q1,163
Amy,Cooper,amy.cooper@hotmail.com,15683633414,Davidmouth,Zimbabwe,Female,2025-04-20,Amy Cooper,hotmail.com,2025,April,Sunday,Q2,506
Laura,Smith,laura.smith@gmail.com,15833665528,Smithmouth,Germany,Female,2024-04-19,Laura Smith,gmail.com,2024,April,Friday,Q2,872
Rose,Phillips,rose.phillips@gmail.com,9725942095,Carterfurt,Bahamas,Female,2025-02-06,Rose Phillips,gmail.com,2025,February,Thursday,Q1,579
Christian,Moran,christian.moran@hotmail.com,8027764208,Gregorystad,Saudi Arabia,Male,2025-05-07,Christian Moran,hotmail.com,2025,May,Wednesday,Q2,489
James,Rose,james.rose@yahoo.com,4389612590,Carterberg,Cote d'Ivoire,Male,2024-08-11,James Rose,yahoo.com,2024,August,Sunday,Q3,758
Robert,Gonzalez,robert.gonzalez@hotmail.com,3597126620,Whiteton,British Indian Ocean Territory (Chagos Archipelago),Male,2025-11-16,Robert Gonzalez,hotmail.com,2025,November,Sunday,Q4,296
Matthew,Watkins,matthew.watkins@gmail.com,19638013674,Cynthiamouth,Heard Island and McDonald Islands,Male,2023-09-26,Matthew Watkins,gmail.com,2023,September,Tuesday,Q3,1078
Barbara,Miller,barbara.miller@yahoo.com,19838099974,Ashleyville,Greece,Female,2023-12-15,Barbara Miller,yahoo.com,2023,December,Friday,Q4,998
Miguel,Atkins,miguel.atkins@hotmail.com,3605688871,East Michelleburgh,Albania,Male,2026-01-16,Miguel Atkins,hotmail.com,2026,January,Friday,Q1,235
Jeremy,Edwards,jeremy.edwards@gmail.com,3936218401,Tammyburgh,Jamaica,Male,2026-06-26,Jeremy Edwards,gmail.com,2026,June,Friday,Q2,74
Aaron,Turner,aaron.turner@hotmail.com,3872297585,North Jacob,French Southern Territories,Male,2024-08-07,Aaron Turner,hotmail.com,2024,August,Wednesday,Q3,762
Tina,Guzman,tina.guzman@gmail.com,16548296184,South Stephen,Western Sahara,Female,2024-10-06,Tina Guzman,gmail.com,2024,October,Sunday,Q4,702
Megan,Bentley,megan.bentley@gmail.com,14318435989,West Victoria,Jordan,Female,2025-04-18,Megan Bentley,gmail.com,2025,April,Friday,Q2,508
Allison,Munoz,allison.munoz@gmail.com,4185186151,Alejandrofurt,Cyprus,Female,2025-04-18,Allison Munoz,gmail.com,2025,April,Friday,Q2,508
Tiffany,Patton,tiffany.patton@gmail.com,6846971859,North Georgefurt,Cocos (Keeling) Islands,Female,2025-02-25,Tiffany Patton,gmail.com,2025,February,Tuesday,Q1,560
Renee,Byrd,renee.byrd@hotmail.com,14964792408,South Ashley,Ethiopia,Female,2023-11-29,Renee Byrd,hotmail.com,2023,November,Wednesday,Q4,1014
Thomas,Fowler,thomas.fowler@yahoo.com,18395672757,Cynthialand,Yemen,Male,2024-12-25,Thomas Fowler,yahoo.com,2024,December,Wednesday,Q4,622
Jason,Edwards,jason.edwards@gmail.com,18114312901,Jimenezside,Qatar,Male,2024-03-19,Jason Edwards,gmail.com,2024,March,Tuesday,Q1,903
Jennifer,Jensen,jennifer.jensen@hotmail.com,9684538909,East Charles,Taiwan,Female,2024-04-02,Jennifer Jensen,hotmail.com,2024,April,Tuesday,Q2,889
Kayla,Farley,kayla.farley@yahoo.com,6625515381,Lake Crystalfurt,Cuba,Female,2024-12-24,Kayla Farley,yahoo.com,2024,December,Tuesday,Q4,623
Timothy,Haley,timothy.haley@hotmail.com,7796705097,Danielstad,Tuvalu,Male,2024-06-23,Timothy Haley,hotmail.com,2024,June,Sunday,Q2,807
Jennifer,Smith,jennifer.smith@yahoo.com,9318882617,Kevinchester,Uganda,Female,2024-06-17,Jennifer Smith,yahoo.com,2024,June,Monday,Q2,813
Kimberly,Adams,kimberly.adams@yahoo.com,18728256053,Rachelburgh,Papua New Guinea,Female,2024-07-13,Kimberly Adams,yahoo.com,2024,July,Saturday,Q3,787
Travis,Moyer,travis.moyer@yahoo.com,8674872568,North Lauraberg,Cape Verde,Male,2025-02-23,Travis Moyer,yahoo.com,2025,February,Sunday,Q1,562
Kathryn,Saunders,kathryn.saunders@gmail.com,9563906744,Wrightberg,Saint Lucia,Female,2025-11-10,Kathryn Saunders,gmail.com,2025,November,Monday,Q4,302
Chelsea,Campbell,chelsea.campbell@gmail.com,5363371892,South Benjamin,Congo,Female,2024-04-22,Chelsea Campbell,gmail.com,2024,April,Monday,Q2,869
Jessica,Jensen,jessica.jensen@gmail.com,9662843356,Schneiderport,Bouvet Island (Bouvetoya),Female,2024-10-30,Jessica Jensen,gmail.com,2024,October,Wednesday,Q4,678
Heidi,Hahn,heidi.hahn@hotmail.com,3358020005,West Stacy,Haiti,Female,2025-02-08,Heidi Hahn,hotmail.com,2025,February,Saturday,Q1,577
Eric,Davis,eric.davis@gmail.com,18823555989,East Crystalville,Armenia,Male,2026-03-07,Eric Davis,gmail.com,2026,March,Saturday,Q1,185
Tracy,Henson,tracy.henson@gmail.com,5714189547,East Jamesside,Rwanda,Female,2024-10-04,Tracy Henson,gmail.com,2024,October,Friday,Q4,704
Steven,Malone,steven.malone@hotmail.com,6574161768,Brandonshire,Bahamas,Male,2026-08-20,Steven Malone,hotmail.com,2026,August,Thursday,Q3,19
Cheryl,Olsen,cheryl.olsen@yahoo.com,14882127868,New Jeffery,Qatar,Female,2023-09-21,Cheryl Olsen,yahoo.com,2023,September,Thursday,Q3,1083
Sherry,Gibbs,sherry.gibbs@yahoo.com,6842434481,West Sara,Faroe Islands,Female,2023-11-27,Sherry Gibbs,yahoo.com,2023,November,Monday,Q4,1016
Maria,Wright,maria.wright@gmail.com,16104595518,Villanuevaport,Greece,Female,2023-12-05,Maria Wright,gmail.com,2023,December,Tuesday,Q4,1008
Mark,Smith,mark.smith@yahoo.com,6425408916,Walkerview,Costa Rica,Male,2026-02-27,Mark Smith,yahoo.com,2026,February,Friday,Q1,193
Lori,Garrison,lori.garrison@yahoo.com,4739652717,Port Michelle,Comoros,Female,2026-02-08,Lori Garrison,yahoo.com,2026,February,Sunday,Q1,212
Katherine,Blair,katherine.blair@hotmail.com,9048226931,Lake Alisontown,Netherlands,Female,2024-02-09,Katherine Blair,hotmail.com,2024,February,Friday,Q1,942
Jamie,Smith,jamie.smith@gmail.com,15024314290,Malonemouth,Suriname,Female,2024-05-18,Jamie Smith,gmail.com,2024,May,Saturday,Q2,843
Eric,Mendoza,eric.mendoza@gmail.com,6843810018,Thomasbury,Anguilla,Male,2024-08-25,Eric Mendoza,gmail.com,2024,August,Sunday,Q3,744
Jessica,Hernandez,jessica.hernandez@hotmail.com,7363172131,Sandraland,Ukraine,Female,2023-11-14,Jessica Hernandez,hotmail.com,2023,November,Tuesday,Q4,1029
Larry,Thompson,larry.thompson@hotmail.com,3922624945,Port Diana,Ghana,Male,2024-04-24,Larry Thompson,hotmail.com,2024,April,Wednesday,Q2,867
James,Griffith,james.griffith@yahoo.com,4198642152,Luischester,Liberia,Male,2026-08-20,James Griffith,yahoo.com,2026,August,Thursday,Q3,19
Valerie,Guzman,valerie.guzman@hotmail.com,3238668788,Lake Christopher,Guyana,Female,2023-09-12,Valerie Guzman,hotmail.com,2023,September,Tuesday,Q3,1092
Dalton,Jefferson,dalton.jefferson@yahoo.com,19724105524,Sanchezbury,Azerbaijan,Male,2024-04-09,Dalton Jefferson,yahoo.com,2024,April,Tuesday,Q2,882
Bruce,Dominguez,bruce.dominguez@gmail.com,7064501917,East Chrisshire,Switzerland,Male,2025-06-16,Bruce Dominguez,gmail.com,2025,June,Monday,Q2,449
Brittany,White,brittany.white@hotmail.com,3844765704,Lake Antonioburgh,Macao,Female,2024-05-14,Brittany White,hotmail.com,2024,May,Tuesday,Q2,847
Adam,Wall,adam.wall@hotmail.com,8844984362,South Christine,Cyprus,Male,2025-05-09,Adam Wall,hotmail.com,2025,May,Friday,Q2,487
Catherine,Reese,catherine.reese@hotmail.com,16173756620,North Michaelmouth,Antarctica (the territory South of 60 deg S),Female,2024-09-14,Catherine Reese,hotmail.com,2024,September,Saturday,Q3,724
Douglas,Weaver,douglas.weaver@gmail.com,6903438303,New Valeriefort,Aruba,Male,2023-11-21,Douglas Weaver,gmail.com,2023,November,Tuesday,Q4,1022
Ernest,Harding,ernest.harding@gmail.com,3464835652,New Laurafort,Namibia,Male,2023-11-05,Ernest Harding,gmail.com,2023,November,Sunday,Q4,1038
Donna,Hernandez,donna.hernandez@yahoo.com,7139322889,West Kelly,Nigeria,Female,2025-07-08,Donna Hernandez,yahoo.com,2025,July,Tuesday,Q3,427
Amanda,Marquez,amanda.marquez@hotmail.com,3339991297,South Leeport,Central African Republic,Female,2023-12-22,Amanda Marquez,hotmail.com,2023,December,Friday,Q4,991
Diana,Cox,diana.cox@gmail.com,9272474721,Michelefurt,Ireland,Female,2026-04-27,Diana Cox,gmail.com,2026,April,Monday,Q2,134
Thomas,Anderson,thomas.anderson@yahoo.com,2954516874,West Nicholasshire,Iran,Male,2023-12-30,Thomas Anderson,yahoo.com,2023,December,Saturday,Q4,983
Courtney,Sawyer,courtney.sawyer@hotmail.com,3578787112,Gonzalezmouth,Bahrain,Female,2025-01-12,Courtney Sawyer,hotmail.com,2025,January,Sunday,Q1,604
Grace,Munoz,grace.munoz@gmail.com,12718470827,Port Michaelchester,Lebanon,Female,2024-08-04,Grace Munoz,gmail.com,2024,August,Sunday,Q3,765
Amy,Parrish,amy.parrish@hotmail.com,5446212146,Port Brian,Ukraine,Female,2025-07-04,Amy Parrish,hotmail.com,2025,July,Friday,Q3,431
Gloria,Mullins,gloria.mullins@gmail.com,8562778265,North Jennifer,Mozambique,Female,2026-04-22,Gloria Mullins,gmail.com,2026,April,Wednesday,Q2,139
Brianna,Beck,brianna.beck@hotmail.com,19504272751,Fowlershire,Bhutan,Female,2023-11-03,Brianna Beck,hotmail.com,2023,November,Friday,Q4,1040
Colleen,Werner,colleen.werner@yahoo.com,17822963533,Peggyhaven,Svalbard & Jan Mayen Islands,Female,2024-03-19,Colleen Werner,yahoo.com,2024,March,Tuesday,Q1,903
Melissa,Banks,melissa.banks@yahoo.com,4658586851,Mitchellchester,North Macedonia,Female,2024-11-21,Melissa Banks,yahoo.com,2024,November,Thursday,Q4,656
Michael,Pace,michael.pace@gmail.com,3119096179,Lake Kellychester,Croatia,Male,2024-08-19,Michael Pace,gmail.com,2024,August,Monday,Q3,750
Paula,Arnold,paula.arnold@gmail.com,5716576605,Nicholeview,Gambia,Female,2025-06-13,Paula Arnold,gmail.com,2025,June,Friday,Q2,452
Michael,Smith,michael.smith@yahoo.com,4008258955,New Teresa,Congo,Male,2026-04-22,Michael Smith,yahoo.com,2026,April,Wednesday,Q2,139
Matthew,Poole,matthew.poole@hotmail.com,8266265826,West James,Bermuda,Male,2023-10-17,Matthew Poole,hotmail.com,2023,October,Tuesday,Q4,1057
Jessica,Fuller,jessica.fuller@hotmail.com,9097819602,East Denise,Cyprus,Female,2024-12-12,Jessica Fuller,hotmail.com,2024,December,Thursday,Q4,635
Cory,Pittman,cory.pittman@hotmail.com,13644041209,Joseburgh,Bermuda,Male,2024-01-06,Cory Pittman,hotmail.com,2024,January,Saturday,Q1,976
Johnny,Ward,johnny.ward@gmail.com,4174061713,Alejandroburgh,Palestinian Territory,Male,2026-02-05,Johnny Ward,gmail.com,2026,February,Thursday,Q1,215
Mark,Bond,mark.bond@gmail.com,2574998028,Port Michael,United Arab Emirates,Male,2024-08-10,Mark Bond,gmail.com,2024,August,Saturday,Q3,759
Allen,Taylor,allen.taylor@gmail.com,18245473158,Geraldview,India,Male,2024-02-14,Allen Taylor,gmail.com,2024,February,Wednesday,Q1,937
Kevin,Miranda,kevin.miranda@yahoo.com,3378676945,Gonzalezstad,Holy See (Vatican City State),Male,2026-05-17,Kevin Miranda,yahoo.com,2026,May,Sunday,Q2,114
Robert,Cole,robert.cole@gmail.com,4497649856,North Jason,Holy See (Vatican City State),Male,2025-04-07,Robert Cole,gmail.com,2025,April,Monday,Q2,519
Charles,Edwards,charles.edwards@gmail.com,5053379538,Jenniferland,Montserrat,Male,2026-06-07,Charles Edwards,gmail.com,2026,June,Sunday,Q2,93
Javier,Avila,javier.avila@yahoo.com,7338077046,New Andrew,Andorra,Male,2026-06-03,Javier Avila,yahoo.com,2026,June,Wednesday,Q2,97
Richard,Johnston,richard.johnston@gmail.com,3428608805,Joshuastad,Iran,Male,2024-01-09,Richard Johnston,gmail.com,2024,January,Tuesday,Q1,973
Justin,Edwards,justin.edwards@hotmail.com,2645771591,Port Alexville,Gibraltar,Male,2026-08-11,Justin Edwards,hotmail.com,2026,August,Tuesday,Q3,28
Misty,Perez,misty.perez@gmail.com,6583004010,Markfurt,Faroe Islands,Female,2026-08-28,Misty Perez,gmail.com,2026,August,Friday,Q3,11
Christopher,Taylor,christopher.taylor@yahoo.com,5259296718,Braymouth,Sierra Leone,Male,2025-09-26,Christopher Taylor,yahoo.com,2025,September,Friday,Q3,347
Darius,Baker,darius.baker@yahoo.com,15159833117,Lopezville,Guam,Male,2024-07-28,Darius Baker,yahoo.com,2024,July,Sunday,Q3,772
Robin,Gill,robin.gill@hotmail.com,8475281235,West Rodneyport,Zambia,Female,2026-02-20,Robin Gill,hotmail.com,2026,February,Friday,Q1,200
Mariah,Thomas,mariah.thomas@gmail.com,13133072407,Ryanberg,Indonesia,Female,2025-10-27,Mariah Thomas,gmail.com,2025,October,Monday,Q4,316
Jessica,Cook,jessica.cook@yahoo.com,6519066343,Rodriguezton,Oman,Female,2024-09-28,Jessica Cook,yahoo.com,2024,September,Saturday,Q3,710
Tyler,Robinson,tyler.robinson@gmail.com,8948318143,Garciaview,Lithuania,Male,2024-07-23,Tyler Robinson,gmail.com,2024,July,Tuesday,Q3,777
Christopher,Harris,christopher.harris@hotmail.com,3944012897,West Rachel,Cambodia,Male,2023-09-27,Christopher Harris,hotmail.com,2023,September,Wednesday,Q3,1077
Maxwell,Patterson,maxwell.patterson@gmail.com,2419209579,South Daniel,Svalbard & Jan Mayen Islands,Male,2023-10-05,Maxwell Patterson,gmail.com,2023,October,Thursday,Q4,1069
Latoya,Mooney,latoya.mooney@gmail.com,6827211457,Smithstad,Gabon,Female,2025-02-07,Latoya Mooney,gmail.com,2025,February,Friday,Q1,578
Steven,Hampton,steven.hampton1@yahoo.com,9482026325,New Joyce,Jersey,Male,2025-03-19,Steven Hampton,yahoo.com,2025,March,Wednesday,Q1,538
Daniel,Davis,daniel.davis@yahoo.com,16146878245,North Bethany,Reunion,Male,2025-02-22,Daniel Davis,yahoo.com,2025,February,Saturday,Q1,563
Sandra,Martinez,sandra.martinez@yahoo.com,16544107272,Tommyland,South Georgia and the South Sandwich Islands,Female,2024-12-08,Sandra Martinez,yahoo.com,2024,December,Sunday,Q4,639
Alexis,Williams,alexis.williams@yahoo.com,12106740650,West Natasha,Solomon Islands,Female,2025-10-26,Alexis Williams,yahoo.com,2025,October,Sunday,Q4,317
Mary,Mack,mary.mack@gmail.com,2429369143,Johnfurt,Jamaica,Female,2025-05-20,Mary Mack,gmail.com,2025,May,Tuesday,Q2,476
Walter,Garcia,walter.garcia@yahoo.com,5946296592,Christophershire,Vanuatu,Male,2026-05-11,Walter Garcia,yahoo.com,2026,May,Monday,Q2,120
Joel,White,joel.white@yahoo.com,8289758575,Alimouth,Antarctica (the territory South of 60 deg S),Male,2026-01-23,Joel White,yahoo.com,2026,January,Friday,Q1,228
Alexander,Wang,alexander.wang@gmail.com,18294439852,Santiagomouth,Sri Lanka,Male,2025-11-20,Alexander Wang,gmail.com,2025,November,Thursday,Q4,292
Joe,Brown,joe.brown@gmail.com,2155914975,New Joy,Lithuania,Male,2024-04-06,Joe Brown,gmail.com,2024,April,Saturday,Q2,885
Courtney,Lowe,courtney.lowe@gmail.com,3405793110,North Thomas,Syrian Arab Republic,Female,2025-11-01,Courtney Lowe,gmail.com,2025,November,Saturday,Q4,311
Jeremy,Brown,jeremy.brown@gmail.com,2674238497,Port Julie,Dominican Republic,Male,2024-05-30,Jeremy Brown,gmail.com,2024,May,Thursday,Q2,831
Jorge,Lyons,jorge.lyons@gmail.com,8748419754,North Justin,British Indian Ocean Territory (Chagos Archipelago),Male,2026-01-31,Jorge Lyons,gmail.com,2026,January,Saturday,Q1,220
Jean,Carpenter,jean.carpenter@gmail.com,15977052774,Palmerburgh,Palau,Female,2024-04-30,Jean Carpenter,gmail.com,2024,April,Tuesday,Q2,861
Heather,Ball,heather.ball@yahoo.com,6244461767,Briannashire,Guernsey,Female,2026-03-03,Heather Ball,yahoo.com,2026,March,Tuesday,Q1,189
Lisa,Powell,lisa.powell@gmail.com,5233117753,Lake Patricia,Saudi Arabia,Female,2025-06-21,Lisa Powell,gmail.com,2025,June,Saturday,Q2,444
Thomas,Brown,thomas.brown@yahoo.com,3019759025,Andersonshire,Moldova,Male,2024-07-14,Thomas Brown,yahoo.com,2024,July,Sunday,Q3,786
Christina,Henry,christina.henry@hotmail.com,4332268319,Kimshire,Mayotte,Female,2023-12-28,Christina Henry,hotmail.com,2023,December,Thursday,Q4,985
Glen,Fleming,glen.fleming@hotmail.com,13879339785,Garrettland,Montenegro,Male,2024-01-07,Glen Fleming,hotmail.com,2024,January,Sunday,Q1,975
Bethany,Holmes,bethany.holmes@gmail.com,6736098503,Warnerland,Tunisia,Female,2024-05-10,Bethany Holmes,gmail.com,2024,May,Friday,Q2,851
Tracy,Jones,tracy.jones@hotmail.com,3899846908,Deniseton,Guadeloupe,Female,2025-06-23,Tracy Jones,hotmail.com,2025,June,Monday,Q2,442
Dean,Cook,dean.cook@gmail.com,2387503719,South Carlyland,Tuvalu,Male,2026-01-11,Dean Cook,gmail.com,2026,January,Sunday,Q1,240
Karen,Anderson,karen.anderson@hotmail.com,6105783567,North Anthonyborough,Martinique,Female,2026-04-09,Karen Anderson,hotmail.com,2026,April,Thursday,Q2,152
Shannon,Fleming,shannon.fleming@hotmail.com,4873066266,Wilsonstad,Guinea,Female,2024-07-04,Shannon Fleming,hotmail.com,2024,July,Thursday,Q3,796
Grace,Hull,grace.hull@gmail.com,2195036890,North Brianmouth,Cocos (Keeling) Islands,Female,2024-11-19,Grace Hull,gmail.com,2024,November,Tuesday,Q4,658
Andrew,Bailey,andrew.bailey@hotmail.com,6425967111,Thorntonstad,Ukraine,Male,2024-08-15,Andrew Bailey,hotmail.com,2024,August,Thursday,Q3,754
Jill,Turner,jill.turner@yahoo.com,19846384588,East Rhondahaven,Djibouti,Female,2024-12-24,Jill Turner,yahoo.com,2024,December,Tuesday,Q4,623
Patrick,Clark,patrick.clark@yahoo.com,18206377107,North Joshuafurt,Lithuania,Male,2023-10-07,Patrick Clark,yahoo.com,2023,October,Saturday,Q4,1067
Shari,Cruz,shari.cruz@gmail.com,7362268040,Sandraview,Sudan,Female,2026-03-14,Shari Cruz,gmail.com,2026,March,Saturday,Q1,178
Claire,Johnson,claire.johnson@hotmail.com,16664018648,Mcdonaldbury,Bulgaria,Female,2023-10-01,Claire Johnson,hotmail.com,2023,October,Sunday,Q4,1073
Diana,Fleming,diana.fleming@yahoo.com,6387459609,Donnatown,British Virgin Islands,Female,2024-12-27,Diana Fleming,yahoo.com,2024,December,Friday,Q4,620
Laura,Morris,laura.morris@yahoo.com,9775070705,Brownland,Falkland Islands (Malvinas),Female,2026-04-13,Laura Morris,yahoo.com,2026,April,Monday,Q2,148
Kristen,Ashley,kristen.ashley@yahoo.com,2445472322,Lake Benjaminhaven,Tokelau,Female,2025-07-22,Kristen Ashley,yahoo.com,2025,July,Tuesday,Q3,413
Lauren,Williams,lauren.williams@hotmail.com,5047405809,North Williamville,Malawi,Female,2024-01-06,Lauren Williams,hotmail.com,2024,January,Saturday,Q1,976
David,Nguyen,david.nguyen@yahoo.com,16612642059,West Bradley,Venezuela,Male,2024-04-28,David Nguyen,yahoo.com,2024,April,Sunday,Q2,863
Thomas,Johnson,thomas.johnson@hotmail.com,2584895369,Farmerland,Zimbabwe,Male,2024-01-06,Thomas Johnson,hotmail.com,2024,January,Saturday,Q1,976
Tina,Gay,tina.gay@hotmail.com,6985681809,Rhondamouth,Ecuador,Female,2025-03-23,Tina Gay,hotmail.com,2025,March,Sunday,Q1,534
Crystal,Edwards,crystal.edwards@gmail.com,15379651588,Hallberg,Uzbekistan,Female,2025-12-21,Crystal Edwards,gmail.com,2025,December,Sunday,Q4,261
David,Blankenship,david.blankenship@hotmail.com,18298445511,New Troy,Turkmenistan,Male,2024-07-11,David Blankenship,hotmail.com,2024,July,Thursday,Q3,789
Stephanie,Walter,stephanie.walter@gmail.com,8162487120,North David,Tonga,Female,2025-12-08,Stephanie Walter,gmail.com,2025,December,Monday,Q4,274
Tamara,Strong,tamara.strong@yahoo.com,3682341559,Lake Samanthamouth,United States Minor Outlying Islands,Female,2025-06-04,Tamara Strong,yahoo.com,2025,June,Wednesday,Q2,461
Lynn,Yang,lynn.yang@yahoo.com,8727298120,Thompsonshire,Fiji,Female,2024-02-05,Lynn Yang,yahoo.com,2024,February,Monday,Q1,946
David,Snyder,david.snyder@gmail.com,17884986456,North Lisa,Saint Pierre and Miquelon,Male,2024-07-31,David Snyder,gmail.com,2024,July,Wednesday,Q3,769
Jessica,Ramirez,jessica.ramirez@hotmail.com,3155421447,Donaldborough,Micronesia,Female,2025-11-06,Jessica Ramirez,hotmail.com,2025,November,Thursday,Q4,306
Nicole,Johnson,nicole.johnson@gmail.com,18839070534,Port Shawn,Uruguay,Female,2024-02-25,Nicole Johnson,gmail.com,2024,February,Sunday,Q1,926
Mike,Calhoun,mike.calhoun@gmail.com,7674412415,Joshuahaven,Peru,Male,2024-01-01,Mike Calhoun,gmail.com,2024,January,Monday,Q1,981
Michelle,Edwards,michelle.edwards@gmail.com,6189538003,South Lisa,Saint Martin,Female,2025-10-18,Michelle Edwards,gmail.com,2025,October,Saturday,Q4,325
Douglas,Gonzalez,douglas.gonzalez@gmail.com,8305617893,Toddburgh,Turkey,Male,2024-12-17,Douglas Gonzalez,gmail.com,2024,December,Tuesday,Q4,630
Sara,Golden,sara.golden@hotmail.com,9767958741,Lake Roger,Christmas Island,Female,2025-08-29,Sara Golden,hotmail.com,2025,August,Friday,Q3,375
Tina,Guerrero,tina.guerrero@yahoo.com,15628779630,New Kelseyview,Peru,Female,2025-01-13,Tina Guerrero,yahoo.com,2025,January,Monday,Q1,603
Jennifer,Lamb,jennifer.lamb@yahoo.com,4405473504,New Cherylberg,Netherlands,Female,2025-12-24,Jennifer Lamb,yahoo.com,2025,December,Wednesday,Q4,258
Alicia,Bowen,alicia.bowen@yahoo.com,5554810835,Heathbury,French Guiana,Female,2024-05-15,Alicia Bowen,yahoo.com,2024,May,Wednesday,Q2,846
Susan,Rivera,susan.rivera@gmail.com,19302008186,West Kevin,Denmark,Female,2026-05-16,Susan Rivera,gmail.com,2026,May,Saturday,Q2,115
Raymond,Wright,raymond.wright@yahoo.com,14163624111,Leeport,Slovenia,Male,2025-01-22,Raymond Wright,yahoo.com,2025,January,Wednesday,Q1,594
Jeffery,Paul,jeffery.paul@yahoo.com,8736149764,Mitchellside,Madagascar,Male,2024-09-21,Jeffery Paul,yahoo.com,2024,September,Saturday,Q3,717
James,Kaiser,james.kaiser@hotmail.com,3586173906,Douglasland,Bhutan,Male,2026-01-26,James Kaiser,hotmail.com,2026,January,Monday,Q1,225
Christopher,Hancock,christopher.hancock@yahoo.com,15312269789,Kingport,Saint Vincent and the Grenadines,Male,2025-02-13,Christopher Hancock,yahoo.com,2025,February,Thursday,Q1,572
Sandra,Johnson,sandra.johnson@hotmail.com,19967043878,West Steven,Liberia,Female,2025-11-15,Sandra Johnson,hotmail.com,2025,November,Saturday,Q4,297
Kristen,Singh,kristen.singh@hotmail.com,3164162028,South Molly,Brazil,Female,2023-11-07,Kristen Singh,hotmail.com,2023,November,Tuesday,Q4,1036
Stephen,Simpson,stephen.simpson@hotmail.com,7724866041,West Alexandra,Costa Rica,Male,2026-04-18,Stephen Simpson,hotmail.com,2026,April,Saturday,Q2,143
Tiffany,Watson,tiffany.watson@hotmail.com,4774352287,Jonestown,Georgia,Female,2026-09-01,Tiffany Watson,hotmail.com,2026,September,Tuesday,Q3,7
Chelsea,Benson,chelsea.benson@hotmail.com,7512097921,West Justin,United States Minor Outlying Islands,Female,2025-07-01,Chelsea Benson,hotmail.com,2025,July,Tuesday,Q3,434
Lauren,Torres,lauren.torres@hotmail.com,13644883192,Riverashire,Netherlands,Female,2024-11-11,Lauren Torres,hotmail.com,2024,November,Monday,Q4,666
Vincent,Mclaughlin,vincent.mclaughlin@hotmail.com,17733203319,East Williammouth,Jamaica,Male,2026-07-06,Vincent Mclaughlin,hotmail.com,2026,July,Monday,Q3,64
John,Turner,john.turner@gmail.com,7863667548,East Sonia,Syrian Arab Republic,Male,2024-11-12,John Turner,gmail.com,2024,November,Tuesday,Q4,665
Michelle,Larsen,michelle.larsen@hotmail.com,8745186520,South Neil,Venezuela,Female,2023-09-24,Michelle Larsen,hotmail.com,2023,September,Sunday,Q3,1080
Craig,Ward,craig.ward@gmail.com,6942515480,Darlenefurt,Aruba,Male,2026-08-23,Craig Ward,gmail.com,2026,August,Sunday,Q3,16
Michele,Hill,michele.hill@gmail.com,13072977278,Anthonyberg,Romania,Female,2024-06-08,Michele Hill,gmail.com,2024,June,Saturday,Q2,822
Seth,Anderson,seth.anderson@yahoo.com,2077051843,Rachaelburgh,United Kingdom,Male,2026-03-07,Seth Anderson,yahoo.com,2026,March,Saturday,Q1,185
Miranda,Diaz,miranda.diaz@gmail.com,15668013824,Lake Julie,Taiwan,Female,2023-09-13,Miranda Diaz,gmail.com,2023,September,Wednesday,Q3,1091
Emily,Castro,emily.castro@gmail.com,2794197111,East Danamouth,Belgium,Female,2024-09-25,Emily Castro,gmail.com,2024,September,Wednesday,Q3,713
Elizabeth,Becker,elizabeth.becker@gmail.com,15246064242,East Tiffany,Eritrea,Female,2026-08-26,Elizabeth Becker,gmail.com,2026,August,Wednesday,Q3,13
Jessica,Davis,jessica.davis@yahoo.com,14555872096,Reedport,Cote d'Ivoire,Female,2025-02-20,Jessica Davis,yahoo.com,2025,February,Thursday,Q1,565
Melissa,Gordon,melissa.gordon@hotmail.com,9184343740,Willisstad,Mongolia,Female,2025-04-17,Melissa Gordon,hotmail.com,2025,April,Thursday,Q2,509
Mary,Valenzuela,mary.valenzuela@yahoo.com,16154026755,Paynetown,Kazakhstan,Female,2026-04-22,Mary Valenzuela,yahoo.com,2026,April,Wednesday,Q2,139
Joyce,Johnston,joyce.johnston@yahoo.com,13678345957,Schroedershire,Iran,Female,2026-03-17,Joyce Johnston,yahoo.com,2026,March,Tuesday,Q1,175
Alyssa,Hunt,alyssa.hunt@yahoo.com,19838922501,South Aaron,Cameroon,Female,2024-07-15,Alyssa Hunt,yahoo.com,2024,July,Monday,Q3,785
Sonya,Turner,sonya.turner@gmail.com,2339613285,West Cory,Mexico,Female,2026-08-09,Sonya Turner,gmail.com,2026,August,Sunday,Q3,30
Jennifer,Lewis,jennifer.lewis@yahoo.com,18673316252,Tracyshire,Anguilla,Female,2024-08-17,Jennifer Lewis,yahoo.com,2024,August,Saturday,Q3,752
Stacey,Thompson,stacey.thompson@gmail.com,5552809961,West Ryan,Guadeloupe,Female,2025-04-26,Stacey Thompson,gmail.com,2025,April,Saturday,Q2,500
Matthew,Simmons,matthew.simmons@yahoo.com,7673046226,Laratown,Central African Republic,Male,2025-01-15,Matthew Simmons,yahoo.com,2025,January,Wednesday,Q1,601
Carl,Hunter,carl.hunter@hotmail.com,7079660464,Meganstad,Bouvet Island (Bouvetoya),Male,2024-06-11,Carl Hunter,hotmail.com,2024,June,Tuesday,Q2,819
William,Schmidt,william.schmidt@yahoo.com,16122059438,Port Tracystad,Australia,Male,2026-03-27,William Schmidt,yahoo.com,2026,March,Friday,Q1,165
Melissa,King,melissa.king@yahoo.com,13407842456,New Joannabury,China,Female,2024-01-16,Melissa King,yahoo.com,2024,January,Tuesday,Q1,966
Joseph,Martinez,joseph.martinez@gmail.com,17767457938,East Chelseaville,Hong Kong,Male,2025-11-12,Joseph Martinez,gmail.com,2025,November,Wednesday,Q4,300
William,Miller,william.miller@hotmail.com,16465602416,West Ashleyborough,Senegal,Male,2025-07-17,William Miller,hotmail.com,2025,July,Thursday,Q3,418
Donald,Barker,donald.barker@gmail.com,8804962440,Josephmouth,Bhutan,Male,2024-08-16,Donald Barker,gmail.com,2024,August,Friday,Q3,753
Danny,Fletcher,danny.fletcher@gmail.com,8949979695,West Matthewstad,Swaziland,Male,2025-07-29,Danny Fletcher,gmail.com,2025,July,Tuesday,Q3,406
Brittany,Dickerson,brittany.dickerson@yahoo.com,9827646091,East Juliehaven,Heard Island and McDonald Islands,Female,2024-12-23,Brittany Dickerson,yahoo.com,2024,December,Monday,Q4,624
Dorothy,Stewart,dorothy.stewart@hotmail.com,6029992959,South Samantha,Bulgaria,Female,2025-04-17,Dorothy Stewart,hotmail.com,2025,April,Thursday,Q2,509
Lisa,Atkinson,lisa.atkinson@gmail.com,8336194226,Kayleeville,Papua New Guinea,Female,2026-08-09,Lisa Atkinson,gmail.com,2026,August,Sunday,Q3,30
Tyler,Gill,tyler.gill@yahoo.com,2887636774,Douglasville,Hungary,Male,2026-02-25,Tyler Gill,yahoo.com,2026,February,Wednesday,Q1,195
Matthew,Mccann,matthew.mccann@yahoo.com,8092329981,Chelseaburgh,Montenegro,Male,2026-05-06,Matthew Mccann,yahoo.com,2026,May,Wednesday,Q2,125
Kaitlyn,Davis,kaitlyn.davis@yahoo.com,5964883275,Gilesborough,Gibraltar,Female,2024-04-01,Kaitlyn Davis,yahoo.com,2024,April,Monday,Q2,890
Edward,Kline,edward.kline@gmail.com,13777397327,East Steven,Bangladesh,Male,2023-09-18,Edward Kline,gmail.com,2023,September,Monday,Q3,1086
Nicole,Fleming,nicole.fleming@yahoo.com,6768164819,West Reginaldhaven,Norfolk Island,Female,2026-06-13,Nicole Fleming,yahoo.com,2026,June,Saturday,Q2,87
Jeremiah,Cobb,jeremiah.cobb@gmail.com,5499125652,West Colton,Norway,Male,2026-08-20,Jeremiah Cobb,gmail.com,2026,August,Thursday,Q3,19
Angela,Nolan,angela.nolan@yahoo.com,14346547574,East Nicoleshire,Guyana,Female,2024-12-03,Angela Nolan,yahoo.com,2024,December,Tuesday,Q4,644
Eric,Baldwin,eric.baldwin@hotmail.com,12475742229,Eddietown,Eritrea,Male,2025-03-26,Eric Baldwin,hotmail.com,2025,March,Wednesday,Q1,531
Nathan,Mcgee,nathan.mcgee@hotmail.com,4799252985,South Penny,American Samoa,Male,2026-07-12,Nathan Mcgee,hotmail.com,2026,July,Sunday,Q3,58
Theresa,Peterson,theresa.peterson@yahoo.com,9322491357,Lake James,Papua New Guinea,Female,2023-10-29,Theresa Peterson,yahoo.com,2023,October,Sunday,Q4,1045
James,Garcia,james.garcia@yahoo.com,4145888107,Lake Jennifer,Christmas Island,Male,2023-11-09,James Garcia,yahoo.com,2023,November,Thursday,Q4,1034
William,Baker,william.baker@yahoo.com,5319284033,Garciaton,Ghana,Male,2026-05-19,William Baker,yahoo.com,2026,May,Tuesday,Q2,112
Angel,Mendoza,angel.mendoza@yahoo.com,6732189397,Callahanville,Saint Helena,Female,2025-07-26,Angel Mendoza,yahoo.com,2025,July,Saturday,Q3,409
Richard,Lee,richard.lee@hotmail.com,16706469472,Michellebury,Guam,Male,2024-11-08,Richard Lee,hotmail.com,2024,November,Friday,Q4,669
Megan,Gordon,megan.gordon@hotmail.com,8126705877,Port Scottside,Swaziland,Female,2024-06-17,Megan Gordon,hotmail.com,2024,June,Monday,Q2,813
Cory,Rodriguez,cory.rodriguez@gmail.com,5484458714,Ericfurt,Solomon Islands,Male,2024-05-31,Cory Rodriguez,gmail.com,2024,May,Friday,Q2,830
Samuel,Bishop,samuel.bishop@gmail.com,7877964347,Parkershire,India,Male,2025-06-16,Samuel Bishop,gmail.com,2025,June,Monday,Q2,449
Abigail,Case,abigail.case@gmail.com,8527740334,Port Jason,Macao,Female,2025-07-22,Abigail Case,gmail.com,2025,July,Tuesday,Q3,413
Selena,Rodriguez,selena.rodriguez@gmail.com,6578970673,North Brianmouth,Falkland Islands (Malvinas),Female,2025-12-21,Selena Rodriguez,gmail.com,2025,December,Sunday,Q4,261
Jaclyn,Mclean,jaclyn.mclean@gmail.com,9215562294,Ashleyview,Moldova,Female,2025-12-10,Jaclyn Mclean,gmail.com,2025,December,Wednesday,Q4,272
Ruth,Norris,ruth.norris@gmail.com,16156573257,East Davidchester,Japan,Female,2025-05-15,Ruth Norris,gmail.com,2025,May,Thursday,Q2,481
Renee,Yates,renee.yates@hotmail.com,9856096085,Cynthialand,Mongolia,Female,2024-01-29,Renee Yates,hotmail.com,2024,January,Monday,Q1,953
William,Norman,william.norman@hotmail.com,6819979316,Prestonberg,Pakistan,Male,2025-02-02,William Norman,hotmail.com,2025,February,Sunday,Q1,583
Benjamin,Holland,benjamin.holland@yahoo.com,5867069409,Hernandezbury,Myanmar,Male,2026-07-21,Benjamin Holland,yahoo.com,2026,July,Tuesday,Q3,49
Patricia,Patel,patricia.patel@hotmail.com,12394592323,Stephaniemouth,Trinidad and Tobago,Female,2025-01-09,Patricia Patel,hotmail.com,2025,January,Thursday,Q1,607
Tanya,Barrett,tanya.barrett@gmail.com,9265433502,Williamsmouth,Iran,Female,2024-07-12,Tanya Barrett,gmail.com,2024,July,Friday,Q3,788
Daniel,James,daniel.james@gmail.com,9287981231,Robertborough,Bermuda,Male,2025-11-03,Daniel James,gmail.com,2025,November,Monday,Q4,309
Ian,Scott,ian.scott@gmail.com,6005666155,Lake Dawnfurt,Turkey,Male,2025-09-09,Ian Scott,gmail.com,2025,September,Tuesday,Q3,364
Alexis,Brandt,alexis.brandt@hotmail.com,12502232902,Port Jodi,French Polynesia,Female,2025-04-07,Alexis Brandt,hotmail.com,2025,April,Monday,Q2,519
Lisa,Morrow,lisa.morrow@yahoo.com,9285225120,Richardstad,United States of America,Female,2024-10-23,Lisa Morrow,yahoo.com,2024,October,Wednesday,Q4,685
Marco,Johnson,marco.johnson@gmail.com,2077026086,North Robert,Bahrain,Male,2024-02-29,Marco Johnson,gmail.com,2024,February,Thursday,Q1,922
Wayne,Marshall,wayne.marshall@yahoo.com,14727904774,Summerville,Lesotho,Male,2025-10-12,Wayne Marshall,yahoo.com,2025,October,Sunday,Q4,331
Paul,Christian,paul.christian@gmail.com,6383223116,East John,Saint Lucia,Male,2026-06-28,Paul Christian,gmail.com,2026,June,Sunday,Q2,72
Eric,Page,eric.page@yahoo.com,12985894256,North Douglas,Antigua and Barbuda,Male,2024-09-11,Eric Page,yahoo.com,2024,September,Wednesday,Q3,727
Candice,Morris,candice.morris@hotmail.com,3756396737,Matthewburgh,Equatorial Guinea,Female,2025-02-18,Candice Morris,hotmail.com,2025,February,Tuesday,Q1,567
Robert,Freeman,robert.freeman@hotmail.com,5159841560,North Andreaport,Brunei Darussalam,Male,2025-03-01,Robert Freeman,hotmail.com,2025,March,Saturday,Q1,556
Eric,Graham,eric.graham@gmail.com,2267832303,Lake Stacey,Marshall Islands,Male,2024-05-24,Eric Graham,gmail.com,2024,May,Friday,Q2,837
James,Garcia,james.garcia@gmail.com,18939289634,Morrisport,Afghanistan,Male,2024-01-02,James Garcia,gmail.com,2024,January,Tuesday,Q1,980
Danielle,Peters,danielle.peters@yahoo.com,4995106227,Hartmanchester,India,Female,2026-03-14,Danielle Peters,yahoo.com,2026,March,Saturday,Q1,178
Corey,Flowers,corey.flowers@gmail.com,4426619237,Alexville,Mali,Male,2025-01-03,Corey Flowers,gmail.com,2025,January,Friday,Q1,613
Kelly,Ingram,kelly.ingram@hotmail.com,8376418972,Lake Stevenshire,Chile,Female,2026-08-17,Kelly Ingram,hotmail.com,2026,August,Monday,Q3,22
Sharon,Freeman,sharon.freeman@yahoo.com,8818199537,Lake Danielview,Tajikistan,Female,2024-11-09,Sharon Freeman,yahoo.com,2024,November,Saturday,Q4,668
Summer,Bowman,summer.bowman@yahoo.com,3459101739,Obrienfurt,Armenia,Female,2026-03-30,Summer Bowman,yahoo.com,2026,March,Monday,Q1,162
Ashley,Massey,ashley.massey@hotmail.com,8912135996,Deborahmouth,Timor-Leste,Female,2025-08-23,Ashley Massey,hotmail.com,2025,August,Saturday,Q3,381
Laura,Mills,laura.mills@yahoo.com,16607392051,Michaelbury,Falkland Islands (Malvinas),Female,2025-07-31,Laura Mills,yahoo.com,2025,July,Thursday,Q3,404
Rachel,Nguyen,rachel.nguyen@hotmail.com,17425388565,Mariaville,United States Virgin Islands,Female,2024-01-26,Rachel Nguyen,hotmail.com,2024,January,Friday,Q1,956
Mark,Edwards,mark.edwards@yahoo.com,12263347557,New Lance,Madagascar,Male,2026-08-30,Mark Edwards,yahoo.com,2026,August,Sunday,Q3,9
Martin,Phillips,martin.phillips@hotmail.com,18266913119,Lake Matthew,Guinea,Male,2025-05-16,Martin Phillips,hotmail.com,2025,May,Friday,Q2,480
Casey,Cruz,casey.cruz@hotmail.com,9995153703,East Nancy,Kazakhstan,Male,2026-06-10,Casey Cruz,hotmail.com,2026,June,Wednesday,Q2,90
Robert,Thomas,robert.thomas@yahoo.com,5098776889,Port April,Iran,Male,2026-05-09,Robert Thomas,yahoo.com,2026,May,Saturday,Q2,122
Laura,Barrera,laura.barrera@yahoo.com,17455465535,North Tina,Slovenia,Female,2025-11-04,Laura Barrera,yahoo.com,2025,November,Tuesday,Q4,308
Michael,Nichols,michael.nichols@gmail.com,19358837490,East Andrewmouth,Monaco,Male,2026-06-14,Michael Nichols,gmail.com,2026,June,Sunday,Q2,86
Anthony,Bailey,anthony.bailey@hotmail.com,9158149409,South Jason,Korea,Male,2025-01-01,Anthony Bailey,hotmail.com,2025,January,Wednesday,Q1,615
Joshua,Leonard,joshua.leonard@yahoo.com,2987628950,Port Tiffanyland,Marshall Islands,Male,2025-06-11,Joshua Leonard,yahoo.com,2025,June,Wednesday,Q2,454
Nicholas,Oconnor,nicholas.oconnor@gmail.com,18228071511,Taylormouth,Cocos (Keeling) Islands,Male,2024-02-03,Nicholas Oconnor,gmail.com,2024,February,Saturday,Q1,948
Eric,Thompson,eric.thompson@yahoo.com,3716246335,New Bruceside,Bahamas,Male,2026-08-03,Eric Thompson,yahoo.com,2026,August,Monday,Q3,36
Jake,Jackson,jake.jackson@hotmail.com,3054640995,Lake Christine,Cocos (Keeling) Islands,Male,2025-12-17,Jake Jackson,hotmail.com,2025,December,Wednesday,Q4,265
Daniel,Reed,daniel.reed@hotmail.com,9952927282,New Pamelaville,Sri Lanka,Male,2025-01-04,Daniel Reed,hotmail.com,2025,January,Saturday,Q1,612
Taylor,Rodriguez,taylor.rodriguez@hotmail.com,7989217392,Bowersville,Paraguay,Female,2026-01-16,Taylor Rodriguez,hotmail.com,2026,January,Friday,Q1,235
Ana,Sanchez,ana.sanchez@gmail.com,3733605079,Rhondashire,Morocco,Female,2026-09-02,Ana Sanchez,gmail.com,2026,September,Wednesday,Q3,6
Kim,Long,kim.long@hotmail.com,19342527346,Garciaside,Liberia,Female,2026-04-12,Kim Long,hotmail.com,2026,April,Sunday,Q2,149
Jasmine,Jimenez,jasmine.jimenez@yahoo.com,12082031499,Paulstad,Mauritania,Female,2023-11-28,Jasmine Jimenez,yahoo.com,2023,November,Tuesday,Q4,1015
Rodney,Sutton,rodney.sutton@yahoo.com,13885285031,Clarktown,Aruba,Male,2025-04-22,Rodney Sutton,yahoo.com,2025,April,Tuesday,Q2,504
Daniel,Norris,daniel.norris@yahoo.com,4354263560,New Elizabeth,Turkmenistan,Male,2025-06-25,Daniel Norris,yahoo.com,2025,June,Wednesday,Q2,440
Melanie,Mckinney,melanie.mckinney@hotmail.com,2348606664,Lake Katieberg,Panama,Female,2026-08-14,Melanie Mckinney,hotmail.com,2026,August,Friday,Q3,25
Courtney,Walsh,courtney.walsh@gmail.com,6716285246,Melissaview,Botswana,Female,2024-03-11,Courtney Walsh,gmail.com,2024,March,Monday,Q1,911
Jennifer,Blackwell,jennifer.blackwell@gmail.com,3873328077,North Marissa,Colombia,Female,2024-01-15,Jennifer Blackwell,gmail.com,2024,January,Monday,Q1,967
Phillip,Drake,phillip.drake@gmail.com,2954727908,Micheleview,Uruguay,Male,2024-06-06,Phillip Drake,gmail.com,2024,June,Thursday,Q2,824
Gregory,Gonzalez,gregory.gonzalez@hotmail.com,5667248132,Johnsonmouth,Bangladesh,Male,2024-09-23,Gregory Gonzalez,hotmail.com,2024,September,Monday,Q3,715
Lindsay,Roberts,lindsay.roberts@gmail.com,2854011688,Mitchellberg,United Arab Emirates,Female,2024-02-16,Lindsay Roberts,gmail.com,2024,February,Friday,Q1,935
Michael,Smith,michael.smith@gmail.com,13062913098,Pinedafurt,Finland,Male,2026-08-08,Michael Smith,gmail.com,2026,August,Saturday,Q3,31
Lisa,Cole,lisa.cole@hotmail.com,7795457727,West Dana,China,Female,2025-05-03,Lisa Cole,hotmail.com,2025,May,Saturday,Q2,493
Zachary,Macias,zachary.macias@yahoo.com,15068420768,Stephensonmouth,Saint Martin,Male,2025-08-10,Zachary Macias,yahoo.com,2025,August,Sunday,Q3,394
Jeremy,Price,jeremy.price@yahoo.com,8567283333,Jasonberg,Latvia,Male,2024-02-23,Jeremy Price,yahoo.com,2024,February,Friday,Q1,928
Joshua,Chavez,joshua.chavez@hotmail.com,8034358268,Tonyashire,Seychelles,Male,2024-05-07,Joshua Chavez,hotmail.com,2024,May,Tuesday,Q2,854
Margaret,Andrews,margaret.andrews@gmail.com,2653732759,North Andrewton,Greenland,Female,2024-01-25,Margaret Andrews,gmail.com,2024,January,Thursday,Q1,957
Erik,Winters,erik.winters@gmail.com,16236415959,Port Annaberg,Central African Republic,Male,2025-06-13,Erik Winters,gmail.com,2025,June,Friday,Q2,452
Bryan,Kent,bryan.kent@yahoo.com,3882743127,South Thomas,Lesotho,Male,2024-05-29,Bryan Kent,yahoo.com,2024,May,Wednesday,Q2,832
Randall,Willis,randall.willis@yahoo.com,3994270795,New Kevin,India,Male,2024-04-27,Randall Willis,yahoo.com,2024,April,Saturday,Q2,864
Brian,Donovan,brian.donovan@hotmail.com,8544159709,Melissaborough,Malaysia,Male,2024-11-16,Brian Donovan,hotmail.com,2024,November,Saturday,Q4,661
Vicki,Strong,vicki.strong@gmail.com,3527034476,East Monicatown,Saint Pierre and Miquelon,Female,2026-02-15,Vicki Strong,gmail.com,2026,February,Sunday,Q1,205
Alicia,James,alicia.james@yahoo.com,6605465586,Campbellland,United States Minor Outlying Islands,Female,2025-08-06,Alicia James,yahoo.com,2025,August,Wednesday,Q3,398
Tamara,Miller,tamara.miller@hotmail.com,3813021312,Lake Alexandermouth,Trinidad and Tobago,Female,2026-04-24,Tamara Miller,hotmail.com,2026,April,Friday,Q2,137
Benjamin,Aguilar,benjamin.aguilar@yahoo.com,18515910231,North Jennifer,Iceland,Male,2025-01-17,Benjamin Aguilar,yahoo.com,2025,January,Friday,Q1,599
Lori,Lee,lori.lee@gmail.com,13794274907,West Douglas,Mauritius,Female,2026-02-17,Lori Lee,gmail.com,2026,February,Tuesday,Q1,203
Valerie,Graves,valerie.graves@hotmail.com,15138253269,Madisonbury,Marshall Islands,Female,2023-09-18,Valerie Graves,hotmail.com,2023,September,Monday,Q3,1086
Mary,Donaldson,mary.donaldson@yahoo.com,3217017509,Helenland,Montenegro,Female,2024-10-19,Mary Donaldson,yahoo.com,2024,October,Saturday,Q4,689
Monica,Flores,monica.flores@yahoo.com,17758747583,Hobbsmouth,Uzbekistan,Female,2025-05-26,Monica Flores,yahoo.com,2025,May,Monday,Q2,470
Julie,Nolan,julie.nolan@yahoo.com,8267602562,South Laceyburgh,Canada,Female,2026-03-17,Julie Nolan,yahoo.com,2026,March,Tuesday,Q1,175
Theresa,Robinson,theresa.robinson@gmail.com,5725453076,Lawsonfort,Jersey,Female,2025-07-14,Theresa Robinson,gmail.com,2025,July,Monday,Q3,421
Travis,Moore,travis.moore@hotmail.com,5519157942,South Tracy,Zimbabwe,Male,2024-12-29,Travis Moore,hotmail.com,2024,December,Sunday,Q4,618
Mark,Morgan,mark.morgan@yahoo.com,19963919284,South Mitchellbury,Cote d'Ivoire,Male,2025-01-26,Mark Morgan,yahoo.com,2025,January,Sunday,Q1,590
Melissa,Kent,melissa.kent@yahoo.com,15745859532,Elliotttown,Germany,Female,2025-11-09,Melissa Kent,yahoo.com,2025,November,Sunday,Q4,303
Shirley,Cruz,shirley.cruz@gmail.com,16514877941,Melanieton,Lebanon,Female,2024-09-25,Shirley Cruz,gmail.com,2024,September,Wednesday,Q3,713
Courtney,Smith,courtney.smith@yahoo.com,13786245759,Lake Nicolehaven,South Georgia and the South Sandwich Islands,Female,2025-10-30,Courtney Smith,yahoo.com,2025,October,Thursday,Q4,313
Douglas,Gibbs,douglas.gibbs@yahoo.com,19044432400,Garrettside,Cayman Islands,Male,2026-03-18,Douglas Gibbs,yahoo.com,2026,March,Wednesday,Q1,174
Jeremy,Edwards,jeremy.edwards@yahoo.com,2437974292,Woodmouth,Switzerland,Male,2025-04-12,Jeremy Edwards,yahoo.com,2025,April,Saturday,Q2,514
Joshua,Fuller,joshua.fuller@hotmail.com,9623590459,East Edwardhaven,Central African Republic,Male,2024-09-07,Joshua Fuller,hotmail.com,2024,September,Saturday,Q3,731
Brandon,Ward,brandon.ward@yahoo.com,3165517680,Mooreview,Denmark,Male,2024-09-13,Brandon Ward,yahoo.com,2024,September,Friday,Q3,725
Amy,Vega,amy.vega@gmail.com,7377003322,Avilafurt,Andorra,Female,2025-11-08,Amy Vega,gmail.com,2025,November,Saturday,Q4,304
Ralph,Vasquez,ralph.vasquez@hotmail.com,12687103903,New Nicolehaven,United Arab Emirates,Male,2024-05-20,Ralph Vasquez,hotmail.com,2024,May,Monday,Q2,841
James,Hernandez,james.hernandez@gmail.com,15947485862,Philipport,Korea,Male,2023-10-22,James Hernandez,gmail.com,2023,October,Sunday,Q4,1052
Jill,Faulkner,jill.faulkner@hotmail.com,6637210613,Brownbury,Montenegro,Female,2024-10-03,Jill Faulkner,hotmail.com,2024,October,Thursday,Q4,705
Claire,Johnson,claire.johnson@gmail.com,4259376576,Hoffmanport,South Africa,Female,2026-07-10,Claire Johnson,gmail.com,2026,July,Friday,Q3,60
Shannon,Wright,shannon.wright@hotmail.com,9008900404,North Brian,Cuba,Female,2026-06-07,Shannon Wright,hotmail.com,2026,June,Sunday,Q2,93
Connor,Henderson,connor.henderson@yahoo.com,6469040142,North Samantha,Samoa,Male,2026-08-02,Connor Henderson,yahoo.com,2026,August,Sunday,Q3,37
Rebecca,Beard,rebecca.beard@yahoo.com,6012137984,Brownberg,Cuba,Female,2023-12-18,Rebecca Beard,yahoo.com,2023,December,Monday,Q4,995
Jennifer,Bennett,jennifer.bennett@gmail.com,6672620901,Sylviaborough,Dominica,Female,2026-08-14,Jennifer Bennett,gmail.com,2026,August,Friday,Q3,25
Jerome,Smith,jerome.smith@hotmail.com,3967873045,Hooverside,Central African Republic,Male,2025-04-09,Jerome Smith,hotmail.com,2025,April,Wednesday,Q2,517
Mary,Watson,mary.watson@hotmail.com,19257562965,Dylanfort,Peru,Female,2025-12-28,Mary Watson,hotmail.com,2025,December,Sunday,Q4,254
Jennifer,Ali,jennifer.ali@gmail.com,14427557782,Port Lauren,Burundi,Female,2024-07-23,Jennifer Ali,gmail.com,2024,July,Tuesday,Q3,777
Samantha,Sanders,samantha.sanders@yahoo.com,4885081904,Tracymouth,Saint Martin,Female,2025-04-09,Samantha Sanders,yahoo.com,2025,April,Wednesday,Q2,517
Kimberly,Foster,kimberly.foster@hotmail.com,9394561372,Lake Stephaniebury,Saudi Arabia,Female,2025-05-30,Kimberly Foster,hotmail.com,2025,May,Friday,Q2,466
Elizabeth,Clark,elizabeth.clark@hotmail.com,3303004132,Shaunville,Jamaica,Female,2025-03-16,Elizabeth Clark,hotmail.com,2025,March,Sunday,Q1,541
Matthew,Smith,matthew.smith@hotmail.com,9562534699,Florestown,Equatorial Guinea,Male,2026-08-31,Matthew Smith,hotmail.com,2026,August,Monday,Q3,8
John,Salinas,john.salinas@hotmail.com,13163995706,Lake Maria,Norfolk Island,Male,2024-02-01,John Salinas,hotmail.com,2024,February,Thursday,Q1,950
Jordan,Curry,jordan.curry@gmail.com,14702548739,Jonesburgh,Kyrgyz Republic,Female,2024-11-07,Jordan Curry,gmail.com,2024,November,Thursday,Q4,670
Melissa,Price,melissa.price@hotmail.com,17048918727,Lake Ericland,Congo,Female,2025-09-25,Melissa Price,hotmail.com,2025,September,Thursday,Q3,348
Katelyn,Smith,katelyn.smith@hotmail.com,13264042359,East Joy,Yemen,Female,2026-04-05,Katelyn Smith,hotmail.com,2026,April,Sunday,Q2,156
Kristine,Kim,kristine.kim@yahoo.com,18603858167,North Josestad,Lebanon,Female,2025-05-23,Kristine Kim,yahoo.com,2025,May,Friday,Q2,473
Katie,Sanchez,katie.sanchez@gmail.com,7026192378,Jonesburgh,Myanmar,Female,2025-06-10,Katie Sanchez,gmail.com,2025,June,Tuesday,Q2,455
Brian,Williams,brian.williams@gmail.com,3426605080,West Nicoleberg,Ghana,Male,2024-09-20,Brian Williams,gmail.com,2024,September,Friday,Q3,718
Shannon,Solis,shannon.solis@gmail.com,14773731268,Palmerland,Mongolia,Female,2024-05-20,Shannon Solis,gmail.com,2024,May,Monday,Q2,841
David,Molina,david.molina@hotmail.com,8349606056,Lake Rebecca,Lesotho,Male,2026-04-20,David Molina,hotmail.com,2026,April,Monday,Q2,141
Tiffany,Hicks,tiffany.hicks@yahoo.com,13234984716,West Joshuaview,Kyrgyz Republic,Female,2026-06-13,Tiffany Hicks,yahoo.com,2026,June,Saturday,Q2,87
Renee,Stark,renee.stark@yahoo.com,14959478769,Christopherfort,Guam,Female,2025-12-13,Renee Stark,yahoo.com,2025,December,Saturday,Q4,269
Kelly,Welch,kelly.welch@yahoo.com,16445498355,Zacharychester,Fiji,Female,2024-10-21,Kelly Welch,yahoo.com,2024,October,Monday,Q4,687
Kyle,Santiago,kyle.santiago@gmail.com,13926435885,East Carly,North Macedonia,Male,2025-02-13,Kyle Santiago,gmail.com,2025,February,Thursday,Q1,572
Catherine,Holland,catherine.holland@yahoo.com,3366749785,South Lisafurt,Afghanistan,Female,2023-12-20,Catherine Holland,yahoo.com,2023,December,Wednesday,Q4,993
Colin,Villa,colin.villa@yahoo.com,3899489634,Hughesville,Burundi,Male,2024-06-15,Colin Villa,yahoo.com,2024,June,Saturday,Q2,815
Barbara,Wolf,barbara.wolf@gmail.com,8145188421,Lake Ashleytown,Bouvet Island (Bouvetoya),Female,2025-02-13,Barbara Wolf,gmail.com,2025,February,Thursday,Q1,572
Vanessa,Ball,vanessa.ball@yahoo.com,7335399948,Port Tammy,Hungary,Female,2024-07-19,Vanessa Ball,yahoo.com,2024,July,Friday,Q3,781
Joshua,Smith,joshua.smith@gmail.com,5995471136,Lynchburgh,United States Virgin Islands,Male,2024-08-15,Joshua Smith,gmail.com,2024,August,Thursday,Q3,754
Douglas,Smith,douglas.smith@hotmail.com,4698967331,Johnsonview,Costa Rica,Male,2026-07-19,Douglas Smith,hotmail.com,2026,July,Sunday,Q3,51
Katherine,Clarke,katherine.clarke@hotmail.com,8504789679,Clarkmouth,Guinea,Female,2025-05-29,Katherine Clarke,hotmail.com,2025,May,Thursday,Q2,467
Denise,Espinoza,denise.espinoza@gmail.com,8972093170,Grahammouth,United States of America,Female,2025-06-27,Denise Espinoza,gmail.com,2025,June,Friday,Q2,438
Ann,Scott,ann.scott@gmail.com,2548722398,Brandonbury,Bermuda,Female,2024-05-11,Ann Scott,gmail.com,2024,May,Saturday,Q2,850
Brandon,Dominguez,brandon.dominguez@gmail.com,8186472426,New Carl,Tunisia,Male,2024-01-29,Brandon Dominguez,gmail.com,2024,January,Monday,Q1,953
Marc,Armstrong,marc.armstrong@hotmail.com,3483762303,West Lisaburgh,Martinique,Male,2024-03-18,Marc Armstrong,hotmail.com,2024,March,Monday,Q1,904
Peggy,Tran,peggy.tran@yahoo.com,12228823052,East Brandon,Cape Verde,Female,2024-03-31,Peggy Tran,yahoo.com,2024,March,Sunday,Q1,891
David,Lynch,david.lynch@yahoo.com,12473372132,Taylorport,Kuwait,Male,2025-12-07,David Lynch,yahoo.com,2025,December,Sunday,Q4,275
Rebecca,Byrd,rebecca.byrd@yahoo.com,18866878599,Jacksonfort,Brunei Darussalam,Female,2023-11-03,Rebecca Byrd,yahoo.com,2023,November,Friday,Q4,1040
Christine,Greene,christine.greene@yahoo.com,5198666450,South Michelle,Somalia,Female,2024-04-12,Christine Greene,yahoo.com,2024,April,Friday,Q2,879
Mariah,Turner,mariah.turner@gmail.com,7035747677,Andersonton,Ecuador,Female,2024-04-21,Mariah Turner,gmail.com,2024,April,Sunday,Q2,870
Steven,Livingston,steven.livingston@yahoo.com,9052766194,Jonesmouth,Congo,Male,2025-01-02,Steven Livingston,yahoo.com,2025,January,Thursday,Q1,614
Thomas,Martin,thomas.martin@gmail.com,2849008385,Cookmouth,Guatemala,Male,2026-04-30,Thomas Martin,gmail.com,2026,April,Thursday,Q2,131
Gabriel,Richardson,gabriel.richardson@hotmail.com,13174768089,Riveramouth,Saint Martin,Male,2026-05-21,Gabriel Richardson,hotmail.com,2026,May,Thursday,Q2,110
Derek,Thomas,derek.thomas@gmail.com,2964463004,South Ashley,Israel,Male,2024-04-30,Derek Thomas,gmail.com,2024,April,Tuesday,Q2,861
Jessica,Carroll,jessica.carroll@gmail.com,4129047137,North Elizabethmouth,Nicaragua,Female,2025-04-08,Jessica Carroll,gmail.com,2025,April,Tuesday,Q2,518
Samuel,Sosa,samuel.sosa@yahoo.com,16885558298,Port Andrew,Liberia,Male,2024-11-03,Samuel Sosa,yahoo.com,2024,November,Sunday,Q4,674
Erin,Hicks,erin.hicks@yahoo.com,14603944128,Robertfurt,Italy,Female,2026-02-04,Erin Hicks,yahoo.com,2026,February,Wednesday,Q1,216
Gary,Miller,gary.miller@gmail.com,17717506662,West Joefort,Vanuatu,Male,2025-05-15,Gary Miller,gmail.com,2025,May,Thursday,Q2,481
Kevin,Sullivan,kevin.sullivan@gmail.com,3392252959,New Roy,Ukraine,Male,2024-01-29,Kevin Sullivan,gmail.com,2024,January,Monday,Q1,953
Timothy,Leon,timothy.leon@hotmail.com,12204072024,Markton,Myanmar,Male,2024-01-13,Timothy Leon,hotmail.com,2024,January,Saturday,Q1,969
Virginia,Mendez,virginia.mendez@gmail.com,3676149498,North Steven,Timor-Leste,Female,2024-10-15,Virginia Mendez,gmail.com,2024,October,Tuesday,Q4,693
Christopher,Parsons,christopher.parsons@hotmail.com,9799340652,Stephanieport,French Polynesia,Male,2026-06-19,Christopher Parsons,hotmail.com,2026,June,Friday,Q2,81
Michael,Morales,michael.morales@gmail.com,3539372201,East Jennifer,Finland,Male,2025-02-05,Michael Morales,gmail.com,2025,February,Wednesday,Q1,580
Melissa,Riley,melissa.riley@hotmail.com,5667189437,North Anthonyview,Iceland,Female,2024-06-23,Melissa Riley,hotmail.com,2024,June,Sunday,Q2,807
Robin,Ford,robin.ford@yahoo.com,18573256592,Hutchinsonmouth,Cameroon,Female,2023-11-12,Robin Ford,yahoo.com,2023,November,Sunday,Q4,1031
Stacey,Allen,stacey.allen@hotmail.com,3439260055,East Dylan,Pitcairn Islands,Female,2026-06-27,Stacey Allen,hotmail.com,2026,June,Saturday,Q2,73
Shannon,Manning,shannon.manning@yahoo.com,9682999360,Marvinchester,Namibia,Female,2026-05-09,Shannon Manning,yahoo.com,2026,May,Saturday,Q2,122
Traci,Brown,traci.brown@yahoo.com,6998359374,Adambury,Armenia,Female,2024-08-17,Traci Brown,yahoo.com,2024,August,Saturday,Q3,752
Tiffany,Cole,tiffany.cole@yahoo.com,6602148860,Zhangborough,Martinique,Female,2026-07-01,Tiffany Cole,yahoo.com,2026,July,Wednesday,Q3,69
Juan,Chan,juan.chan@gmail.com,3854283061,Garyport,Paraguay,Male,2024-10-11,Juan Chan,gmail.com,2024,October,Friday,Q4,697
Jennifer,Bullock,jennifer.bullock@gmail.com,15253144881,Tammyville,Serbia,Female,2025-08-09,Jennifer Bullock,gmail.com,2025,August,Saturday,Q3,395
George,Mason,george.mason@hotmail.com,5816794151,New Lindaland,Bahrain,Male,2024-05-17,George Mason,hotmail.com,2024,May,Friday,Q2,844
Brianna,Martin,brianna.martin@hotmail.com,18375505661,East Christine,Liberia,Female,2026-03-06,Brianna Martin,hotmail.com,2026,March,Friday,Q1,186
Paul,Jones,paul.jones@hotmail.com,2789765530,North Ashley,Andorra,Male,2026-07-06,Paul Jones,hotmail.com,2026,July,Monday,Q3,64
Timothy,Wong,timothy.wong@yahoo.com,19059712198,Davidton,Solomon Islands,Male,2026-05-26,Timothy Wong,yahoo.com,2026,May,Tuesday,Q2,105
Evan,Collins,evan.collins@yahoo.com,7013042462,Parkerport,Ireland,Male,2023-10-13,Evan Collins,yahoo.com,2023,October,Friday,Q4,1061
Allison,Mitchell,allison.mitchell@gmail.com,17123899151,New Jason,South Georgia and the South Sandwich Islands,Female,2024-01-08,Allison Mitchell,gmail.com,2024,January,Monday,Q1,974
Crystal,Hill,crystal.hill@hotmail.com,13817898484,Joyceberg,Bangladesh,Female,2024-02-01,Crystal Hill,hotmail.com,2024,February,Thursday,Q1,950
Tiffany,Chapman,tiffany.chapman@gmail.com,7074568142,Lake Samantha,Reunion,Female,2024-02-16,Tiffany Chapman,gmail.com,2024,February,Friday,Q1,935
Lynn,Smith,lynn.smith@gmail.com,15222836084,Clarkfurt,Congo,Female,2025-12-05,Lynn Smith,gmail.com,2025,December,Friday,Q4,277
Edward,Taylor,edward.taylor@hotmail.com,5946439164,New Jack,Norway,Male,2026-02-25,Edward Taylor,hotmail.com,2026,February,Wednesday,Q1,195
Barbara,Lambert,barbara.lambert@gmail.com,12035301623,Port Heatherchester,Botswana,Female,2025-02-19,Barbara Lambert,gmail.com,2025,February,Wednesday,Q1,566
Christine,Thomas,christine.thomas@hotmail.com,17155566847,South Tracy,Falkland Islands (Malvinas),Female,2025-07-18,Christine Thomas,hotmail.com,2025,July,Friday,Q3,417
Amber,Smith,amber.smith@yahoo.com,6004784361,Joshuachester,Seychelles,Female,2023-09-29,Amber Smith,yahoo.com,2023,September,Friday,Q3,1075
John,Farmer,john.farmer@gmail.com,18756437347,South Jeffrey,United Kingdom,Male,2024-04-02,John Farmer,gmail.com,2024,April,Tuesday,Q2,889
Alicia,Young,alicia.young@yahoo.com,6388821458,North Ashleyville,Dominican Republic,Female,2024-11-20,Alicia Young,yahoo.com,2024,November,Wednesday,Q4,657
Darlene,Sanchez,darlene.sanchez@hotmail.com,12997827802,Bradleytown,Liberia,Female,2024-07-04,Darlene Sanchez,hotmail.com,2024,July,Thursday,Q3,796
Chelsea,Oconnor,chelsea.oconnor@hotmail.com,15645493699,Brandonmouth,Guinea-Bissau,Female,2025-09-09,Chelsea Oconnor,hotmail.com,2025,September,Tuesday,Q3,364
Olivia,Patel,olivia.patel@yahoo.com,8682011923,South Robert,Saint Vincent and the Grenadines,Female,2023-12-29,Olivia Patel,yahoo.com,2023,December,Friday,Q4,984
Ashley,Fritz,ashley.fritz@hotmail.com,3236335104,Orozcoland,Guam,Female,2024-09-09,Ashley Fritz,hotmail.com,2024,September,Monday,Q3,729
Lisa,Davis,lisa.davis@yahoo.com,17833074820,New Brandishire,Fiji,Female,2023-09-08,Lisa Davis,yahoo.com,2023,September,Friday,Q3,1096
Jessica,Bailey,jessica.bailey@yahoo.com,14785201904,East David,Kuwait,Female,2023-12-12,Jessica Bailey,yahoo.com,2023,December,Tuesday,Q4,1001
Matthew,Perez,matthew.perez@gmail.com,9138546212,East Nicholasside,China,Male,2026-08-06,Matthew Perez,gmail.com,2026,August,Thursday,Q3,33
Ryan,Fisher,ryan.fisher@gmail.com,17239126163,Port Wendy,Martinique,Male,2026-06-30,Ryan Fisher,gmail.com,2026,June,Tuesday,Q2,70
Latoya,Mckay,latoya.mckay@yahoo.com,5978454930,Nicholasside,Lao People's Democratic Republic,Female,2024-01-27,Latoya Mckay,yahoo.com,2024,January,Saturday,Q1,955
Shaun,Wilson,shaun.wilson@hotmail.com,4032818769,New Nancy,South Georgia and the South Sandwich Islands,Male,2024-03-22,Shaun Wilson,hotmail.com,2024,March,Friday,Q1,900
Cynthia,Williams,cynthia.williams@hotmail.com,13136881588,Martinberg,Sweden,Female,2024-06-10,Cynthia Williams,hotmail.com,2024,June,Monday,Q2,820
Andrew,Henry,andrew.henry@gmail.com,3317829716,Martinview,Tanzania,Male,2025-02-13,Andrew Henry,gmail.com,2025,February,Thursday,Q1,572
Amanda,Cannon,amanda.cannon@gmail.com,17002152911,Lake Edwardstad,Germany,Female,2025-04-18,Amanda Cannon,gmail.com,2025,April,Friday,Q2,508
Megan,Norton,megan.norton@hotmail.com,19443421829,East Madison,France,Female,2025-10-25,Megan Norton,hotmail.com,2025,October,Saturday,Q4,318
Lisa,Williams,lisa.williams@yahoo.com,7087670090,West Jenniferview,Marshall Islands,Female,2024-04-27,Lisa Williams,yahoo.com,2024,April,Saturday,Q2,864
Jennifer,Hart,jennifer.hart@gmail.com,2249835505,South Jaredchester,Netherlands,Female,2026-04-19,Jennifer Hart,gmail.com,2026,April,Sunday,Q2,142
Justin,Montgomery,justin.montgomery@gmail.com,12986221040,Suzanneburgh,Mexico,Male,2025-09-12,Justin Montgomery,gmail.com,2025,September,Friday,Q3,361
Kathleen,Galvan,kathleen.galvan@hotmail.com,3634816432,Montgomeryport,Saint Kitts and Nevis,Female,2024-05-30,Kathleen Galvan,hotmail.com,2024,May,Thursday,Q2,831
Joseph,Brewer,joseph.brewer@hotmail.com,13466420362,Christopherton,Swaziland,Male,2025-05-06,Joseph Brewer,hotmail.com,2025,May,Tuesday,Q2,490
Eddie,Hendrix,eddie.hendrix@yahoo.com,7554402635,Jamestown,Paraguay,Male,2024-01-17,Eddie Hendrix,yahoo.com,2024,January,Wednesday,Q1,965
Julie,Parker,julie.parker@yahoo.com,4896880315,Jessicaberg,Lao People's Democratic Republic,Female,2026-04-12,Julie Parker,yahoo.com,2026,April,Sunday,Q2,149
Ronald,Brown,ronald.brown@hotmail.com,7043043333,Chandlerberg,Sri Lanka,Male,2024-02-13,Ronald Brown,hotmail.com,2024,February,Tuesday,Q1,938
Ann,Dawson,ann.dawson@yahoo.com,8717809339,North Nicole,Timor-Leste,Female,2023-10-31,Ann Dawson,yahoo.com,2023,October,Tuesday,Q4,1043
Nathaniel,Huber,nathaniel.huber@hotmail.com,15872561786,New Danielchester,Bouvet Island (Bouvetoya),Male,2026-01-08,Nathaniel Huber,hotmail.com,2026,January,Thursday,Q1,243
Bethany,Harper,bethany.harper@gmail.com,8652774491,South Micheal,Somalia,Female,2025-02-26,Bethany Harper,gmail.com,2025,February,Wednesday,Q1,559
Cesar,Brown,cesar.brown@yahoo.com,19117894184,New Donaldchester,Congo,Male,2024-05-30,Cesar Brown,yahoo.com,2024,May,Thursday,Q2,831
Robert,Moore,robert.moore@gmail.com,13986213745,Lake Julieport,Bulgaria,Male,2025-11-23,Robert Moore,gmail.com,2025,November,Sunday,Q4,289
Kimberly,Shepard,kimberly.shepard@gmail.com,4058376660,North Sherryton,Mali,Female,2024-07-19,Kimberly Shepard,gmail.com,2024,July,Friday,Q3,781
Isaiah,Sanders,isaiah.sanders@hotmail.com,4065271531,Priscillastad,Austria,Male,2025-07-06,Isaiah Sanders,hotmail.com,2025,July,Sunday,Q3,429
Jordan,White,jordan.white@hotmail.com,6776682938,North Johnside,Albania,Male,2025-12-05,Jordan White,hotmail.com,2025,December,Friday,Q4,277
Victoria,Deleon,victoria.deleon@yahoo.com,2373882603,Shannontown,New Caledonia,Female,2023-11-20,Victoria Deleon,yahoo.com,2023,November,Monday,Q4,1023
Katie,Kaiser,katie.kaiser@hotmail.com,18148492074,Mariamouth,Benin,Female,2025-11-27,Katie Kaiser,hotmail.com,2025,November,Thursday,Q4,285
Elizabeth,Nichols,elizabeth.nichols@yahoo.com,12696325914,East Pamela,Botswana,Female,2024-06-21,Elizabeth Nichols,yahoo.com,2024,June,Friday,Q2,809
Sara,Roman,sara.roman@gmail.com,8263698069,Gallaghertown,Norway,Female,2025-07-25,Sara Roman,gmail.com,2025,July,Friday,Q3,410
Christopher,Lewis,christopher.lewis@hotmail.com,16382935953,Susanville,Cambodia,Male,2026-08-22,Christopher Lewis,hotmail.com,2026,August,Saturday,Q3,17
Kylie,Hamilton,kylie.hamilton@gmail.com,13268958264,Cooperland,Uzbekistan,Female,2024-08-09,Kylie Hamilton,gmail.com,2024,August,Friday,Q3,760
Alexis,Olson,alexis.olson@yahoo.com,5236859514,Weaverbury,Namibia,Female,2025-01-02,Alexis Olson,yahoo.com,2025,January,Thursday,Q1,614
Sarah,Nelson,sarah.nelson@gmail.com,8278300869,North Darrylfurt,Macao,Female,2024-07-17,Sarah Nelson,gmail.com,2024,July,Wednesday,Q3,783
Angela,Barnett,angela.barnett@hotmail.com,2009168094,Ayalahaven,Congo,Female,2026-02-28,Angela Barnett,hotmail.com,2026,February,Saturday,Q1,192
Travis,May,travis.may@hotmail.com,9056344077,Martinmouth,Turks and Caicos Islands,Male,2024-04-12,Travis May,hotmail.com,2024,April,Friday,Q2,879
Nicholas,Hines,nicholas.hines@yahoo.com,13296250817,South Sharonside,Estonia,Male,2023-12-21,Nicholas Hines,yahoo.com,2023,December,Thursday,Q4,992
Wesley,Gonzalez,wesley.gonzalez@yahoo.com,3129552356,South Alexburgh,Philippines,Male,2024-02-12,Wesley Gonzalez,yahoo.com,2024,February,Monday,Q1,939
Angela,Martin,angela.martin@yahoo.com,7368385277,East Jefferyland,Uganda,Female,2026-07-11,Angela Martin,yahoo.com,2026,July,Saturday,Q3,59
Joshua,Parker,joshua.parker@hotmail.com,2293502648,Hillton,Dominica,Male,2025-08-09,Joshua Parker,hotmail.com,2025,August,Saturday,Q3,395
Daniel,Wright,daniel.wright@gmail.com,3789127782,North Courtney,Eritrea,Male,2025-11-22,Daniel Wright,gmail.com,2025,November,Saturday,Q4,290
Tara,Barnes,tara.barnes@hotmail.com,15573973638,New Erin,Ghana,Female,2025-06-03,Tara Barnes,hotmail.com,2025,June,Tuesday,Q2,462
Allen,Perez,allen.perez@yahoo.com,15078986617,Port Laura,Haiti,Male,2023-09-11,Allen Perez,yahoo.com,2023,September,Monday,Q3,1093
James,Thomas,james.thomas@hotmail.com,2237552165,Gilesview,Iraq,Male,2026-02-08,James Thomas,hotmail.com,2026,February,Sunday,Q1,212
Brittany,Jones,brittany.jones@hotmail.com,16215925967,Hansonside,France,Female,2026-01-04,Brittany Jones,hotmail.com,2026,January,Sunday,Q1,247
Sean,Benton,sean.benton@gmail.com,6504938694,Nicolemouth,Tanzania,Male,2026-04-12,Sean Benton,gmail.com,2026,April,Sunday,Q2,149
Kayla,Soto,kayla.soto@hotmail.com,3457788707,East Paula,Iran,Female,2025-08-03,Kayla Soto,hotmail.com,2025,August,Sunday,Q3,401
James,Gonzalez,james.gonzalez@hotmail.com,9099746191,Cruzberg,Togo,Male,2026-05-03,James Gonzalez,hotmail.com,2026,May,Sunday,Q2,128
Kenneth,Kim,kenneth.kim@yahoo.com,12228589370,Lake Colleen,Dominica,Male,2025-04-02,Kenneth Kim,yahoo.com,2025,April,Wednesday,Q2,524
Amber,Adams,amber.adams@gmail.com,14567695790,Josephburgh,Vietnam,Female,2025-11-29,Amber Adams,gmail.com,2025,November,Saturday,Q4,283
James,Watkins,james.watkins@gmail.com,6598423289,Port Shelia,Mayotte,Male,2026-02-13,James Watkins,gmail.com,2026,February,Friday,Q1,207
Taylor,Peterson,taylor.peterson@gmail.com,4158285725,Port Heather,Guam,Female,2025-12-08,Taylor Peterson,gmail.com,2025,December,Monday,Q4,274
Lisa,Parks,lisa.parks@gmail.com,6818865507,Alexismouth,Saudi Arabia,Female,2025-10-04,Lisa Parks,gmail.com,2025,October,Saturday,Q4,339
Patricia,Mitchell,patricia.mitchell@yahoo.com,3039491891,Martinborough,Mali,Female,2026-09-06,Patricia Mitchell,yahoo.com,2026,September,Sunday,Q3,2
Felicia,Young,felicia.young@gmail.com,3537641547,Jamesborough,Saint Lucia,Female,2024-06-03,Felicia Young,gmail.com,2024,June,Monday,Q2,827
Jacob,Mercado,jacob.mercado@yahoo.com,6813367500,Port Michaelmouth,Hungary,Male,2026-04-21,Jacob Mercado,yahoo.com,2026,April,Tuesday,Q2,140
Joseph,Bright,joseph.bright@hotmail.com,16877809270,East Megan,Malta,Male,2026-01-21,Joseph Bright,hotmail.com,2026,January,Wednesday,Q1,230
Selena,Bailey,selena.bailey@gmail.com,8589660598,Ramirezburgh,Burundi,Female,2025-10-12,Selena Bailey,gmail.com,2025,October,Sunday,Q4,331
Michael,Dixon,michael.dixon@hotmail.com,13483596559,Duketown,Burkina Faso,Male,2023-09-17,Michael Dixon,hotmail.com,2023,September,Sunday,Q3,1087
Stephen,Williams,stephen.williams@yahoo.com,2397313215,Timothyhaven,Costa Rica,Male,2026-05-18,Stephen Williams,yahoo.com,2026,May,Monday,Q2,113
Mark,Peters,mark.peters@gmail.com,19145448896,Colemouth,Saint Helena,Male,2024-12-05,Mark Peters,gmail.com,2024,December,Thursday,Q4,642
Mason,Hernandez,mason.hernandez@gmail.com,5584254318,Lake Dennisland,Brunei Darussalam,Male,2024-07-14,Mason Hernandez,gmail.com,2024,July,Sunday,Q3,786
Lisa,Johns,lisa.johns@hotmail.com,5498106018,Tracyborough,Saint Barthelemy,Female,2026-01-13,Lisa Johns,hotmail.com,2026,January,Tuesday,Q1,238
Joel,Johnson,joel.johnson@gmail.com,16769817225,South Eric,Montserrat,Male,2023-10-28,Joel Johnson,gmail.com,2023,October,Saturday,Q4,1046
Erika,Montgomery,erika.montgomery@hotmail.com,13769831608,East Scott,Saint Barthelemy,Female,2024-08-10,Erika Montgomery,hotmail.com,2024,August,Saturday,Q3,759
Timothy,Rios,timothy.rios@gmail.com,8524229993,Lake Ronaldmouth,Palestinian Territory,Male,2026-03-05,Timothy Rios,gmail.com,2026,March,Thursday,Q1,187
Bernard,Turner,bernard.turner@hotmail.com,15237255398,Josephville,Liechtenstein,Male,2026-06-05,Bernard Turner,hotmail.com,2026,June,Friday,Q2,95
Julie,Manning,julie.manning@yahoo.com,6269430954,East Patriciashire,Kazakhstan,Female,2023-09-12,Julie Manning,yahoo.com,2023,September,Tuesday,Q3,1092
Chelsea,Thompson,chelsea.thompson@gmail.com,5059397871,Devonside,Yemen,Female,2025-11-22,Chelsea Thompson,gmail.com,2025,November,Saturday,Q4,290
Dana,Hernandez,dana.hernandez@hotmail.com,19129560832,Francesstad,Papua New Guinea,Female,2025-11-14,Dana Hernandez,hotmail.com,2025,November,Friday,Q4,298
Heather,Young,heather.young@hotmail.com,3009304436,West Maryburgh,Zimbabwe,Female,2024-07-30,Heather Young,hotmail.com,2024,July,Tuesday,Q3,770
Shane,Duncan,shane.duncan@gmail.com,5299295014,Desireehaven,Congo,Male,2023-12-05,Shane Duncan,gmail.com,2023,December,Tuesday,Q4,1008
Lisa,Gonzalez,lisa.gonzalez@gmail.com,13674139719,Williamsberg,Saint Martin,Female,2024-04-30,Lisa Gonzalez,gmail.com,2024,April,Tuesday,Q2,861
Ashley,Moore,ashley.moore@hotmail.com,18763720191,East Bobby,Niger,Female,2023-10-27,Ashley Moore,hotmail.com,2023,October,Friday,Q4,1047
Jeremy,Sharp,jeremy.sharp@hotmail.com,17875339304,Lake Haroldport,Singapore,Male,2025-11-25,Jeremy Sharp,hotmail.com,2025,November,Tuesday,Q4,287
Brian,Duran,brian.duran@yahoo.com,7112408682,Tinaberg,Nepal,Male,2024-11-26,Brian Duran,yahoo.com,2024,November,Tuesday,Q4,651
Jaime,Smith,jaime.smith@hotmail.com,7554610399,Colonville,Denmark,Female,2025-08-12,Jaime Smith,hotmail.com,2025,August,Tuesday,Q3,392
Barbara,Hill,barbara.hill@yahoo.com,4852856423,South Sarah,Jamaica,Female,2024-03-17,Barbara Hill,yahoo.com,2024,March,Sunday,Q1,905
Heidi,Martin,heidi.martin@gmail.com,13748029907,Atkinstown,Isle of Man,Female,2024-08-27,Heidi Martin,gmail.com,2024,August,Tuesday,Q3,742
Beverly,Heath,beverly.heath@hotmail.com,12157542034,Fryeshire,United States Virgin Islands,Female,2026-05-28,Beverly Heath,hotmail.com,2026,May,Thursday,Q2,103
Jocelyn,Henderson,jocelyn.henderson@yahoo.com,19153795546,Port Lisa,Kyrgyz Republic,Female,2025-07-13,Jocelyn Henderson,yahoo.com,2025,July,Sunday,Q3,422
April,Williams,april.williams@gmail.com,13189103068,South Zachary,Mayotte,Female,2023-09-28,April Williams,gmail.com,2023,September,Thursday,Q3,1076
Kelly,Burnett,kelly.burnett@hotmail.com,2718290150,Garciaton,Kyrgyz Republic,Female,2024-08-29,Kelly Burnett,hotmail.com,2024,August,Thursday,Q3,740
Gary,Novak,gary.novak@yahoo.com,8844743621,Amandahaven,Philippines,Male,2025-03-12,Gary Novak,yahoo.com,2025,March,Wednesday,Q1,545
Jillian,Warner,jillian.warner@hotmail.com,4709318053,Maryfurt,Jordan,Female,2024-04-26,Jillian Warner,hotmail.com,2024,April,Friday,Q2,865
Angela,Richards,angela.richards@hotmail.com,8273000466,Tammyshire,Anguilla,Female,2023-12-22,Angela Richards,hotmail.com,2023,December,Friday,Q4,991
Robert,Williams,robert.williams@hotmail.com,6712400493,Johnland,Ghana,Male,2024-06-01,Robert Williams,hotmail.com,2024,June,Saturday,Q2,829
Andrew,Bishop,andrew.bishop@hotmail.com,5943976987,South Brittany,Poland,Male,2024-03-12,Andrew Bishop,hotmail.com,2024,March,Tuesday,Q1,910
Robin,Reyes,robin.reyes@hotmail.com,16415661237,Port Grant,Gibraltar,Female,2025-07-17,Robin Reyes,hotmail.com,2025,July,Thursday,Q3,418
Catherine,Mclaughlin,catherine.mclaughlin@hotmail.com,14992499197,South Brent,Kuwait,Female,2025-12-25,Catherine Mclaughlin,hotmail.com,2025,December,Thursday,Q4,257
Sarah,Garcia,sarah.garcia@yahoo.com,9204418135,North Theresatown,Saint Martin,Female,2025-12-20,Sarah Garcia,yahoo.com,2025,December,Saturday,Q4,262
Kathy,Matthews,kathy.matthews@yahoo.com,15809186448,Samueltown,Mauritius,Female,2024-06-02,Kathy Matthews,yahoo.com,2024,June,Sunday,Q2,828
Antonio,Johnson,antonio.johnson@hotmail.com,3676571236,Davisland,Vietnam,Male,2024-05-10,Antonio Johnson,hotmail.com,2024,May,Friday,Q2,851
Kayla,Porter,kayla.porter@hotmail.com,6292688276,Jeromeville,Eritrea,Female,2024-01-23,Kayla Porter,hotmail.com,2024,January,Tuesday,Q1,959
Rachel,Henderson,rachel.henderson@yahoo.com,3079832748,Whiteton,Turks and Caicos Islands,Female,2026-04-04,Rachel Henderson,yahoo.com,2026,April,Saturday,Q2,157
Timothy,Miles,timothy.miles@yahoo.com,16664834960,South Alexanderside,Guadeloupe,Male,2024-02-13,Timothy Miles,yahoo.com,2024,February,Tuesday,Q1,938
James,Moore,james.moore@yahoo.com,15366488208,Patelhaven,Denmark,Male,2026-04-18,James Moore,yahoo.com,2026,April,Saturday,Q2,143
Amanda,Graham,amanda.graham@yahoo.com,6723879916,Port Daniel,Ukraine,Female,2024-09-27,Amanda Graham,yahoo.com,2024,September,Friday,Q3,711
Heather,Campos,heather.campos@hotmail.com,12236613376,Angelaville,Iran,Female,2025-02-05,Heather Campos,hotmail.com,2025,February,Wednesday,Q1,580
Richard,Graves,richard.graves@gmail.com,5446724191,Anthonyshire,Israel,Male,2025-05-24,Richard Graves,gmail.com,2025,May,Saturday,Q2,472
Sarah,Harrison,sarah.harrison@hotmail.com,8189249898,North Joseph,Kenya,Female,2024-11-01,Sarah Harrison,hotmail.com,2024,November,Friday,Q4,676
Jason,Abbott,jason.abbott@gmail.com,5598266486,Collinshaven,Hong Kong,Male,2026-02-05,Jason Abbott,gmail.com,2026,February,Thursday,Q1,215
Erik,Stafford,erik.stafford@gmail.com,7595450119,Smallton,Guernsey,Male,2024-03-02,Erik Stafford,gmail.com,2024,March,Saturday,Q1,920
Andrea,Miller,andrea.miller@hotmail.com,13036988636,Nathanton,Hong Kong,Female,2025-10-01,Andrea Miller,hotmail.com,2025,October,Wednesday,Q4,342
Adam,Johnson,adam.johnson@hotmail.com,16948248942,Jimenezton,Greece,Male,2025-07-15,Adam Johnson,hotmail.com,2025,July,Tuesday,Q3,420
Dennis,Smith,dennis.smith@yahoo.com,2658775809,East Melody,Heard Island and McDonald Islands,Male,2024-10-12,Dennis Smith,yahoo.com,2024,October,Saturday,Q4,696
Robert,Liu,robert.liu@gmail.com,12262540165,Martinburgh,British Indian Ocean Territory (Chagos Archipelago),Male,2024-06-05,Robert Liu,gmail.com,2024,June,Wednesday,Q2,825
Brittany,White,brittany.white@yahoo.com,6773462591,West Reneehaven,Suriname,Female,2024-10-02,Brittany White,yahoo.com,2024,October,Wednesday,Q4,706
Kim,Holmes,kim.holmes@yahoo.com,9089017986,East Nancy,China,Female,2026-02-21,Kim Holmes,yahoo.com,2026,February,Saturday,Q1,199
Kyle,David,kyle.david@yahoo.com,4473264261,North James,El Salvador,Male,2024-08-28,Kyle David,yahoo.com,2024,August,Wednesday,Q3,741
Nancy,Wilkerson,nancy.wilkerson@yahoo.com,7654968078,Tonyahaven,China,Female,2025-01-01,Nancy Wilkerson,yahoo.com,2025,January,Wednesday,Q1,615
Carl,Powers,carl.powers@hotmail.com,19387545400,Port James,Turkmenistan,Male,2024-01-05,Carl Powers,hotmail.com,2024,January,Friday,Q1,977
Brian,Blackburn,brian.blackburn@gmail.com,15746897917,South Geoffrey,Congo,Male,2026-01-17,Brian Blackburn,gmail.com,2026,January,Saturday,Q1,234
Kimberly,Cohen,kimberly.cohen@gmail.com,2508801963,West Jennifer,Macao,Female,2024-04-19,Kimberly Cohen,gmail.com,2024,April,Friday,Q2,872
Debra,English,debra.english@yahoo.com,9406018167,Port Ronaldburgh,Fiji,Female,2024-10-06,Debra English,yahoo.com,2024,October,Sunday,Q4,702
Dawn,Santiago,dawn.santiago@yahoo.com,5469083851,North Darlenemouth,Dominican Republic,Female,2026-06-03,Dawn Santiago,yahoo.com,2026,June,Wednesday,Q2,97
Kyle,Thomas,kyle.thomas@yahoo.com,2846869996,Timothyberg,Taiwan,Male,2025-09-21,Kyle Thomas,yahoo.com,2025,September,Sunday,Q3,352
Brian,Franco,brian.franco@hotmail.com,6464301986,Davidborough,Switzerland,Male,2026-01-19,Brian Franco,hotmail.com,2026,January,Monday,Q1,232
Matthew,Vargas,matthew.vargas@gmail.com,4332912187,East Dustin,Aruba,Male,2024-03-07,Matthew Vargas,gmail.com,2024,March,Thursday,Q1,915
Alexis,Hall,alexis.hall@gmail.com,2189676610,Martinezside,Belize,Female,2024-12-09,Alexis Hall,gmail.com,2024,December,Monday,Q4,638
Chelsey,Reyes,chelsey.reyes@gmail.com,8034845319,West Kyle,Tonga,Female,2026-03-10,Chelsey Reyes,gmail.com,2026,March,Tuesday,Q1,182
Eugene,Rhodes,eugene.rhodes@gmail.com,6037076205,Kimland,Greenland,Male,2023-10-08,Eugene Rhodes,gmail.com,2023,October,Sunday,Q4,1066
Stephanie,Williams,stephanie.williams@yahoo.com,12669411065,Craigshire,Ethiopia,Female,2026-04-25,Stephanie Williams,yahoo.com,2026,April,Saturday,Q2,136
Julie,Mills,julie.mills@gmail.com,8834668348,Lawsontown,Marshall Islands,Female,2024-09-05,Julie Mills,gmail.com,2024,September,Thursday,Q3,733
Kimberly,Grant,kimberly.grant@hotmail.com,14917787915,Anthonyshire,Korea,Female,2025-04-15,Kimberly Grant,hotmail.com,2025,April,Tuesday,Q2,511
Allison,Wheeler,allison.wheeler@gmail.com,4128657898,West Tiffanyside,Timor-Leste,Female,2023-09-17,Allison Wheeler,gmail.com,2023,September,Sunday,Q3,1087
Philip,Baird,philip.baird@hotmail.com,6213755851,South Kenneth,Netherlands,Male,2024-06-21,Philip Baird,hotmail.com,2024,June,Friday,Q2,809
Rachel,Davis,rachel.davis@hotmail.com,14829419962,Williamland,Korea,Female,2023-11-29,Rachel Davis,hotmail.com,2023,November,Wednesday,Q4,1014
Robert,Keith,robert.keith@yahoo.com,14542218545,East Megan,Haiti,Male,2025-10-18,Robert Keith,yahoo.com,2025,October,Saturday,Q4,325
Ronald,Page,ronald.page@gmail.com,16019635640,New Frank,Monaco,Male,2026-04-14,Ronald Page,gmail.com,2026,April,Tuesday,Q2,147
Garrett,Griffith,garrett.griffith@yahoo.com,9015788224,East Victorialand,Iceland,Male,2025-12-28,Garrett Griffith,yahoo.com,2025,December,Sunday,Q4,254
Tammy,Norton,tammy.norton@yahoo.com,7712058011,Port Steven,Sri Lanka,Female,2024-02-24,Tammy Norton,yahoo.com,2024,February,Saturday,Q1,927
Veronica,Sandoval,veronica.sandoval@yahoo.com,4615053709,North Stevenchester,Nauru,Female,2025-01-07,Veronica Sandoval,yahoo.com,2025,January,Tuesday,Q1,609
Michael,Smith,michael.smith1@yahoo.com,19188948543,Port Meredith,Guatemala,Male,2024-03-30,Michael Smith,yahoo.com,2024,March,Saturday,Q1,892
Linda,Ramirez,linda.ramirez@yahoo.com,12166198273,Brandonstad,Singapore,Female,2026-01-27,Linda Ramirez,yahoo.com,2026,January,Tuesday,Q1,224
Matthew,Powell,matthew.powell@hotmail.com,5177435748,South Alyssa,Iraq,Male,2024-11-05,Matthew Powell,hotmail.com,2024,November,Tuesday,Q4,672
Veronica,Graham,veronica.graham@hotmail.com,7735983448,Morseport,Iraq,Female,2024-04-09,Veronica Graham,hotmail.com,2024,April,Tuesday,Q2,882
Joshua,Rivera,joshua.rivera@gmail.com,8744065795,New Ian,Sweden,Male,2023-09-23,Joshua Rivera,gmail.com,2023,September,Saturday,Q3,1081
Linda,Fernandez,linda.fernandez@yahoo.com,18513074091,East Markport,Romania,Female,2025-07-30,Linda Fernandez,yahoo.com,2025,July,Wednesday,Q3,405
Melanie,Brown,melanie.brown@hotmail.com,3204695354,North Elizabethburgh,Kazakhstan,Female,2025-01-07,Melanie Brown,hotmail.com,2025,January,Tuesday,Q1,609
Rachel,Mccullough,rachel.mccullough@yahoo.com,5024601515,Tammyshire,Eritrea,Female,2025-07-22,Rachel Mccullough,yahoo.com,2025,July,Tuesday,Q3,413
Madeline,Williamson,madeline.williamson@gmail.com,7407717327,East Elizabethland,Australia,Female,2023-09-23,Madeline Williamson,gmail.com,2023,September,Saturday,Q3,1081
Vickie,Roberts,vickie.roberts@hotmail.com,15348039104,New Cherylport,Bahrain,Female,2023-12-28,Vickie Roberts,hotmail.com,2023,December,Thursday,Q4,985
Joshua,Sims,joshua.sims@gmail.com,7597928553,North Michael,Barbados,Male,2023-10-29,Joshua Sims,gmail.com,2023,October,Sunday,Q4,1045
Anthony,Stuart,anthony.stuart@hotmail.com,18009696801,Bakerbury,Lesotho,Male,2025-10-25,Anthony Stuart,hotmail.com,2025,October,Saturday,Q4,318
Debra,Frazier,debra.frazier@hotmail.com,2398449530,Ellisburgh,Grenada,Female,2025-01-29,Debra Frazier,hotmail.com,2025,January,Wednesday,Q1,587
Adam,Martin,adam.martin@yahoo.com,4176365426,South Amandaburgh,Myanmar,Male,2023-12-11,Adam Martin,yahoo.com,2023,December,Monday,Q4,1002
Lori,Stanley,lori.stanley@hotmail.com,18232345110,Johnside,Moldova,Female,2025-06-12,Lori Stanley,hotmail.com,2025,June,Thursday,Q2,453
Jordan,Sanchez,jordan.sanchez@gmail.com,6167673290,Cookshire,Moldova,Male,2025-12-29,Jordan Sanchez,gmail.com,2025,December,Monday,Q4,253
Jerry,Vincent,jerry.vincent@gmail.com,5295964260,Lambertburgh,South Georgia and the South Sandwich Islands,Male,2023-09-21,Jerry Vincent,gmail.com,2023,September,Thursday,Q3,1083
Stacey,Thomas,stacey.thomas@yahoo.com,3823147709,Meaganbury,Rwanda,Female,2026-01-10,Stacey Thomas,yahoo.com,2026,January,Saturday,Q1,241
Abigail,Lopez,abigail.lopez@hotmail.com,9192215818,Arianachester,Botswana,Female,2024-02-29,Abigail Lopez,hotmail.com,2024,February,Thursday,Q1,922
Kathy,Lewis,kathy.lewis@yahoo.com,2882195977,Sallyfort,Martinique,Female,2026-08-29,Kathy Lewis,yahoo.com,2026,August,Saturday,Q3,10
Larry,Robinson,larry.robinson@hotmail.com,4924897284,Martinton,Christmas Island,Male,2026-01-11,Larry Robinson,hotmail.com,2026,January,Sunday,Q1,240
Daniel,Phillips,daniel.phillips@gmail.com,13323204144,Dicksonstad,Morocco,Male,2026-03-31,Daniel Phillips,gmail.com,2026,March,Tuesday,Q1,161
Michael,Haynes,michael.haynes@hotmail.com,4024030423,Jimenezberg,Qatar,Male,2024-02-15,Michael Haynes,hotmail.com,2024,February,Thursday,Q1,936
David,Robbins,david.robbins@gmail.com,15289165064,Stevensfurt,United Kingdom,Male,2026-03-04,David Robbins,gmail.com,2026,March,Wednesday,Q1,188
Anne,Medina,anne.medina@gmail.com,15103291617,West Johnside,Swaziland,Female,2024-11-09,Anne Medina,gmail.com,2024,November,Saturday,Q4,668
Andrea,Hughes,andrea.hughes@gmail.com,2917316708,Grantstad,Tajikistan,Female,2025-06-17,Andrea Hughes,gmail.com,2025,June,Tuesday,Q2,448
Ryan,Solomon,ryan.solomon@yahoo.com,16066362198,Dianamouth,Jersey,Male,2025-05-08,Ryan Solomon,yahoo.com,2025,May,Thursday,Q2,488
William,Cohen,william.cohen@hotmail.com,14338965049,South Nicole,British Indian Ocean Territory (Chagos Archipelago),Male,2024-01-23,William Cohen,hotmail.com,2024,January,Tuesday,Q1,959
Edward,Thomas,edward.thomas@gmail.com,3258854218,Lake John,Georgia,Male,2024-01-17,Edward Thomas,gmail.com,2024,January,Wednesday,Q1,965
Matthew,Duncan,matthew.duncan@yahoo.com,7335853247,East Jose,Cook Islands,Male,2023-10-31,Matthew Duncan,yahoo.com,2023,October,Tuesday,Q4,1043
Rhonda,Allen,rhonda.allen@gmail.com,16589760545,Laurafurt,Namibia,Female,2024-10-28,Rhonda Allen,gmail.com,2024,October,Monday,Q4,680
Mindy,Bender,mindy.bender@hotmail.com,3358365974,West David,Christmas Island,Female,2025-02-22,Mindy Bender,hotmail.com,2025,February,Saturday,Q1,563
Donna,Johnson,donna.johnson@hotmail.com,8954948152,Kristinstad,Morocco,Female,2025-04-22,Donna Johnson,hotmail.com,2025,April,Tuesday,Q2,504
Jennifer,Richard,jennifer.richard@gmail.com,3306742359,South David,Suriname,Female,2024-11-25,Jennifer Richard,gmail.com,2024,November,Monday,Q4,652
Anthony,Contreras,anthony.contreras@yahoo.com,19898332614,Lake Kayla,Czech Republic,Male,2024-02-16,Anthony Contreras,yahoo.com,2024,February,Friday,Q1,935
Tonya,Becker,tonya.becker@gmail.com,3817785221,Davisside,Fiji,Female,2025-01-14,Tonya Becker,gmail.com,2025,January,Tuesday,Q1,602
Christopher,Cox,christopher.cox@hotmail.com,4262874470,Hoganberg,Cyprus,Male,2025-07-29,Christopher Cox,hotmail.com,2025,July,Tuesday,Q3,406
Julie,Anderson,julie.anderson@yahoo.com,9563337014,West Markhaven,Palestinian Territory,Female,2023-11-17,Julie Anderson,yahoo.com,2023,November,Friday,Q4,1026
Amanda,Mccall,amanda.mccall@yahoo.com,15223142573,Port Raymond,Sri Lanka,Female,2026-05-09,Amanda Mccall,yahoo.com,2026,May,Saturday,Q2,122
Melissa,Snyder,melissa.snyder@gmail.com,8314369552,New Deannashire,Saint Kitts and Nevis,Female,2026-05-15,Melissa Snyder,gmail.com,2026,May,Friday,Q2,116
Scott,Bowers,scott.bowers@yahoo.com,9595533222,New Carrie,China,Male,2023-09-10,Scott Bowers,yahoo.com,2023,September,Sunday,Q3,1094
Donna,Farrell,donna.farrell@hotmail.com,19358323661,North Andreamouth,Aruba,Female,2025-11-10,Donna Farrell,hotmail.com,2025,November,Monday,Q4,302
Cody,Lawson,cody.lawson@gmail.com,15824360107,Port Trevorchester,Uzbekistan,Male,2024-10-19,Cody Lawson,gmail.com,2024,October,Saturday,Q4,689
Kimberly,Scott,kimberly.scott@yahoo.com,2353742233,Jonberg,Guatemala,Female,2026-01-25,Kimberly Scott,yahoo.com,2026,January,Sunday,Q1,226
Wanda,Hodge,wanda.hodge@hotmail.com,7225560629,Dianafurt,Ecuador,Female,2026-05-22,Wanda Hodge,hotmail.com,2026,May,Friday,Q2,109
Richard,Mendoza,richard.mendoza@gmail.com,5182046741,Caldwellbury,Togo,Male,2026-01-23,Richard Mendoza,gmail.com,2026,January,Friday,Q1,228
Tiffany,Barton,tiffany.barton@hotmail.com,12526013626,Perezfort,Palestinian Territory,Female,2025-03-28,Tiffany Barton,hotmail.com,2025,March,Friday,Q1,529
James,Edwards,james.edwards@yahoo.com,3053549121,Markview,Andorra,Male,2026-02-08,James Edwards,yahoo.com,2026,February,Sunday,Q1,212
Taylor,Davis,taylor.davis@hotmail.com,4932957875,Garyburgh,Papua New Guinea,Female,2023-10-01,Taylor Davis,hotmail.com,2023,October,Sunday,Q4,1073
Andrea,Camacho,andrea.camacho@yahoo.com,8218241393,Patelmouth,Iraq,Female,2023-11-03,Andrea Camacho,yahoo.com,2023,November,Friday,Q4,1040
Keith,Mills,keith.mills@gmail.com,4269773192,Leonardtown,Kuwait,Male,2025-02-15,Keith Mills,gmail.com,2025,February,Saturday,Q1,570
Melissa,Maynard,melissa.maynard@hotmail.com,13788653394,Kyletown,Zimbabwe,Female,2025-11-12,Melissa Maynard,hotmail.com,2025,November,Wednesday,Q4,300
Megan,Floyd,megan.floyd@hotmail.com,8236120219,Annamouth,South Georgia and the South Sandwich Islands,Female,2024-11-22,Megan Floyd,hotmail.com,2024,November,Friday,Q4,655
John,Dawson,john.dawson@gmail.com,9688764486,Ashleyshire,Korea,Male,2024-12-31,John Dawson,gmail.com,2024,December,Tuesday,Q4,616
Stephen,Davis,stephen.davis@gmail.com,9565045006,New Jocelynview,Mongolia,Male,2025-07-01,Stephen Davis,gmail.com,2025,July,Tuesday,Q3,434
Lisa,Mccarty,lisa.mccarty@yahoo.com,5192529635,Brittneytown,Christmas Island,Female,2025-04-01,Lisa Mccarty,yahoo.com,2025,April,Tuesday,Q2,525
Gregory,Martin,gregory.martin@gmail.com,7638643159,Sandrachester,Palestinian Territory,Male,2025-07-14,Gregory Martin,gmail.com,2025,July,Monday,Q3,421
David,Compton,david.compton@yahoo.com,5346414916,Bethport,Czech Republic,Male,2026-02-17,David Compton,yahoo.com,2026,February,Tuesday,Q1,203
Stanley,Wiley,stanley.wiley@yahoo.com,8884223095,Cummingsborough,Morocco,Male,2026-07-13,Stanley Wiley,yahoo.com,2026,July,Monday,Q3,57
Robert,Day,robert.day@hotmail.com,14412321097,North Michelle,Senegal,Male,2023-11-14,Robert Day,hotmail.com,2023,November,Tuesday,Q4,1029
Karen,Turner,karen.turner@hotmail.com,2342655792,Joshuachester,Thailand,Female,2024-12-23,Karen Turner,hotmail.com,2024,December,Monday,Q4,624
James,Brown,james.brown@hotmail.com,17398002512,Allisonfurt,Comoros,Male,2025-02-02,James Brown,hotmail.com,2025,February,Sunday,Q1,583
Kevin,Burton,kevin.burton@yahoo.com,7866199314,West Heather,Indonesia,Male,2025-05-02,Kevin Burton,yahoo.com,2025,May,Friday,Q2,494
Daniel,Jones,daniel.jones1@hotmail.com,6039423622,Isaacchester,Cote d'Ivoire,Male,2026-06-23,Daniel Jones,hotmail.com,2026,June,Tuesday,Q2,77
Brian,Turner,brian.turner@hotmail.com,6968868008,East Olivialand,Oman,Male,2026-07-03,Brian Turner,hotmail.com,2026,July,Friday,Q3,67
William,Kim,william.kim@yahoo.com,4745304350,Staceyburgh,Central African Republic,Male,2026-01-23,William Kim,yahoo.com,2026,January,Friday,Q1,228
Leon,Ramirez,leon.ramirez@yahoo.com,2274523328,Richardville,Cuba,Male,2024-07-21,Leon Ramirez,yahoo.com,2024,July,Sunday,Q3,779
Shawn,Hall,shawn.hall@gmail.com,7462771167,Chaseberg,Singapore,Male,2025-09-20,Shawn Hall,gmail.com,2025,September,Saturday,Q3,353
Lisa,Reed,lisa.reed@yahoo.com,5026453012,Jacksontown,Cuba,Female,2024-11-01,Lisa Reed,yahoo.com,2024,November,Friday,Q4,676
Mitchell,Sampson,mitchell.sampson@gmail.com,9284471901,Lake Laura,French Guiana,Male,2023-11-27,Mitchell Sampson,gmail.com,2023,November,Monday,Q4,1016
Stanley,Brown,stanley.brown@hotmail.com,6482717754,Wardside,Denmark,Male,2025-12-19,Stanley Brown,hotmail.com,2025,December,Friday,Q4,263
Shelia,Alexander,shelia.alexander@hotmail.com,8256812259,Robinberg,Yemen,Female,2024-09-26,Shelia Alexander,hotmail.com,2024,September,Thursday,Q3,712
John,Burton,john.burton@yahoo.com,19122121101,Lake Michael,Portugal,Male,2026-01-13,John Burton,yahoo.com,2026,January,Tuesday,Q1,238
Jason,Hull,jason.hull@hotmail.com,4177074039,New Teresaview,Puerto Rico,Male,2025-03-12,Jason Hull,hotmail.com,2025,March,Wednesday,Q1,545
Cassandra,Flores,cassandra.flores@gmail.com,4122227643,Mercedesberg,Cambodia,Female,2024-03-01,Cassandra Flores,gmail.com,2024,March,Friday,Q1,921
James,Bennett,james.bennett@yahoo.com,12496633083,Romeroshire,Uzbekistan,Male,2025-02-02,James Bennett,yahoo.com,2025,February,Sunday,Q1,583
Adam,Marshall,adam.marshall@gmail.com,5599685195,Scottburgh,Indonesia,Male,2025-07-02,Adam Marshall,gmail.com,2025,July,Wednesday,Q3,433
Mark,Clark,mark.clark@hotmail.com,14562342777,Millerfurt,Guernsey,Male,2025-12-29,Mark Clark,hotmail.com,2025,December,Monday,Q4,253
Bradley,Pacheco,bradley.pacheco@gmail.com,7598229411,North Edward,Ghana,Male,2025-01-10,Bradley Pacheco,gmail.com,2025,January,Friday,Q1,606
Peter,Haynes,peter.haynes@yahoo.com,4632726294,Bennettmouth,Panama,Male,2024-10-14,Peter Haynes,yahoo.com,2024,October,Monday,Q4,694
Loretta,Johnson,loretta.johnson@hotmail.com,12516331380,Lake Melissa,Bahrain,Female,2026-06-01,Loretta Johnson,hotmail.com,2026,June,Monday,Q2,99
Bradley,Jefferson,bradley.jefferson@gmail.com,8158481582,Esparzaport,Uganda,Male,2023-09-21,Bradley Jefferson,gmail.com,2023,September,Thursday,Q3,1083
Ashley,Aguilar,ashley.aguilar@hotmail.com,9489806442,Sanchezmouth,Mali,Female,2025-01-28,Ashley Aguilar,hotmail.com,2025,January,Tuesday,Q1,588
Ricardo,Moyer,ricardo.moyer@hotmail.com,4468419623,East Charles,Cocos (Keeling) Islands,Male,2023-10-04,Ricardo Moyer,hotmail.com,2023,October,Wednesday,Q4,1070
Eric,Brown,eric.brown@yahoo.com,3943831478,Huffmanmouth,Cape Verde,Male,2025-05-31,Eric Brown,yahoo.com,2025,May,Saturday,Q2,465
Leah,Wheeler,leah.wheeler@hotmail.com,8988128318,Smithburgh,Romania,Female,2023-09-11,Leah Wheeler,hotmail.com,2023,September,Monday,Q3,1093
Antonio,Bailey,antonio.bailey@gmail.com,14286538631,New Rachel,Mexico,Male,2023-09-10,Antonio Bailey,gmail.com,2023,September,Sunday,Q3,1094
Timothy,Tran,timothy.tran@gmail.com,5925990076,Port Angela,Tuvalu,Male,2024-07-25,Timothy Tran,gmail.com,2024,July,Thursday,Q3,775
Sonia,Mason,sonia.mason@yahoo.com,13335761851,Arnoldville,Afghanistan,Female,2024-01-01,Sonia Mason,yahoo.com,2024,January,Monday,Q1,981
Colton,Beck,colton.beck@gmail.com,4399218835,New Thomastown,Iraq,Male,2025-09-26,Colton Beck,gmail.com,2025,September,Friday,Q3,347
Johnny,Davis,johnny.davis@gmail.com,9598208814,South Samanthaville,Guinea,Male,2026-03-17,Johnny Davis,gmail.com,2026,March,Tuesday,Q1,175
Jennifer,Castaneda,jennifer.castaneda@hotmail.com,8847572026,Fergusonburgh,New Zealand,Female,2025-03-10,Jennifer Castaneda,hotmail.com,2025,March,Monday,Q1,547
Laura,Davis,laura.davis@yahoo.com,6348989925,Port Seanport,Turks and Caicos Islands,Female,2024-04-07,Laura Davis,yahoo.com,2024,April,Sunday,Q2,884
Lauren,Franklin,lauren.franklin@yahoo.com,8729966941,New Adammouth,Gambia,Female,2026-08-08,Lauren Franklin,yahoo.com,2026,August,Saturday,Q3,31
Michael,Scott,michael.scott@yahoo.com,19995464183,Maryhaven,Western Sahara,Male,2026-05-13,Michael Scott,yahoo.com,2026,May,Wednesday,Q2,118
Gwendolyn,Ross,gwendolyn.ross@hotmail.com,16817649804,Port Cassidyhaven,Sri Lanka,Female,2025-05-12,Gwendolyn Ross,hotmail.com,2025,May,Monday,Q2,484
Shawn,Murphy,shawn.murphy@gmail.com,6022627066,Port Amyview,Martinique,Male,2024-10-04,Shawn Murphy,gmail.com,2024,October,Friday,Q4,704
Ian,Garcia,ian.garcia@gmail.com,6885983057,Greenville,Micronesia,Male,2025-03-01,Ian Garcia,gmail.com,2025,March,Saturday,Q1,556
Jennifer,Glenn,jennifer.glenn@gmail.com,8758000305,New Pamelastad,Oman,Female,2024-07-19,Jennifer Glenn,gmail.com,2024,July,Friday,Q3,781
Alicia,Donaldson,alicia.donaldson@yahoo.com,2419849378,Lake Davidfort,Central African Republic,Female,2025-06-12,Alicia Donaldson,yahoo.com,2025,June,Thursday,Q2,453
Shawn,Lara,shawn.lara@gmail.com,6366510344,New Caitlin,Aruba,Male,2025-05-11,Shawn Lara,gmail.com,2025,May,Sunday,Q2,485
John,Ortega,john.ortega@yahoo.com,13657240622,Cherylchester,Tunisia,Male,2025-09-19,John Ortega,yahoo.com,2025,September,Friday,Q3,354
Breanna,Randolph,breanna.randolph@gmail.com,9212905334,Victorfort,United Arab Emirates,Female,2025-05-03,Breanna Randolph,gmail.com,2025,May,Saturday,Q2,493
Elizabeth,Roberts,elizabeth.roberts@yahoo.com,2939965213,East Karlstad,Cuba,Female,2024-02-12,Elizabeth Roberts,yahoo.com,2024,February,Monday,Q1,939
Carol,Poole,carol.poole@hotmail.com,5034622117,Simpsonchester,Sierra Leone,Female,2024-11-01,Carol Poole,hotmail.com,2024,November,Friday,Q4,676
Joshua,Gardner,joshua.gardner@gmail.com,17584558522,Craigville,Macao,Male,2025-01-29,Joshua Gardner,gmail.com,2025,January,Wednesday,Q1,587
Katherine,Mendez,katherine.mendez@yahoo.com,3056080549,Gibsonview,Latvia,Female,2024-08-30,Katherine Mendez,yahoo.com,2024,August,Friday,Q3,739
Pamela,Fowler,pamela.fowler@yahoo.com,15246784171,Melanieborough,Argentina,Female,2025-02-06,Pamela Fowler,yahoo.com,2025,February,Thursday,Q1,579
David,Dixon,david.dixon@gmail.com,5314836113,Mayerhaven,Lebanon,Male,2025-11-02,David Dixon,gmail.com,2025,November,Sunday,Q4,310
Joseph,Thompson,joseph.thompson@hotmail.com,8524787304,Gabriellemouth,Cocos (Keeling) Islands,Male,2024-03-15,Joseph Thompson,hotmail.com,2024,March,Friday,Q1,907
Jill,Torres,jill.torres@yahoo.com,15356378018,Mollyfort,Benin,Female,2025-09-21,Jill Torres,yahoo.com,2025,September,Sunday,Q3,352
Jeremy,Gray,jeremy.gray@gmail.com,16698143362,Greenmouth,Austria,Male,2026-04-11,Jeremy Gray,gmail.com,2026,April,Saturday,Q2,150
Kevin,Willis,kevin.willis@gmail.com,15017089857,North Janet,Mauritius,Male,2026-03-19,Kevin Willis,gmail.com,2026,March,Thursday,Q1,173
Jason,Boyd,jason.boyd@yahoo.com,9467488499,Jacksonstad,Swaziland,Male,2025-10-08,Jason Boyd,yahoo.com,2025,October,Wednesday,Q4,335
Erin,Mckinney,erin.mckinney@yahoo.com,13824819022,Allisonborough,Northern Mariana Islands,Female,2026-04-10,Erin Mckinney,yahoo.com,2026,April,Friday,Q2,151
Susan,Hayes,susan.hayes@gmail.com,9054984451,Hendrixville,Belize,Female,2024-06-17,Susan Hayes,gmail.com,2024,June,Monday,Q2,813
Molly,Little,molly.little@gmail.com,7852681193,Lake Laurashire,Norfolk Island,Female,2024-05-24,Molly Little,gmail.com,2024,May,Friday,Q2,837
Sandra,Griffin,sandra.griffin@hotmail.com,5557286693,Lake Mariamouth,Samoa,Female,2025-10-30,Sandra Griffin,hotmail.com,2025,October,Thursday,Q4,313
Kimberly,Smith,kimberly.smith@hotmail.com,3052326011,Port Amanda,Timor-Leste,Female,2026-02-14,Kimberly Smith,hotmail.com,2026,February,Saturday,Q1,206
Victoria,Parker,victoria.parker@hotmail.com,2516360908,Bruceberg,French Southern Territories,Female,2024-08-02,Victoria Parker,hotmail.com,2024,August,Friday,Q3,767
Miguel,Clark,miguel.clark@gmail.com,5875366271,Johnton,Romania,Male,2023-09-19,Miguel Clark,gmail.com,2023,September,Tuesday,Q3,1085
Mark,Stephens,mark.stephens@yahoo.com,5549731566,West Michael,Turkey,Male,2024-03-05,Mark Stephens,yahoo.com,2024,March,Tuesday,Q1,917
Brian,Roberts,brian.roberts@yahoo.com,18908283772,Smithbury,French Polynesia,Male,2024-06-09,Brian Roberts,yahoo.com,2024,June,Sunday,Q2,821
Kelly,Gray,kelly.gray@yahoo.com,6168101975,Bradstad,British Virgin Islands,Female,2023-11-05,Kelly Gray,yahoo.com,2023,November,Sunday,Q4,1038
Chelsea,Castro,chelsea.castro@gmail.com,8734042763,West Cynthiaview,Korea,Female,2024-03-06,Chelsea Castro,gmail.com,2024,March,Wednesday,Q1,916
Joseph,Riley,joseph.riley@hotmail.com,4304969067,Sheenahaven,Korea,Male,2024-10-30,Joseph Riley,hotmail.com,2024,October,Wednesday,Q4,678
Shelby,Webster,shelby.webster@yahoo.com,6355872717,Lake Tammyside,Monaco,Female,2024-03-12,Shelby Webster,yahoo.com,2024,March,Tuesday,Q1,910
Rachel,Todd,rachel.todd@yahoo.com,19037439881,Lake Jim,Iraq,Female,2024-11-22,Rachel Todd,yahoo.com,2024,November,Friday,Q4,655
Paige,Cole,paige.cole@yahoo.com,8302909153,New David,Burkina Faso,Female,2025-03-02,Paige Cole,yahoo.com,2025,March,Sunday,Q1,555
Deborah,Jackson,deborah.jackson@gmail.com,6126319057,North Brianfort,Portugal,Female,2026-03-14,Deborah Jackson,gmail.com,2026,March,Saturday,Q1,178
Sara,Nelson,sara.nelson@hotmail.com,9246538109,Lake Sandraberg,Sao Tome and Principe,Female,2024-11-11,Sara Nelson,hotmail.com,2024,November,Monday,Q4,666
Joshua,Owens,joshua.owens@hotmail.com,19876264963,East Keith,Estonia,Male,2026-08-20,Joshua Owens,hotmail.com,2026,August,Thursday,Q3,19
Maria,Lewis,maria.lewis@yahoo.com,8183900346,Lewisfort,American Samoa,Female,2024-04-26,Maria Lewis,yahoo.com,2024,April,Friday,Q2,865
Kimberly,West,kimberly.west@hotmail.com,8024009536,New Michaelchester,Mayotte,Female,2026-03-02,Kimberly West,hotmail.com,2026,March,Monday,Q1,190
Amanda,Morgan,amanda.morgan@yahoo.com,19505017325,Daviston,Palau,Female,2025-08-09,Amanda Morgan,yahoo.com,2025,August,Saturday,Q3,395
Carolyn,Davis,carolyn.davis@gmail.com,14694087167,North Lindaview,Germany,Female,2024-11-14,Carolyn Davis,gmail.com,2024,November,Thursday,Q4,663
Natalie,Sparks,natalie.sparks@yahoo.com,6925817074,Brownberg,Sweden,Female,2024-08-23,Natalie Sparks,yahoo.com,2024,August,Friday,Q3,746
Peter,Carter,peter.carter@gmail.com,5526160252,East Stephanietown,Myanmar,Male,2024-11-02,Peter Carter,gmail.com,2024,November,Saturday,Q4,675
Elizabeth,Morrow,elizabeth.morrow@yahoo.com,3695032655,South Robert,Pakistan,Female,2025-08-31,Elizabeth Morrow,yahoo.com,2025,August,Sunday,Q3,373
Lance,Evans,lance.evans@hotmail.com,8242559851,North Daniel,Papua New Guinea,Male,2024-02-26,Lance Evans,hotmail.com,2024,February,Monday,Q1,925
Francisco,Conrad,francisco.conrad@hotmail.com,6269864986,Moodyhaven,Peru,Male,2025-06-23,Francisco Conrad,hotmail.com,2025,June,Monday,Q2,442
Cameron,Ford,cameron.ford@gmail.com,5889447408,New Danielton,Liechtenstein,Male,2024-12-03,Cameron Ford,gmail.com,2024,December,Tuesday,Q4,644
Manuel,Bradley,manuel.bradley@gmail.com,6406069836,Nelsonton,Madagascar,Male,2024-05-10,Manuel Bradley,gmail.com,2024,May,Friday,Q2,851
Autumn,Andrews,autumn.andrews@hotmail.com,7547622021,East Kathleentown,Bahamas,Female,2023-10-10,Autumn Andrews,hotmail.com,2023,October,Tuesday,Q4,1064
Albert,Stone,albert.stone@gmail.com,3673391900,Davidtown,Angola,Male,2026-02-24,Albert Stone,gmail.com,2026,February,Tuesday,Q1,196
Tina,Jefferson,tina.jefferson@yahoo.com,19232273798,Smithmouth,French Southern Territories,Female,2025-12-30,Tina Jefferson,yahoo.com,2025,December,Tuesday,Q4,252
William,Tapia,william.tapia@hotmail.com,8743630009,Lake Marymouth,Belize,Male,2024-02-04,William Tapia,hotmail.com,2024,February,Sunday,Q1,947
Joseph,Miller,joseph.miller@gmail.com,12983545829,Jamesbury,Fiji,Male,2025-06-10,Joseph Miller,gmail.com,2025,June,Tuesday,Q2,455
Jennifer,Griffin,jennifer.griffin@yahoo.com,19994449466,North Brianberg,Ethiopia,Female,2026-06-04,Jennifer Griffin,yahoo.com,2026,June,Thursday,Q2,96
Nathan,Patrick,nathan.patrick@hotmail.com,14812822387,Vincentland,Luxembourg,Male,2024-10-19,Nathan Patrick,hotmail.com,2024,October,Saturday,Q4,689
Melissa,Conway,melissa.conway@yahoo.com,2532642357,Christopherville,Sierra Leone,Female,2026-01-24,Melissa Conway,yahoo.com,2026,January,Saturday,Q1,227
Tiffany,Arnold,tiffany.arnold@yahoo.com,2816612559,Wilsonton,Bahamas,Female,2025-08-29,Tiffany Arnold,yahoo.com,2025,August,Friday,Q3,375
Lindsay,Robinson,lindsay.robinson@yahoo.com,4605012838,New Jessica,Uzbekistan,Female,2026-05-09,Lindsay Robinson,yahoo.com,2026,May,Saturday,Q2,122
Jeffery,Bell,jeffery.bell@gmail.com,5486507665,Patrickton,Turkey,Male,2024-12-25,Jeffery Bell,gmail.com,2024,December,Wednesday,Q4,622
Mary,English,mary.english@yahoo.com,6349601915,West Jimmy,Moldova,Female,2025-06-24,Mary English,yahoo.com,2025,June,Tuesday,Q2,441
Angela,Kidd,angela.kidd@hotmail.com,2258127267,Padillafurt,Vietnam,Female,2025-03-06,Angela Kidd,hotmail.com,2025,March,Thursday,Q1,551
Tara,Logan,tara.logan@gmail.com,6416976878,Mcdonaldland,Panama,Female,2024-05-12,Tara Logan,gmail.com,2024,May,Sunday,Q2,849
Kenneth,Fowler,kenneth.fowler@yahoo.com,6064184897,East Lawrence,Faroe Islands,Male,2024-07-29,Kenneth Fowler,yahoo.com,2024,July,Monday,Q3,771
Eric,Parker,eric.parker@yahoo.com,17686212156,North Tara,Palestinian Territory,Male,2026-08-16,Eric Parker,yahoo.com,2026,August,Sunday,Q3,23
Donald,Campbell,donald.campbell@gmail.com,18115973881,Jeremiahshire,Solomon Islands,Male,2024-11-27,Donald Campbell,gmail.com,2024,November,Wednesday,Q4,650
Kathryn,Shields,kathryn.shields@gmail.com,17183849680,North Hunterburgh,Suriname,Female,2025-04-06,Kathryn Shields,gmail.com,2025,April,Sunday,Q2,520
Eric,Douglas,eric.douglas@yahoo.com,8232016049,South Douglas,Rwanda,Male,2026-06-01,Eric Douglas,yahoo.com,2026,June,Monday,Q2,99
Shane,Cruz,shane.cruz@gmail.com,2203319789,Port Joshuatown,Cote d'Ivoire,Male,2024-12-13,Shane Cruz,gmail.com,2024,December,Friday,Q4,634
Tamara,Wells,tamara.wells@gmail.com,3178197860,Port Vanessa,Guinea,Female,2026-08-05,Tamara Wells,gmail.com,2026,August,Wednesday,Q3,34
Michelle,Levine,michelle.levine@gmail.com,15849194785,Jeffreyhaven,Chad,Female,2024-03-11,Michelle Levine,gmail.com,2024,March,Monday,Q1,911
Alexander,Livingston,alexander.livingston@hotmail.com,8782072790,Port Christinaberg,Bulgaria,Male,2024-07-19,Alexander Livingston,hotmail.com,2024,July,Friday,Q3,781
Megan,Koch,megan.koch@hotmail.com,18643771837,East Laurenside,American Samoa,Female,2026-07-20,Megan Koch,hotmail.com,2026,July,Monday,Q3,50
Nathan,Dunn,nathan.dunn@yahoo.com,4803024432,Richardsfurt,Netherlands,Male,2026-07-13,Nathan Dunn,yahoo.com,2026,July,Monday,Q3,57
Pamela,Arnold,pamela.arnold@yahoo.com,7674067516,West Brianville,Taiwan,Female,2025-05-31,Pamela Arnold,yahoo.com,2025,May,Saturday,Q2,465
Steven,Colon,steven.colon@yahoo.com,6074033508,Melindaville,Niger,Male,2025-12-22,Steven Colon,yahoo.com,2025,December,Monday,Q4,260
Sharon,Lane,sharon.lane@yahoo.com,18483130041,West Micheleton,Cameroon,Female,2024-02-11,Sharon Lane,yahoo.com,2024,February,Sunday,Q1,940
Jacob,Jones,jacob.jones@yahoo.com,13583646339,West Andreville,Turkmenistan,Male,2024-11-09,Jacob Jones,yahoo.com,2024,November,Saturday,Q4,668
Thomas,Fisher,thomas.fisher@gmail.com,3899615738,Riveraville,Burkina Faso,Male,2024-09-05,Thomas Fisher,gmail.com,2024,September,Thursday,Q3,733
Leslie,Hubbard,leslie.hubbard@yahoo.com,4156542609,Ryanstad,Sierra Leone,Female,2024-11-16,Leslie Hubbard,yahoo.com,2024,November,Saturday,Q4,661
Jenny,Ford,jenny.ford@gmail.com,9513710730,Patrickview,Saudi Arabia,Female,2026-06-17,Jenny Ford,gmail.com,2026,June,Wednesday,Q2,83
Karen,Cooley,karen.cooley@gmail.com,3036175438,Janiceburgh,Hungary,Female,2023-11-24,Karen Cooley,gmail.com,2023,November,Friday,Q4,1019
Candice,Thompson,candice.thompson@yahoo.com,16684627288,South Denisefurt,Pitcairn Islands,Female,2024-07-25,Candice Thompson,yahoo.com,2024,July,Thursday,Q3,775
Charles,Dougherty,charles.dougherty@hotmail.com,4535867625,Bowenfort,New Caledonia,Male,2023-11-27,Charles Dougherty,hotmail.com,2023,November,Monday,Q4,1016
Jason,Powers,jason.powers@gmail.com,2887693205,Lake Aliciaberg,Lebanon,Male,2024-07-14,Jason Powers,gmail.com,2024,July,Sunday,Q3,786
Kenneth,Harmon,kenneth.harmon@yahoo.com,19769405356,Maxburgh,Jordan,Male,2024-01-05,Kenneth Harmon,yahoo.com,2024,January,Friday,Q1,977
Laurie,Huffman,laurie.huffman@gmail.com,4429273627,North Kathleenmouth,Switzerland,Female,2025-04-06,Laurie Huffman,gmail.com,2025,April,Sunday,Q2,520
Matthew,Henry,matthew.henry@hotmail.com,7713620429,Josephside,Iraq,Male,2026-02-20,Matthew Henry,hotmail.com,2026,February,Friday,Q1,200
Juan,Johnson,juan.johnson@gmail.com,4698039220,North Wendyview,Colombia,Male,2026-07-28,Juan Johnson,gmail.com,2026,July,Tuesday,Q3,42
James,Simpson,james.simpson@gmail.com,3688017703,South Paige,Armenia,Male,2025-02-20,James Simpson,gmail.com,2025,February,Thursday,Q1,565
Michael,Pugh,michael.pugh@yahoo.com,18335267244,Port Lindseyburgh,Mongolia,Male,2024-11-13,Michael Pugh,yahoo.com,2024,November,Wednesday,Q4,664
Richard,Hamilton,richard.hamilton@gmail.com,12084390654,Christinaside,Greece,Male,2024-02-23,Richard Hamilton,gmail.com,2024,February,Friday,Q1,928
Melissa,Robinson,melissa.robinson@hotmail.com,3278272812,West Denise,French Southern Territories,Female,2026-01-29,Melissa Robinson,hotmail.com,2026,January,Thursday,Q1,222
Ruth,Brown,ruth.brown@yahoo.com,19676652728,Andrewtown,Madagascar,Female,2026-01-03,Ruth Brown,yahoo.com,2026,January,Saturday,Q1,248
Jessica,Cabrera,jessica.cabrera@yahoo.com,12754602080,Port Christian,Holy See (Vatican City State),Female,2024-12-15,Jessica Cabrera,yahoo.com,2024,December,Sunday,Q4,632
Sonia,Allen,sonia.allen@gmail.com,5484909322,East Johnland,Armenia,Female,2024-05-04,Sonia Allen,gmail.com,2024,May,Saturday,Q2,857
Robert,Bullock,robert.bullock@yahoo.com,6015935450,Port Kimberly,Congo,Male,2024-05-16,Robert Bullock,yahoo.com,2024,May,Thursday,Q2,845
Elizabeth,Sanchez,elizabeth.sanchez@gmail.com,15623080598,Port Tammy,Ethiopia,Female,2024-10-31,Elizabeth Sanchez,gmail.com,2024,October,Thursday,Q4,677
Ann,Hobbs,ann.hobbs@gmail.com,5599659992,Gonzalezfort,Kuwait,Female,2024-12-30,Ann Hobbs,gmail.com,2024,December,Monday,Q4,617
Leah,Ramirez,leah.ramirez@gmail.com,7623941937,East Randall,Belarus,Female,2026-09-04,Leah Ramirez,gmail.com,2026,September,Friday,Q3,4
Daryl,Olson,daryl.olson@gmail.com,14622647528,Martinezbury,Anguilla,Male,2023-09-15,Daryl Olson,gmail.com,2023,September,Friday,Q3,1089
Kenneth,Moore,kenneth.moore@hotmail.com,13457240321,Port Martin,Algeria,Male,2025-01-13,Kenneth Moore,hotmail.com,2025,January,Monday,Q1,603
Brandon,Clark,brandon.clark@gmail.com,9914430877,Stevenberg,Holy See (Vatican City State),Male,2026-08-18,Brandon Clark,gmail.com,2026,August,Tuesday,Q3,21
Patrick,Heath,patrick.heath@gmail.com,4882345819,Kelseyfort,Lithuania,Male,2023-11-11,Patrick Heath,gmail.com,2023,November,Saturday,Q4,1032
Jeffrey,Walters,jeffrey.walters@hotmail.com,3337299865,East Matthewside,Papua New Guinea,Male,2024-12-01,Jeffrey Walters,hotmail.com,2024,December,Sunday,Q4,646
Tyler,Hill,tyler.hill@hotmail.com,2856883825,Olsonshire,Slovakia (Slovak Republic),Male,2024-05-26,Tyler Hill,hotmail.com,2024,May,Sunday,Q2,835
Heidi,Bradshaw,heidi.bradshaw@hotmail.com,4517962822,Jacksonport,Kiribati,Female,2024-06-01,Heidi Bradshaw,hotmail.com,2024,June,Saturday,Q2,829
Kristen,Lopez,kristen.lopez@yahoo.com,4012223414,New Jacquelinechester,India,Female,2024-05-29,Kristen Lopez,yahoo.com,2024,May,Wednesday,Q2,832
Sandra,Ramos,sandra.ramos@gmail.com,2602450956,New Charles,Saint Pierre and Miquelon,Female,2024-01-17,Sandra Ramos,gmail.com,2024,January,Wednesday,Q1,965
Laura,Sanchez,laura.sanchez@gmail.com,15928224711,Lake Brandontown,Venezuela,Female,2025-12-07,Laura Sanchez,gmail.com,2025,December,Sunday,Q4,275
Briana,Tucker,briana.tucker@gmail.com,7642616076,New Markmouth,China,Female,2024-07-14,Briana Tucker,gmail.com,2024,July,Sunday,Q3,786
Denise,Davis,denise.davis@yahoo.com,16234133610,Lake Cory,Guernsey,Female,2024-11-09,Denise Davis,yahoo.com,2024,November,Saturday,Q4,668
Stephanie,Roberts,stephanie.roberts@hotmail.com,8722776857,Trevinoborough,Somalia,Female,2024-10-01,Stephanie Roberts,hotmail.com,2024,October,Tuesday,Q4,707
Larry,White,larry.white@gmail.com,9615755188,West Heidi,Armenia,Male,2024-05-27,Larry White,gmail.com,2024,May,Monday,Q2,834
Dustin,Robinson,dustin.robinson@yahoo.com,8416723456,Hudsontown,Chad,Male,2025-03-18,Dustin Robinson,yahoo.com,2025,March,Tuesday,Q1,539
Shelly,Mejia,shelly.mejia@yahoo.com,18366268904,Lake Alexandertown,Nepal,Female,2025-02-15,Shelly Mejia,yahoo.com,2025,February,Saturday,Q1,570
Crystal,Baxter,crystal.baxter@hotmail.com,5749216435,West Emilyton,Gambia,Female,2025-10-06,Crystal Baxter,hotmail.com,2025,October,Monday,Q4,337
Ryan,Reid,ryan.reid@hotmail.com,9432788443,Lunaland,Mauritius,Male,2025-08-09,Ryan Reid,hotmail.com,2025,August,Saturday,Q3,395
Sarah,Mccarty,sarah.mccarty@yahoo.com,7462726368,East Shawnburgh,Morocco,Female,2024-02-25,Sarah Mccarty,yahoo.com,2024,February,Sunday,Q1,926
Alexandra,Holmes,alexandra.holmes@yahoo.com,8782604356,Rachelbury,Romania,Female,2024-09-27,Alexandra Holmes,yahoo.com,2024,September,Friday,Q3,711
Jill,Melendez,jill.melendez@hotmail.com,4334067730,Jenkinsfort,United States Minor Outlying Islands,Female,2026-02-16,Jill Melendez,hotmail.com,2026,February,Monday,Q1,204
Martin,Parsons,martin.parsons@hotmail.com,7872886538,Ruizborough,Montserrat,Male,2025-06-13,Martin Parsons,hotmail.com,2025,June,Friday,Q2,452
Dan,Frazier,dan.frazier@gmail.com,14894876055,Lake Stanleyview,Oman,Male,2026-01-26,Dan Frazier,gmail.com,2026,January,Monday,Q1,225
Jenny,Graves,jenny.graves@gmail.com,13678066320,New Sarah,Philippines,Female,2023-10-01,Jenny Graves,gmail.com,2023,October,Sunday,Q4,1073
John,Harding,john.harding@hotmail.com,13284919827,Parkborough,Sierra Leone,Male,2024-09-04,John Harding,hotmail.com,2024,September,Wednesday,Q3,734
John,Ellis,john.ellis@gmail.com,14642942694,Lake Heather,Mauritania,Male,2026-08-10,John Ellis,gmail.com,2026,August,Monday,Q3,29
Troy,Young,troy.young@gmail.com,18354490145,New Matthewside,Kazakhstan,Male,2024-06-28,Troy Young,gmail.com,2024,June,Friday,Q2,802
April,Green,april.green@hotmail.com,8249388430,South Cynthiaview,Panama,Female,2024-08-17,April Green,hotmail.com,2024,August,Saturday,Q3,752
Michael,Cooper,michael.cooper@hotmail.com,2903164928,Brownberg,Isle of Man,Male,2026-05-14,Michael Cooper,hotmail.com,2026,May,Thursday,Q2,117
Edwin,Griffin,edwin.griffin@gmail.com,8084808172,New Sonya,Mexico,Male,2024-06-04,Edwin Griffin,gmail.com,2024,June,Tuesday,Q2,826
Marilyn,Townsend,marilyn.townsend@yahoo.com,3503072889,Fernandezchester,Vietnam,Female,2026-03-16,Marilyn Townsend,yahoo.com,2026,March,Monday,Q1,176
Melissa,Ball,melissa.ball@yahoo.com,4272662080,New David,Azerbaijan,Female,2026-05-22,Melissa Ball,yahoo.com,2026,May,Friday,Q2,109
Nina,Thompson,nina.thompson@yahoo.com,6447435962,Yoderland,Christmas Island,Female,2023-09-25,Nina Thompson,yahoo.com,2023,September,Monday,Q3,1079
Noah,Phillips,noah.phillips@hotmail.com,17245253690,East Andreaview,Montenegro,Male,2025-08-09,Noah Phillips,hotmail.com,2025,August,Saturday,Q3,395
Jared,Velasquez,jared.velasquez@hotmail.com,8397670243,Port Kathy,Portugal,Male,2024-12-29,Jared Velasquez,hotmail.com,2024,December,Sunday,Q4,618
Amanda,Kelly,amanda.kelly@hotmail.com,14643818754,Morganshire,Korea,Female,2025-10-21,Amanda Kelly,hotmail.com,2025,October,Tuesday,Q4,322
Danielle,Wood,danielle.wood@hotmail.com,8626323606,East Nathanport,Montenegro,Female,2025-09-29,Danielle Wood,hotmail.com,2025,September,Monday,Q3,344
Walter,Wyatt,walter.wyatt@hotmail.com,4208429862,North Patrick,Indonesia,Male,2023-12-29,Walter Wyatt,hotmail.com,2023,December,Friday,Q4,984
Vincent,Fry,vincent.fry@hotmail.com,14625356999,West Karen,Saint Pierre and Miquelon,Male,2025-09-18,Vincent Fry,hotmail.com,2025,September,Thursday,Q3,355
Sharon,Ross,sharon.ross@hotmail.com,4772925604,Paulabury,Bhutan,Female,2025-01-28,Sharon Ross,hotmail.com,2025,January,Tuesday,Q1,588
Curtis,Rice,curtis.rice@gmail.com,18914226000,Port Kevinbury,Timor-Leste,Male,2023-10-30,Curtis Rice,gmail.com,2023,October,Monday,Q4,1044
Shelby,Simon,shelby.simon@hotmail.com,7344103897,Andersonshire,New Zealand,Female,2025-12-25,Shelby Simon,hotmail.com,2025,December,Thursday,Q4,257
Jeffrey,Murphy,jeffrey.murphy@hotmail.com,7425240592,New Sarahchester,Japan,Male,2026-04-10,Jeffrey Murphy,hotmail.com,2026,April,Friday,Q2,151
Terri,Garcia,terri.garcia@yahoo.com,14962298056,South Donnabury,Niue,Female,2023-09-12,Terri Garcia,yahoo.com,2023,September,Tuesday,Q3,1092
Jerry,Ortiz,jerry.ortiz@gmail.com,4697572404,North Diane,Liberia,Male,2026-06-30,Jerry Ortiz,gmail.com,2026,June,Tuesday,Q2,70
Lisa,Jefferson,lisa.jefferson@gmail.com,7072773217,South Christopher,Morocco,Female,2026-07-04,Lisa Jefferson,gmail.com,2026,July,Saturday,Q3,66
Christopher,Williams,christopher.williams@hotmail.com,6994919387,Melissaport,Falkland Islands (Malvinas),Male,2025-08-04,Christopher Williams,hotmail.com,2025,August,Monday,Q3,400
Donna,Lynch,donna.lynch@yahoo.com,7603786235,Port Thomaston,Uruguay,Female,2026-08-11,Donna Lynch,yahoo.com,2026,August,Tuesday,Q3,28
Justin,Harrington,justin.harrington@yahoo.com,7738289514,West Benjamin,Suriname,Male,2023-12-30,Justin Harrington,yahoo.com,2023,December,Saturday,Q4,983
Kristin,Gomez,kristin.gomez@gmail.com,5583115744,Williamsfort,Swaziland,Female,2025-09-11,Kristin Gomez,gmail.com,2025,September,Thursday,Q3,362
April,Mitchell,april.mitchell@hotmail.com,5044541840,North Linda,Anguilla,Female,2026-07-31,April Mitchell,hotmail.com,2026,July,Friday,Q3,39
Christine,Reyes,christine.reyes@gmail.com,14038858864,Ericmouth,Bermuda,Female,2025-04-23,Christine Reyes,gmail.com,2025,April,Wednesday,Q2,503
Diane,Kim,diane.kim@hotmail.com,9336562303,Melissahaven,United States of America,Female,2025-11-03,Diane Kim,hotmail.com,2025,November,Monday,Q4,309
Stephanie,Gill,stephanie.gill@yahoo.com,3086987092,North Christopher,Pitcairn Islands,Female,2024-04-20,Stephanie Gill,yahoo.com,2024,April,Saturday,Q2,871
Robert,Gray,robert.gray@gmail.com,8842858052,Virginiaburgh,Cameroon,Male,2023-10-06,Robert Gray,gmail.com,2023,October,Friday,Q4,1068
Emily,Burke,emily.burke@yahoo.com,19073745447,Peterland,Swaziland,Female,2026-04-24,Emily Burke,yahoo.com,2026,April,Friday,Q2,137
Kenneth,Daniel,kenneth.daniel@hotmail.com,2677662623,North Devin,Hungary,Male,2023-12-31,Kenneth Daniel,hotmail.com,2023,December,Sunday,Q4,982
Natalie,Turner,natalie.turner@gmail.com,8785703686,South Randychester,Switzerland,Female,2023-09-20,Natalie Turner,gmail.com,2023,September,Wednesday,Q3,1084
Jacob,Anderson,jacob.anderson@hotmail.com,13164409891,Port Joycetown,Cambodia,Male,2025-03-27,Jacob Anderson,hotmail.com,2025,March,Thursday,Q1,530
Brandy,Franklin,brandy.franklin@yahoo.com,3374597953,Williamsside,Jersey,Female,2023-11-13,Brandy Franklin,yahoo.com,2023,November,Monday,Q4,1030
Brandi,Rasmussen,brandi.rasmussen@yahoo.com,6457449205,New Christopher,Moldova,Female,2023-10-03,Brandi Rasmussen,yahoo.com,2023,October,Tuesday,Q4,1071
Mark,Martinez,mark.martinez@hotmail.com,14657583445,North Trevor,Lithuania,Male,2023-11-28,Mark Martinez,hotmail.com,2023,November,Tuesday,Q4,1015
Emily,Russell,emily.russell@gmail.com,9612624860,Shaneberg,Saudi Arabia,Female,2025-06-23,Emily Russell,gmail.com,2025,June,Monday,Q2,442
Steven,Sullivan,steven.sullivan@gmail.com,5512585015,South Jerryland,Jamaica,Male,2025-10-19,Steven Sullivan,gmail.com,2025,October,Sunday,Q4,324
Robert,Stewart,robert.stewart@gmail.com,5877905224,Scottview,Azerbaijan,Male,2025-04-13,Robert Stewart,gmail.com,2025,April,Sunday,Q2,513
Tracy,Dennis,tracy.dennis@yahoo.com,3158790571,Brandtport,Tanzania,Female,2025-05-28,Tracy Dennis,yahoo.com,2025,May,Wednesday,Q2,468
Lauren,Jordan,lauren.jordan@yahoo.com,9838359748,West Gloriaton,Sierra Leone,Female,2024-06-22,Lauren Jordan,yahoo.com,2024,June,Saturday,Q2,808
Wesley,Chaney,wesley.chaney@hotmail.com,7718843019,Allenborough,Thailand,Male,2024-04-18,Wesley Chaney,hotmail.com,2024,April,Thursday,Q2,873
Melissa,Munoz,melissa.munoz@yahoo.com,4237964402,Port Frank,Indonesia,Female,2025-08-22,Melissa Munoz,yahoo.com,2025,August,Friday,Q3,382
Jamie,Villarreal,jamie.villarreal@hotmail.com,7424773923,East Johnburgh,Angola,Female,2026-02-17,Jamie Villarreal,hotmail.com,2026,February,Tuesday,Q1,203
Anna,Barker,anna.barker@gmail.com,4695332844,Troyland,Netherlands,Female,2026-03-14,Anna Barker,gmail.com,2026,March,Saturday,Q1,178
Joseph,Preston,joseph.preston@gmail.com,13755515452,North Anthony,Saint Barthelemy,Male,2025-05-11,Joseph Preston,gmail.com,2025,May,Sunday,Q2,485
Rachel,Rollins,rachel.rollins@gmail.com,12228622777,Mcfarlandfort,Antarctica (the territory South of 60 deg S),Female,2025-07-27,Rachel Rollins,gmail.com,2025,July,Sunday,Q3,408
Aaron,Hansen,aaron.hansen@gmail.com,6604595298,Christopherton,Northern Mariana Islands,Male,2025-09-11,Aaron Hansen,gmail.com,2025,September,Thursday,Q3,362
Richard,Evans,richard.evans@gmail.com,8749067582,Taylorshire,Vanuatu,Male,2023-09-11,Richard Evans,gmail.com,2023,September,Monday,Q3,1093
Ryan,Jordan,ryan.jordan@gmail.com,8033638564,Ashleyview,Germany,Male,2026-03-20,Ryan Jordan,gmail.com,2026,March,Friday,Q1,172
John,Willis,john.willis@gmail.com,2397979849,Alexisport,Nepal,Male,2026-09-02,John Willis,gmail.com,2026,September,Wednesday,Q3,6
Rebecca,Clark,rebecca.clark@yahoo.com,13643322394,Christinaside,Venezuela,Female,2025-02-16,Rebecca Clark,yahoo.com,2025,February,Sunday,Q1,569
Crystal,Smith,crystal.smith@hotmail.com,6279622398,Geraldburgh,Guam,Female,2025-05-17,Crystal Smith,hotmail.com,2025,May,Saturday,Q2,479
Mike,Francis,mike.francis@hotmail.com,7186882237,South Alexafurt,Qatar,Male,2024-01-05,Mike Francis,hotmail.com,2024,January,Friday,Q1,977
William,Gonzalez,william.gonzalez@hotmail.com,7958647998,Hansonshire,Singapore,Male,2025-04-30,William Gonzalez,hotmail.com,2025,April,Wednesday,Q2,496
Corey,Gregory,corey.gregory@gmail.com,2974236108,Millerfurt,Bulgaria,Male,2023-09-19,Corey Gregory,gmail.com,2023,September,Tuesday,Q3,1085
Brett,Morris,brett.morris@yahoo.com,17783645786,West Thomas,Falkland Islands (Malvinas),Male,2023-09-16,Brett Morris,yahoo.com,2023,September,Saturday,Q3,1088
Adriana,Hughes,adriana.hughes@yahoo.com,3864824051,West Michelle,Eritrea,Female,2023-12-23,Adriana Hughes,yahoo.com,2023,December,Saturday,Q4,990
Randy,Chapman,randy.chapman@yahoo.com,9022338686,South Andrewbury,Ireland,Male,2024-07-05,Randy Chapman,yahoo.com,2024,July,Friday,Q3,795
Angel,Dean,angel.dean@yahoo.com,5382602050,Julieborough,Ethiopia,Male,2026-07-11,Angel Dean,yahoo.com,2026,July,Saturday,Q3,59
Kenneth,Silva,kenneth.silva@yahoo.com,16193797972,West Paul,Faroe Islands,Male,2025-12-04,Kenneth Silva,yahoo.com,2025,December,Thursday,Q4,278
Adam,Stewart,adam.stewart@gmail.com,6352674809,Breannaside,Aruba,Male,2024-04-13,Adam Stewart,gmail.com,2024,April,Saturday,Q2,878
Matthew,Reynolds,matthew.reynolds@gmail.com,17946420315,South Jamesport,Cape Verde,Male,2023-11-10,Matthew Reynolds,gmail.com,2023,November,Friday,Q4,1033
Crystal,Elliott,crystal.elliott@yahoo.com,18776486759,East Adam,Mali,Female,2024-03-26,Crystal Elliott,yahoo.com,2024,March,Tuesday,Q1,896
Sara,Flores,sara.flores@hotmail.com,8686419623,South Robert,Liberia,Female,2024-12-05,Sara Flores,hotmail.com,2024,December,Thursday,Q4,642
Tanya,Clark,tanya.clark@yahoo.com,3063629315,Fernandezberg,French Polynesia,Female,2024-04-22,Tanya Clark,yahoo.com,2024,April,Monday,Q2,869
Stacey,Morrow,stacey.morrow@yahoo.com,15464989062,Hardybury,Palau,Female,2025-09-12,Stacey Morrow,yahoo.com,2025,September,Friday,Q3,361
Barbara,Weber,barbara.weber@hotmail.com,7226379006,Brownside,Fiji,Female,2025-08-31,Barbara Weber,hotmail.com,2025,August,Sunday,Q3,373
William,Carpenter,william.carpenter@hotmail.com,2179675539,South Willie,Guinea,Male,2026-03-01,William Carpenter,hotmail.com,2026,March,Sunday,Q1,191
Amy,Snyder,amy.snyder@gmail.com,15946589626,Jenkinshaven,Angola,Female,2024-05-06,Amy Snyder,gmail.com,2024,May,Monday,Q2,855
Tyler,Jennings,tyler.jennings@yahoo.com,2237961219,New Natalieside,Bolivia,Male,2024-05-05,Tyler Jennings,yahoo.com,2024,May,Sunday,Q2,856
Tanya,Holland,tanya.holland@hotmail.com,9614820706,South Kimberly,Namibia,Female,2026-01-16,Tanya Holland,hotmail.com,2026,January,Friday,Q1,235
Brianna,Tran,brianna.tran@gmail.com,7482649703,Henrymouth,Malawi,Female,2026-04-19,Brianna Tran,gmail.com,2026,April,Sunday,Q2,142
Jennifer,Stone,jennifer.stone@hotmail.com,3354570773,North Marcus,Guam,Female,2026-05-16,Jennifer Stone,hotmail.com,2026,May,Saturday,Q2,115
Amanda,Richard,amanda.richard@yahoo.com,6056218799,West Michaelhaven,Mauritania,Female,2024-07-29,Amanda Richard,yahoo.com,2024,July,Monday,Q3,771
Brian,Jones,brian.jones@gmail.com,7708123503,Lake Benjaminmouth,Turkey,Male,2025-08-07,Brian Jones,gmail.com,2025,August,Thursday,Q3,397
Lisa,Medina,lisa.medina@gmail.com,9446568446,Port Veronicachester,Saint Kitts and Nevis,Female,2025-07-02,Lisa Medina,gmail.com,2025,July,Wednesday,Q3,433
Troy,Olsen,troy.olsen@gmail.com,7329957378,New Renee,Paraguay,Male,2024-04-23,Troy Olsen,gmail.com,2024,April,Tuesday,Q2,868
Mary,Hall,mary.hall@hotmail.com,5834029158,Christopherstad,Bangladesh,Female,2026-01-09,Mary Hall,hotmail.com,2026,January,Friday,Q1,242
Hannah,Rodgers,hannah.rodgers@hotmail.com,8969607344,Paulville,Guatemala,Female,2026-05-17,Hannah Rodgers,hotmail.com,2026,May,Sunday,Q2,114
Laura,Gardner,laura.gardner@hotmail.com,7742916170,East Chase,Papua New Guinea,Female,2024-02-01,Laura Gardner,hotmail.com,2024,February,Thursday,Q1,950
Jared,Arnold,jared.arnold@hotmail.com,9136447609,Lake Wendyshire,Sudan,Male,2024-03-20,Jared Arnold,hotmail.com,2024,March,Wednesday,Q1,902
Joshua,Roberts,joshua.roberts@hotmail.com,8304265099,New Pamelachester,Honduras,Male,2025-08-10,Joshua Roberts,hotmail.com,2025,August,Sunday,Q3,394
Julia,Greene,julia.greene@yahoo.com,4665102563,Christinaside,Armenia,Female,2023-12-29,Julia Greene,yahoo.com,2023,December,Friday,Q4,984
Stephanie,Clark,stephanie.clark@yahoo.com,4836675901,Lisaville,Falkland Islands (Malvinas),Female,2024-12-07,Stephanie Clark,yahoo.com,2024,December,Saturday,Q4,640
Alexander,Martin,alexander.martin@gmail.com,18515746564,Waltonfurt,Cuba,Male,2023-12-20,Alexander Martin,gmail.com,2023,December,Wednesday,Q4,993
Keith,Casey,keith.casey@yahoo.com,16692559227,East Saraside,Gibraltar,Male,2023-09-11,Keith Casey,yahoo.com,2023,September,Monday,Q3,1093
Valerie,Paul,valerie.paul@yahoo.com,2136444867,Fischerbury,Bahrain,Female,2024-10-04,Valerie Paul,yahoo.com,2024,October,Friday,Q4,704
Tammy,Hill,tammy.hill@hotmail.com,19159749325,Jasonberg,Tunisia,Female,2026-08-12,Tammy Hill,hotmail.com,2026,August,Wednesday,Q3,27
Adam,Smith,adam.smith@yahoo.com,2372766183,Lake Heatherfort,Ecuador,Male,2024-01-19,Adam Smith,yahoo.com,2024,January,Friday,Q1,963
Emily,Aguilar,emily.aguilar@yahoo.com,3142367862,Lindseyland,Mexico,Female,2025-08-16,Emily Aguilar,yahoo.com,2025,August,Saturday,Q3,388
Brent,Gilbert,brent.gilbert@yahoo.com,18855642570,Port Jennifer,Holy See (Vatican City State),Male,2024-10-20,Brent Gilbert,yahoo.com,2024,October,Sunday,Q4,688
Cassidy,Paul,cassidy.paul@gmail.com,4004230286,Joyceville,French Guiana,Female,2024-05-03,Cassidy Paul,gmail.com,2024,May,Friday,Q2,858
Alyssa,Ortiz,alyssa.ortiz@gmail.com,3518459920,Orozcoborough,Thailand,Female,2025-11-22,Alyssa Ortiz,gmail.com,2025,November,Saturday,Q4,290
Charles,Taylor,charles.taylor@gmail.com,4002539222,Lake Jocelynton,Thailand,Male,2024-01-03,Charles Taylor,gmail.com,2024,January,Wednesday,Q1,979
Brian,Clark,brian.clark@hotmail.com,5334913325,Lake Carla,Grenada,Male,2025-06-08,Brian Clark,hotmail.com,2025,June,Sunday,Q2,457
Meghan,Cook,meghan.cook@gmail.com,8288644976,West Gordon,Austria,Female,2026-03-02,Meghan Cook,gmail.com,2026,March,Monday,Q1,190
Trevor,Wright,trevor.wright@yahoo.com,13737498529,South Tina,Iraq,Male,2025-04-06,Trevor Wright,yahoo.com,2025,April,Sunday,Q2,520
Robin,Hart,robin.hart@gmail.com,3766253809,Pattonstad,Cyprus,Female,2024-09-29,Robin Hart,gmail.com,2024,September,Sunday,Q3,709
Jared,Perkins,jared.perkins@yahoo.com,5478466535,Port Cynthia,Seychelles,Male,2026-02-19,Jared Perkins,yahoo.com,2026,February,Thursday,Q1,201
Juan,Morgan,juan.morgan@gmail.com,7439679241,East Daniellechester,Zambia,Male,2024-07-09,Juan Morgan,gmail.com,2024,July,Tuesday,Q3,791
Patrick,Payne,patrick.payne@gmail.com,8434468586,Arianashire,Northern Mariana Islands,Male,2024-09-09,Patrick Payne,gmail.com,2024,September,Monday,Q3,729
Luis,Goodwin,luis.goodwin@hotmail.com,12165153811,South Lindsayfort,Bulgaria,Male,2025-04-19,Luis Goodwin,hotmail.com,2025,April,Saturday,Q2,507
Amy,Vazquez,amy.vazquez@gmail.com,4488967808,Audreyville,Bulgaria,Female,2024-03-16,Amy Vazquez,gmail.com,2024,March,Saturday,Q1,906
Veronica,Sanders,veronica.sanders@gmail.com,14478625429,Maxwellfurt,Costa Rica,Female,2024-07-01,Veronica Sanders,gmail.com,2024,July,Monday,Q3,799
Kyle,Stevens,kyle.stevens@hotmail.com,13943036948,Lake Robert,United States Minor Outlying Islands,Male,2025-04-25,Kyle Stevens,hotmail.com,2025,April,Friday,Q2,501
Michelle,Bradley,michelle.bradley@gmail.com,12673068335,Rodriguezstad,Solomon Islands,Female,2026-02-11,Michelle Bradley,gmail.com,2026,February,Wednesday,Q1,209
Alyssa,Morales,alyssa.morales@hotmail.com,5996490133,Jasonchester,Syrian Arab Republic,Female,2025-09-25,Alyssa Morales,hotmail.com,2025,September,Thursday,Q3,348
Mary,Harris,mary.harris@hotmail.com,9815409841,North Virginiaside,Bermuda,Female,2024-02-16,Mary Harris,hotmail.com,2024,February,Friday,Q1,935
Jennifer,Hester,jennifer.hester@hotmail.com,13918004202,Lake Tammieton,Egypt,Female,2024-12-04,Jennifer Hester,hotmail.com,2024,December,Wednesday,Q4,643
Brianna,Blevins,brianna.blevins@gmail.com,8852484203,Cunninghamville,Libyan Arab Jamahiriya,Female,2026-03-15,Brianna Blevins,gmail.com,2026,March,Sunday,Q1,177
Ariana,Mccall,ariana.mccall@yahoo.com,4153711713,Saratown,Burkina Faso,Female,2024-12-22,Ariana Mccall,yahoo.com,2024,December,Sunday,Q4,625
Terrance,Caldwell,terrance.caldwell@gmail.com,9886141128,Derrickfort,Vietnam,Male,2026-08-26,Terrance Caldwell,gmail.com,2026,August,Wednesday,Q3,13
Angela,Noble,angela.noble@gmail.com,2789576463,Christinaville,Palestinian Territory,Female,2025-04-18,Angela Noble,gmail.com,2025,April,Friday,Q2,508
Bryan,Lane,bryan.lane@yahoo.com,3327154013,West Brett,Nepal,Male,2026-07-04,Bryan Lane,yahoo.com,2026,July,Saturday,Q3,66
Jessica,Stanley,jessica.stanley@yahoo.com,9686455252,North Donstad,Finland,Female,2025-10-02,Jessica Stanley,yahoo.com,2025,October,Thursday,Q4,341
Nathan,Brown,nathan.brown@hotmail.com,6985994885,North Mikeshire,Niue,Male,2026-08-31,Nathan Brown,hotmail.com,2026,August,Monday,Q3,8
Monica,Reynolds,monica.reynolds@yahoo.com,18634558422,Richardtown,Eritrea,Female,2025-04-24,Monica Reynolds,yahoo.com,2025,April,Thursday,Q2,502
Shelly,Alvarez,shelly.alvarez@hotmail.com,8144413068,Billyhaven,Kenya,Female,2024-02-14,Shelly Alvarez,hotmail.com,2024,February,Wednesday,Q1,937
Sherri,Smith,sherri.smith@hotmail.com,4685904172,North Michaelburgh,Burundi,Female,2024-08-29,Sherri Smith,hotmail.com,2024,August,Thursday,Q3,740
Charles,Hernandez,charles.hernandez@gmail.com,15247084752,Anthonyview,Bermuda,Male,2023-11-07,Charles Hernandez,gmail.com,2023,November,Tuesday,Q4,1036
Molly,Spencer,molly.spencer@yahoo.com,19134511350,Port Dawn,Nauru,Female,2024-03-29,Molly Spencer,yahoo.com,2024,March,Friday,Q1,893
Thomas,Smith,thomas.smith@yahoo.com,2153780978,West Curtisport,United States of America,Male,2025-01-31,Thomas Smith,yahoo.com,2025,January,Friday,Q1,585
David,Jones,david.jones@yahoo.com,14283144786,North Paul,Saudi Arabia,Male,2025-02-23,David Jones,yahoo.com,2025,February,Sunday,Q1,562
Kathleen,Durham,kathleen.durham@hotmail.com,16035789121,Carlsontown,Ghana,Female,2025-02-04,Kathleen Durham,hotmail.com,2025,February,Tuesday,Q1,581
Kristen,Rosario,kristen.rosario@yahoo.com,8992408429,Michaelberg,Mali,Female,2026-04-09,Kristen Rosario,yahoo.com,2026,April,Thursday,Q2,152
Rebecca,Patterson,rebecca.patterson@yahoo.com,6067567337,Englishland,Iran,Female,2025-01-14,Rebecca Patterson,yahoo.com,2025,January,Tuesday,Q1,602
Charles,Perry,charles.perry@gmail.com,9818498025,Lake Chloe,Indonesia,Male,2024-12-10,Charles Perry,gmail.com,2024,December,Tuesday,Q4,637
Derrick,Stevens,derrick.stevens@yahoo.com,4505842324,Williamton,Falkland Islands (Malvinas),Male,2024-01-10,Derrick Stevens,yahoo.com,2024,January,Wednesday,Q1,972
Jordan,Martinez,jordan.martinez@gmail.com,12558369158,Port Victor,Sudan,Female,2025-04-18,Jordan Martinez,gmail.com,2025,April,Friday,Q2,508
Alexis,Ramirez,alexis.ramirez@yahoo.com,5033332959,Danielleberg,Malta,Female,2025-04-30,Alexis Ramirez,yahoo.com,2025,April,Wednesday,Q2,496
Courtney,Ramirez,courtney.ramirez@gmail.com,14664299172,North Kevin,Ireland,Female,2025-08-28,Courtney Ramirez,gmail.com,2025,August,Thursday,Q3,376
Joshua,Hammond,joshua.hammond@gmail.com,4397266937,East Davidbury,Namibia,Male,2024-05-08,Joshua Hammond,gmail.com,2024,May,Wednesday,Q2,853
Jonathan,Turner,jonathan.turner@yahoo.com,5225061901,West Christine,Liechtenstein,Male,2026-04-03,Jonathan Turner,yahoo.com,2026,April,Friday,Q2,158
Katelyn,Munoz,katelyn.munoz@gmail.com,4027956162,Baldwinview,Reunion,Female,2025-10-11,Katelyn Munoz,gmail.com,2025,October,Saturday,Q4,332
Amy,Singh,amy.singh@yahoo.com,14405799230,South Debramouth,Lao People's Democratic Republic,Female,2025-12-16,Amy Singh,yahoo.com,2025,December,Tuesday,Q4,266
Randy,Mitchell,randy.mitchell@yahoo.com,3749370194,Pattersonchester,Rwanda,Male,2025-07-03,Randy Mitchell,yahoo.com,2025,July,Thursday,Q3,432
Gina,Cooper,gina.cooper@hotmail.com,8613209281,East Davidland,Peru,Female,2024-03-02,Gina Cooper,hotmail.com,2024,March,Saturday,Q1,920
Jeanette,Garrett,jeanette.garrett@hotmail.com,3067763532,North Misty,Honduras,Female,2026-05-22,Jeanette Garrett,hotmail.com,2026,May,Friday,Q2,109
Jose,Mitchell,jose.mitchell@hotmail.com,2632711429,South Maria,Sierra Leone,Male,2024-09-23,Jose Mitchell,hotmail.com,2024,September,Monday,Q3,715
Kelly,Medina,kelly.medina@hotmail.com,8318324659,East Tara,Saudi Arabia,Male,2025-12-17,Kelly Medina,hotmail.com,2025,December,Wednesday,Q4,265
Michelle,Garcia,michelle.garcia@hotmail.com,14372659153,North Kimberlytown,Suriname,Female,2025-05-02,Michelle Garcia,hotmail.com,2025,May,Friday,Q2,494
Regina,Martin,regina.martin@yahoo.com,7425673512,South Stephanie,Haiti,Female,2026-07-18,Regina Martin,yahoo.com,2026,July,Saturday,Q3,52
James,Arias,james.arias@yahoo.com,16766487849,Mariatown,Gambia,Male,2025-05-31,James Arias,yahoo.com,2025,May,Saturday,Q2,465
Mario,Edwards,mario.edwards@yahoo.com,14292656851,Cannonmouth,Turkey,Male,2025-06-18,Mario Edwards,yahoo.com,2025,June,Wednesday,Q2,447
Michael,White,michael.white@gmail.com,13506979344,Meltonstad,United Arab Emirates,Male,2023-09-14,Michael White,gmail.com,2023,September,Thursday,Q3,1090
Cody,Cobb,cody.cobb@yahoo.com,6782045797,Johnsonbury,Pakistan,Male,2026-04-14,Cody Cobb,yahoo.com,2026,April,Tuesday,Q2,147
Joseph,Davis,joseph.davis@yahoo.com,17233372094,Freemanmouth,American Samoa,Male,2025-05-14,Joseph Davis,yahoo.com,2025,May,Wednesday,Q2,482
Christina,Mccoy,christina.mccoy@hotmail.com,2862301122,Wesleyview,Brunei Darussalam,Female,2025-05-02,Christina Mccoy,hotmail.com,2025,May,Friday,Q2,494
Robert,Mejia,robert.mejia@hotmail.com,4338679608,Cummingsland,Qatar,Male,2024-07-25,Robert Mejia,hotmail.com,2024,July,Thursday,Q3,775
James,Christian,james.christian@hotmail.com,13495469208,West Christy,Serbia,Male,2024-01-31,James Christian,hotmail.com,2024,January,Wednesday,Q1,951
Susan,Arias,susan.arias@yahoo.com,7012154617,East Stephaniehaven,Morocco,Female,2026-05-27,Susan Arias,yahoo.com,2026,May,Wednesday,Q2,104
Peter,Moss,peter.moss@yahoo.com,7103404315,Port Mark,Mali,Male,2026-05-20,Peter Moss,yahoo.com,2026,May,Wednesday,Q2,111
Mary,Hill,mary.hill@hotmail.com,2742755803,South Zacharymouth,Hong Kong,Female,2024-11-18,Mary Hill,hotmail.com,2024,November,Monday,Q4,659
Jermaine,Tucker,jermaine.tucker@yahoo.com,18405190271,Mileschester,Bermuda,Male,2024-02-20,Jermaine Tucker,yahoo.com,2024,February,Tuesday,Q1,931
Jacob,Reilly,jacob.reilly@yahoo.com,4618199767,South Mollymouth,Tonga,Male,2023-10-21,Jacob Reilly,yahoo.com,2023,October,Saturday,Q4,1053
Gary,Werner,gary.werner@gmail.com,7345581956,Stephaniebury,Mozambique,Male,2026-06-23,Gary Werner,gmail.com,2026,June,Tuesday,Q2,77
Kevin,Juarez,kevin.juarez@gmail.com,6268621775,Kelleyborough,Albania,Male,2024-07-18,Kevin Juarez,gmail.com,2024,July,Thursday,Q3,782
Abigail,Kramer,abigail.kramer@yahoo.com,5276276698,Chadstad,Sudan,Female,2023-12-12,Abigail Kramer,yahoo.com,2023,December,Tuesday,Q4,1001
Christopher,Martinez,christopher.martinez@hotmail.com,9464130873,Lake Stephenbury,Moldova,Male,2024-05-24,Christopher Martinez,hotmail.com,2024,May,Friday,Q2,837
Tiffany,Leon,tiffany.leon@yahoo.com,2112842527,South Rebeccaberg,Barbados,Female,2023-11-21,Tiffany Leon,yahoo.com,2023,November,Tuesday,Q4,1022
Samantha,Moran,samantha.moran@yahoo.com,9349473057,Port Christinechester,Vietnam,Female,2024-03-12,Samantha Moran,yahoo.com,2024,March,Tuesday,Q1,910
Michael,Aguilar,michael.aguilar@yahoo.com,8656965667,New Chelseafurt,Malta,Male,2024-09-06,Michael Aguilar,yahoo.com,2024,September,Friday,Q3,732
Chloe,Maxwell,chloe.maxwell@gmail.com,5959224265,Lake Ian,Taiwan,Female,2024-01-23,Chloe Maxwell,gmail.com,2024,January,Tuesday,Q1,959
Lauren,Wolf,lauren.wolf@gmail.com,19073054736,West Benjaminville,Aruba,Female,2023-12-24,Lauren Wolf,gmail.com,2023,December,Sunday,Q4,989
Jennifer,Poole,jennifer.poole@gmail.com,9005802658,West Keith,Macao,Female,2024-07-25,Jennifer Poole,gmail.com,2024,July,Thursday,Q3,775
Hunter,Kline,hunter.kline@hotmail.com,8145967914,Mercerfurt,Timor-Leste,Male,2024-11-21,Hunter Kline,hotmail.com,2024,November,Thursday,Q4,656
Michael,Allen,michael.allen@gmail.com,4316726652,Ryanview,Togo,Male,2026-03-16,Michael Allen,gmail.com,2026,March,Monday,Q1,176
Stephanie,Hinton,stephanie.hinton@yahoo.com,12247000208,New Andrewmouth,Fiji,Female,2024-07-27,Stephanie Hinton,yahoo.com,2024,July,Saturday,Q3,773
Samantha,Simpson,samantha.simpson@gmail.com,2302335636,New Brianshire,Dominica,Female,2023-12-19,Samantha Simpson,gmail.com,2023,December,Tuesday,Q4,994
Juan,Meyer,juan.meyer@hotmail.com,3487028354,New Felicia,Nigeria,Male,2024-08-30,Juan Meyer,hotmail.com,2024,August,Friday,Q3,739
Amber,Baker,amber.baker@gmail.com,14764613662,Meyerstad,Timor-Leste,Female,2026-02-12,Amber Baker,gmail.com,2026,February,Thursday,Q1,208
Elizabeth,Ellis,elizabeth.ellis@hotmail.com,2708531105,Spearsmouth,Niger,Female,2025-10-29,Elizabeth Ellis,hotmail.com,2025,October,Wednesday,Q4,314
Donna,Taylor,donna.taylor@hotmail.com,17142269376,South Lisachester,Lesotho,Female,2026-08-15,Donna Taylor,hotmail.com,2026,August,Saturday,Q3,24
Sharon,Hicks,sharon.hicks@yahoo.com,8284836368,Glassburgh,Nauru,Female,2024-05-11,Sharon Hicks,yahoo.com,2024,May,Saturday,Q2,850
Cathy,Reynolds,cathy.reynolds@yahoo.com,2809937616,Beverlybury,Sri Lanka,Female,2025-01-13,Cathy Reynolds,yahoo.com,2025,January,Monday,Q1,603
Krystal,Rodriguez,krystal.rodriguez@yahoo.com,5977772659,West Anthonyland,Uruguay,Female,2024-12-02,Krystal Rodriguez,yahoo.com,2024,December,Monday,Q4,645
Calvin,Alexander,calvin.alexander@yahoo.com,9783939129,Port Tiffanyhaven,Japan,Male,2023-11-08,Calvin Alexander,yahoo.com,2023,November,Wednesday,Q4,1035
Anthony,Pearson,anthony.pearson@gmail.com,9927449287,Riddlebury,Norway,Male,2023-10-03,Anthony Pearson,gmail.com,2023,October,Tuesday,Q4,1071
Raymond,Lawrence,raymond.lawrence@gmail.com,9126501860,New Karen,Angola,Male,2025-05-23,Raymond Lawrence,gmail.com,2025,May,Friday,Q2,473
Mary,Burke,mary.burke@gmail.com,2238369318,North Alexander,Zambia,Female,2025-10-21,Mary Burke,gmail.com,2025,October,Tuesday,Q4,322
Mark,Smith,mark.smith@gmail.com,2267624975,Hensonland,Sri Lanka,Male,2026-06-01,Mark Smith,gmail.com,2026,June,Monday,Q2,99
Pamela,Torres,pamela.torres@hotmail.com,16567740687,West Mark,Bahrain,Female,2024-11-17,Pamela Torres,hotmail.com,2024,November,Sunday,Q4,660
Jamie,Patterson,jamie.patterson@hotmail.com,15657834834,Sotochester,Syrian Arab Republic,Female,2025-10-15,Jamie Patterson,hotmail.com,2025,October,Wednesday,Q4,328
Daniel,Irwin,daniel.irwin@yahoo.com,5534207758,Wiseside,Cuba,Male,2026-06-24,Daniel Irwin,yahoo.com,2026,June,Wednesday,Q2,76
Ronald,King,ronald.king@gmail.com,14696580504,Fordtown,Austria,Male,2025-08-19,Ronald King,gmail.com,2025,August,Tuesday,Q3,385
Christina,Jackson,christina.jackson@hotmail.com,15392077372,South Devinside,Guernsey,Female,2024-02-25,Christina Jackson,hotmail.com,2024,February,Sunday,Q1,926
Hector,Rhodes,hector.rhodes@hotmail.com,13044502814,Carlsonbury,Sweden,Male,2024-08-20,Hector Rhodes,hotmail.com,2024,August,Tuesday,Q3,749
Paul,Oliver,paul.oliver@yahoo.com,6114123590,Howardmouth,Svalbard & Jan Mayen Islands,Male,2024-10-22,Paul Oliver,yahoo.com,2024,October,Tuesday,Q4,686
Brittany,Hamilton,brittany.hamilton@hotmail.com,7256108573,Stephanieview,Norfolk Island,Female,2025-07-09,Brittany Hamilton,hotmail.com,2025,July,Wednesday,Q3,426
Vanessa,Yates,vanessa.yates@hotmail.com,7937511745,Lake Shawn,Antigua and Barbuda,Female,2025-06-18,Vanessa Yates,hotmail.com,2025,June,Wednesday,Q2,447
Chad,Lopez,chad.lopez@gmail.com,4738374612,Nicoleburgh,Sao Tome and Principe,Male,2025-06-28,Chad Lopez,gmail.com,2025,June,Saturday,Q2,437
Alyssa,Scott,alyssa.scott@gmail.com,5762209906,New Carla,Zambia,Female,2023-12-31,Alyssa Scott,gmail.com,2023,December,Sunday,Q4,982
Jeffrey,Snyder,jeffrey.snyder@gmail.com,4505599822,Kimberlyhaven,Uruguay,Male,2026-01-18,Jeffrey Snyder,gmail.com,2026,January,Sunday,Q1,233
Joseph,Johnson,joseph.johnson@hotmail.com,2144202593,Port Jennifer,Botswana,Male,2024-09-24,Joseph Johnson,hotmail.com,2024,September,Tuesday,Q3,714
Dawn,Ruiz,dawn.ruiz@yahoo.com,6676299115,North Adrienne,Russian Federation,Female,2024-07-19,Dawn Ruiz,yahoo.com,2024,July,Friday,Q3,781
Maria,Wright,maria.wright@hotmail.com,8314029771,Lake Sharonberg,Iceland,Female,2025-02-16,Maria Wright,hotmail.com,2025,February,Sunday,Q1,569
Robert,Browning,robert.browning@gmail.com,9815629108,East Corey,Mexico,Male,2024-09-24,Robert Browning,gmail.com,2024,September,Tuesday,Q3,714
Jennifer,Yoder,jennifer.yoder@yahoo.com,9372671052,Schneiderstad,Thailand,Female,2026-03-20,Jennifer Yoder,yahoo.com,2026,March,Friday,Q1,172
Patrick,Pittman,patrick.pittman@gmail.com,5309445002,East Julieport,Northern Mariana Islands,Male,2025-02-26,Patrick Pittman,gmail.com,2025,February,Wednesday,Q1,559
Shirley,Jackson,shirley.jackson@yahoo.com,7676603040,New Jenniferberg,Dominican Republic,Female,2025-06-27,Shirley Jackson,yahoo.com,2025,June,Friday,Q2,438
Kimberly,Davis,kimberly.davis@gmail.com,5825721051,Nicholasville,Mayotte,Female,2025-01-02,Kimberly Davis,gmail.com,2025,January,Thursday,Q1,614
Christopher,Smith,christopher.smith@gmail.com,13828532083,Lake Kimberlychester,Cyprus,Male,2025-06-14,Christopher Smith,gmail.com,2025,June,Saturday,Q2,451
Sarah,Young,sarah.young@hotmail.com,14172369078,North Michaelland,Equatorial Guinea,Female,2026-08-28,Sarah Young,hotmail.com,2026,August,Friday,Q3,11
Mitchell,Deleon,mitchell.deleon@yahoo.com,7713634850,East Stephen,Marshall Islands,Male,2025-04-06,Mitchell Deleon,yahoo.com,2025,April,Sunday,Q2,520
Angela,Rodriguez,angela.rodriguez@hotmail.com,17197445456,Carsonburgh,Korea,Female,2025-07-03,Angela Rodriguez,hotmail.com,2025,July,Thursday,Q3,432
Jonathan,Young,jonathan.young@yahoo.com,18188862639,Stephenstown,Holy See (Vatican City State),Male,2025-03-25,Jonathan Young,yahoo.com,2025,March,Tuesday,Q1,532
Johnny,Ellis,johnny.ellis@gmail.com,18873402234,Kennethfurt,Turks and Caicos Islands,Male,2025-04-22,Johnny Ellis,gmail.com,2025,April,Tuesday,Q2,504
Casey,Coleman,casey.coleman@hotmail.com,4043117614,Jacobhaven,Denmark,Female,2024-03-01,Casey Coleman,hotmail.com,2024,March,Friday,Q1,921
Kyle,Mooney,kyle.mooney@hotmail.com,9362470465,South Andrea,Slovakia (Slovak Republic),Male,2024-09-01,Kyle Mooney,hotmail.com,2024,September,Sunday,Q3,737
April,Ramirez,april.ramirez@gmail.com,9932631592,Riverabury,Fiji,Female,2023-12-17,April Ramirez,gmail.com,2023,December,Sunday,Q4,996
Andrew,Baker,andrew.baker@yahoo.com,13295118722,North Amandamouth,Qatar,Male,2026-03-02,Andrew Baker,yahoo.com,2026,March,Monday,Q1,190
Raymond,Shah,raymond.shah@hotmail.com,9756789849,Weberton,Germany,Male,2024-05-15,Raymond Shah,hotmail.com,2024,May,Wednesday,Q2,846
Timothy,Taylor,timothy.taylor@yahoo.com,3143865658,South Chaseborough,Norfolk Island,Male,2026-08-06,Timothy Taylor,yahoo.com,2026,August,Thursday,Q3,33
Sarah,Grimes,sarah.grimes@yahoo.com,3318631297,Chelseaborough,Libyan Arab Jamahiriya,Female,2026-01-25,Sarah Grimes,yahoo.com,2026,January,Sunday,Q1,226
Katie,Davis,katie.davis@gmail.com,8999906820,Jacobburgh,Brazil,Female,2025-05-04,Katie Davis,gmail.com,2025,May,Sunday,Q2,492
Daniel,Terrell,daniel.terrell@gmail.com,2135179854,Chambersstad,San Marino,Male,2024-12-10,Daniel Terrell,gmail.com,2024,December,Tuesday,Q4,637
Jacqueline,Frank,jacqueline.frank@hotmail.com,9566399812,New Crystal,Cameroon,Female,2025-01-20,Jacqueline Frank,hotmail.com,2025,January,Monday,Q1,596
Paula,Mcclain,paula.mcclain@gmail.com,3414925814,South Lisa,British Virgin Islands,Female,2026-08-24,Paula Mcclain,gmail.com,2026,August,Monday,Q3,15
Joshua,Hall,joshua.hall@hotmail.com,5542138453,North Patricia,Spain,Male,2025-09-07,Joshua Hall,hotmail.com,2025,September,Sunday,Q3,366
Kyle,Boyd,kyle.boyd@hotmail.com,4903964598,Webbborough,Greenland,Male,2026-06-15,Kyle Boyd,hotmail.com,2026,June,Monday,Q2,85
Tracy,Frost,tracy.frost@yahoo.com,4813133973,Sandovalport,Algeria,Male,2024-06-14,Tracy Frost,yahoo.com,2024,June,Friday,Q2,816
Elizabeth,Santos,elizabeth.santos@hotmail.com,4415983063,Edwardstown,Bhutan,Female,2025-12-31,Elizabeth Santos,hotmail.com,2025,December,Wednesday,Q4,251
Brett,Gibbs,brett.gibbs@yahoo.com,6249842024,Bellland,British Indian Ocean Territory (Chagos Archipelago),Male,2026-07-12,Brett Gibbs,yahoo.com,2026,July,Sunday,Q3,58
Noah,Simmons,noah.simmons@gmail.com,3645099414,Williamsport,Switzerland,Male,2026-05-23,Noah Simmons,gmail.com,2026,May,Saturday,Q2,108
Brandi,Roberson,brandi.roberson@gmail.com,16904826110,North Cynthia,China,Female,2024-09-17,Brandi Roberson,gmail.com,2024,September,Tuesday,Q3,721
John,Dawson,john.dawson@yahoo.com,18693229533,Christopherland,Niue,Male,2025-12-27,John Dawson,yahoo.com,2025,December,Saturday,Q4,255
Rachel,Lee,rachel.lee@hotmail.com,8938424240,New Julie,Faroe Islands,Female,2025-06-06,Rachel Lee,hotmail.com,2025,June,Friday,Q2,459
Corey,Shaffer,corey.shaffer@hotmail.com,6892334375,Parsonsstad,Sudan,Male,2024-11-28,Corey Shaffer,hotmail.com,2024,November,Thursday,Q4,649
Casey,Wright,casey.wright@hotmail.com,6695285507,Loritown,Morocco,Female,2025-02-28,Casey Wright,hotmail.com,2025,February,Friday,Q1,557
Christopher,Malone,christopher.malone@hotmail.com,16897594703,West Carolyn,Taiwan,Male,2025-09-07,Christopher Malone,hotmail.com,2025,September,Sunday,Q3,366
Jared,Williams,jared.williams@yahoo.com,6884300995,Lewisview,Finland,Male,2026-04-13,Jared Williams,yahoo.com,2026,April,Monday,Q2,148
Matthew,Estrada,matthew.estrada@hotmail.com,8672989947,Port Josemouth,United States of America,Male,2024-01-13,Matthew Estrada,hotmail.com,2024,January,Saturday,Q1,969
Angela,Richmond,angela.richmond@gmail.com,8472156756,South Travisport,Eritrea,Female,2026-01-29,Angela Richmond,gmail.com,2026,January,Thursday,Q1,222
Stacie,Vega,stacie.vega@gmail.com,8358969850,South Matthew,Aruba,Female,2024-04-05,Stacie Vega,gmail.com,2024,April,Friday,Q2,886
Roger,Curry,roger.curry@yahoo.com,9863178925,Susanberg,Greenland,Male,2023-12-03,Roger Curry,yahoo.com,2023,December,Sunday,Q4,1010
William,Fleming,william.fleming@gmail.com,18575626481,Ashleychester,Tokelau,Male,2026-01-23,William Fleming,gmail.com,2026,January,Friday,Q1,228
Sheena,Lambert,sheena.lambert@gmail.com,7853301012,North Katherine,Norway,Female,2025-10-29,Sheena Lambert,gmail.com,2025,October,Wednesday,Q4,314
Scott,Hernandez,scott.hernandez@hotmail.com,5758867036,West Kevin,Finland,Male,2024-08-01,Scott Hernandez,hotmail.com,2024,August,Thursday,Q3,768
Mark,Scott,mark.scott@hotmail.com,13969331812,South Nicoleville,Turks and Caicos Islands,Male,2025-08-01,Mark Scott,hotmail.com,2025,August,Friday,Q3,403
Eric,Delacruz,eric.delacruz@yahoo.com,9629626367,Kristenstad,New Zealand,Male,2024-11-04,Eric Delacruz,yahoo.com,2024,November,Monday,Q4,673
Melinda,Santos,melinda.santos@yahoo.com,8529953774,Angelberg,Angola,Female,2025-09-22,Melinda Santos,yahoo.com,2025,September,Monday,Q3,351
Jennifer,Gomez,jennifer.gomez@yahoo.com,12752341157,New Melissaton,South Africa,Female,2025-06-04,Jennifer Gomez,yahoo.com,2025,June,Wednesday,Q2,461
Jaime,Kelly,jaime.kelly@hotmail.com,7345453856,Stephanieborough,Tonga,Male,2026-07-25,Jaime Kelly,hotmail.com,2026,July,Saturday,Q3,45
Beverly,Jenkins,beverly.jenkins@gmail.com,17008470911,North Carolhaven,Montenegro,Female,2026-03-14,Beverly Jenkins,gmail.com,2026,March,Saturday,Q1,178
Nicolas,Bass,nicolas.bass@gmail.com,8813583746,Jessicafort,Kiribati,Male,2025-06-29,Nicolas Bass,gmail.com,2025,June,Sunday,Q2,436
Tammy,Dixon,tammy.dixon@hotmail.com,7874047966,Richardshire,Holy See (Vatican City State),Female,2023-10-04,Tammy Dixon,hotmail.com,2023,October,Wednesday,Q4,1070
Joseph,Montgomery,joseph.montgomery@yahoo.com,17236302927,Beckerside,Jamaica,Male,2024-06-05,Joseph Montgomery,yahoo.com,2024,June,Wednesday,Q2,825
Thomas,Jones,thomas.jones@gmail.com,5135186604,West Shawnhaven,Guadeloupe,Male,2024-05-25,Thomas Jones,gmail.com,2024,May,Saturday,Q2,836
Debbie,Evans,debbie.evans@yahoo.com,4035594410,Brewerstad,Belize,Female,2025-12-20,Debbie Evans,yahoo.com,2025,December,Saturday,Q4,262
Thomas,Fleming,thomas.fleming@yahoo.com,4477741313,Jameschester,Sierra Leone,Male,2025-01-14,Thomas Fleming,yahoo.com,2025,January,Tuesday,Q1,602
Joseph,Miller,joseph.miller1@hotmail.com,6853217895,New Tiffany,Greenland,Male,2025-03-21,Joseph Miller,hotmail.com,2025,March,Friday,Q1,536
Rhonda,Franco,rhonda.franco@gmail.com,3752923831,East Susanland,Svalbard & Jan Mayen Islands,Female,2024-10-13,Rhonda Franco,gmail.com,2024,October,Sunday,Q4,695
Sharon,Lopez,sharon.lopez@gmail.com,13924421959,New Leonardfort,United Kingdom,Female,2024-07-04,Sharon Lopez,gmail.com,2024,July,Thursday,Q3,796
Edward,Branch,edward.branch@yahoo.com,15612331555,North Lindsey,French Polynesia,Male,2023-09-23,Edward Branch,yahoo.com,2023,September,Saturday,Q3,1081
Joanna,Patel,joanna.patel@hotmail.com,18108965984,Lake Lauren,Greece,Female,2024-12-22,Joanna Patel,hotmail.com,2024,December,Sunday,Q4,625
Barbara,Grant,barbara.grant@gmail.com,16913269945,North Robertville,United States Virgin Islands,Female,2026-08-22,Barbara Grant,gmail.com,2026,August,Saturday,Q3,17
Nicole,Hendrix,nicole.hendrix@yahoo.com,14918008224,East Gloria,North Macedonia,Female,2025-10-22,Nicole Hendrix,yahoo.com,2025,October,Wednesday,Q4,321
Henry,Little,henry.little@gmail.com,12692962083,Ashleyberg,Panama,Male,2026-05-20,Henry Little,gmail.com,2026,May,Wednesday,Q2,111
Madeline,Giles,madeline.giles@hotmail.com,9726287032,Christinaberg,Equatorial Guinea,Female,2024-07-01,Madeline Giles,hotmail.com,2024,July,Monday,Q3,799
Justin,Crosby,justin.crosby@gmail.com,18512452058,Williamsside,Antarctica (the territory South of 60 deg S),Male,2024-06-03,Justin Crosby,gmail.com,2024,June,Monday,Q2,827
Raven,Decker,raven.decker@yahoo.com,7652474769,West Monicahaven,Saint Lucia,Female,2026-03-03,Raven Decker,yahoo.com,2026,March,Tuesday,Q1,189
Jonathan,Graham,jonathan.graham@hotmail.com,9309165562,Baileybury,Barbados,Male,2024-07-24,Jonathan Graham,hotmail.com,2024,July,Wednesday,Q3,776
James,Haley,james.haley@yahoo.com,16229901138,Port Barbaratown,Croatia,Male,2025-11-06,James Haley,yahoo.com,2025,November,Thursday,Q4,306
Alice,Murphy,alice.murphy@hotmail.com,13486953829,Lambton,Guyana,Female,2024-09-04,Alice Murphy,hotmail.com,2024,September,Wednesday,Q3,734
Eric,Anderson,eric.anderson@gmail.com,15514673095,Snyderside,Equatorial Guinea,Male,2025-11-09,Eric Anderson,gmail.com,2025,November,Sunday,Q4,303
Peter,Powell,peter.powell@hotmail.com,2653629258,East John,Cote d'Ivoire,Male,2023-11-11,Peter Powell,hotmail.com,2023,November,Saturday,Q4,1032
Jessica,Hicks,jessica.hicks@yahoo.com,5849676780,Jessicashire,Greece,Female,2026-02-16,Jessica Hicks,yahoo.com,2026,February,Monday,Q1,204
Karen,Thomas,karen.thomas@gmail.com,6319755592,Christopherland,Romania,Female,2026-05-23,Karen Thomas,gmail.com,2026,May,Saturday,Q2,108
Eddie,Rose,eddie.rose@hotmail.com,8676511997,Jeffreychester,Guinea-Bissau,Male,2025-01-14,Eddie Rose,hotmail.com,2025,January,Tuesday,Q1,602
Andrea,Howard,andrea.howard@hotmail.com,7414967896,Port Danielborough,Taiwan,Female,2023-11-05,Andrea Howard,hotmail.com,2023,November,Sunday,Q4,1038
Angelica,Doyle,angelica.doyle@hotmail.com,9228422848,Transhire,Niue,Female,2025-11-23,Angelica Doyle,hotmail.com,2025,November,Sunday,Q4,289
Ralph,Graham,ralph.graham@hotmail.com,2183040334,Monicamouth,San Marino,Male,2024-09-17,Ralph Graham,hotmail.com,2024,September,Tuesday,Q3,721
James,Ibarra,james.ibarra@yahoo.com,8712554460,Washingtonview,Venezuela,Male,2025-05-25,James Ibarra,yahoo.com,2025,May,Sunday,Q2,471
Mark,Taylor,mark.taylor@gmail.com,4537649911,Wallaceberg,Spain,Male,2025-10-25,Mark Taylor,gmail.com,2025,October,Saturday,Q4,318
Holly,Williams,holly.williams@gmail.com,3534830775,Whiteview,Cuba,Female,2026-04-08,Holly Williams,gmail.com,2026,April,Wednesday,Q2,153
Jacob,Woods,jacob.woods@hotmail.com,3463078907,Webbstad,Bangladesh,Male,2024-05-02,Jacob Woods,hotmail.com,2024,May,Thursday,Q2,859
Laura,Watts,laura.watts@yahoo.com,4495253164,Elizabethfort,Faroe Islands,Female,2025-07-22,Laura Watts,yahoo.com,2025,July,Tuesday,Q3,413
Jeremy,Bell,jeremy.bell@yahoo.com,15076055494,Port Ryan,Latvia,Male,2026-06-24,Jeremy Bell,yahoo.com,2026,June,Wednesday,Q2,76
Johnathan,Rogers,johnathan.rogers@yahoo.com,18225094907,Michellestad,Cote d'Ivoire,Male,2025-03-20,Johnathan Rogers,yahoo.com,2025,March,Thursday,Q1,537
Kirk,Owens,kirk.owens@gmail.com,16019154773,East Michael,Haiti,Male,2025-09-04,Kirk Owens,gmail.com,2025,September,Thursday,Q3,369
Vernon,Rogers,vernon.rogers@yahoo.com,7357474168,Lewismouth,Canada,Male,2024-09-11,Vernon Rogers,yahoo.com,2024,September,Wednesday,Q3,727
Shannon,Herrera,shannon.herrera@yahoo.com,8808957947,East Kristinhaven,Sierra Leone,Female,2024-10-19,Shannon Herrera,yahoo.com,2024,October,Saturday,Q4,689
Lori,Wilson,lori.wilson@gmail.com,9233347040,Jessicafort,Paraguay,Female,2026-03-12,Lori Wilson,gmail.com,2026,March,Thursday,Q1,180
Katherine,Pacheco,katherine.pacheco@hotmail.com,5419855950,Nathanfurt,Argentina,Female,2024-03-16,Katherine Pacheco,hotmail.com,2024,March,Saturday,Q1,906
Julia,Lee,julia.lee@yahoo.com,9012759001,Stevensview,Morocco,Female,2023-10-29,Julia Lee,yahoo.com,2023,October,Sunday,Q4,1045
Katherine,Reynolds,katherine.reynolds@hotmail.com,5858516215,Moralesbury,Guinea,Female,2024-07-11,Katherine Reynolds,hotmail.com,2024,July,Thursday,Q3,789
Richard,Tucker,richard.tucker@gmail.com,5586960707,East Jerrystad,Svalbard & Jan Mayen Islands,Male,2024-02-20,Richard Tucker,gmail.com,2024,February,Tuesday,Q1,931
Paul,Salazar,paul.salazar@gmail.com,8305974274,Timothyshire,Isle of Man,Male,2025-07-25,Paul Salazar,gmail.com,2025,July,Friday,Q3,410
Patricia,Wilkerson,patricia.wilkerson@hotmail.com,4808300735,New Grantmouth,Cocos (Keeling) Islands,Female,2026-07-13,Patricia Wilkerson,hotmail.com,2026,July,Monday,Q3,57
Jennifer,Prince,jennifer.prince@yahoo.com,13413288669,Lake David,Congo,Female,2024-05-23,Jennifer Prince,yahoo.com,2024,May,Thursday,Q2,838
Bernard,Sims,bernard.sims@gmail.com,7269119789,Crystalview,Honduras,Male,2025-04-08,Bernard Sims,gmail.com,2025,April,Tuesday,Q2,518
Melissa,White,melissa.white@hotmail.com,2447118185,North Jamie,Sweden,Female,2026-06-10,Melissa White,hotmail.com,2026,June,Wednesday,Q2,90
Maria,Garcia,maria.garcia@hotmail.com,3766841847,Lambertburgh,Antarctica (the territory South of 60 deg S),Female,2024-01-01,Maria Garcia,hotmail.com,2024,January,Monday,Q1,981
Dean,Boyd,dean.boyd@gmail.com,5548011272,East Aaronfort,Turkey,Male,2025-05-13,Dean Boyd,gmail.com,2025,May,Tuesday,Q2,483
Tami,Harrison,tami.harrison@yahoo.com,9908676183,Lake Cassandra,Afghanistan,Female,2025-09-27,Tami Harrison,yahoo.com,2025,September,Saturday,Q3,346
Jennifer,Webb,jennifer.webb@gmail.com,12626172048,New Petershire,Cyprus,Female,2023-11-16,Jennifer Webb,gmail.com,2023,November,Thursday,Q4,1027
Courtney,Wilcox,courtney.wilcox@gmail.com,8452649674,Jenniferbury,New Caledonia,Female,2026-08-02,Courtney Wilcox,gmail.com,2026,August,Sunday,Q3,37
Alicia,Mueller,alicia.mueller@yahoo.com,13099703425,North Andreastad,Monaco,Female,2026-02-15,Alicia Mueller,yahoo.com,2026,February,Sunday,Q1,205
Ariel,Sanders,ariel.sanders@hotmail.com,7965707421,New Johnfurt,Saint Lucia,Female,2024-04-10,Ariel Sanders,hotmail.com,2024,April,Wednesday,Q2,881
Priscilla,Peterson,priscilla.peterson@gmail.com,2024216908,East Kendra,Heard Island and McDonald Islands,Female,2026-01-01,Priscilla Peterson,gmail.com,2026,January,Thursday,Q1,250
David,Gordon,david.gordon@yahoo.com,3919065735,Matthewview,Honduras,Male,2026-02-15,David Gordon,yahoo.com,2026,February,Sunday,Q1,205
Claudia,Vaughn,claudia.vaughn@yahoo.com,5025140128,New Markhaven,Zambia,Female,2026-05-21,Claudia Vaughn,yahoo.com,2026,May,Thursday,Q2,110
Lauren,Olson,lauren.olson@hotmail.com,9352971771,North Michael,Macao,Female,2025-08-10,Lauren Olson,hotmail.com,2025,August,Sunday,Q3,394
Susan,Barry,susan.barry@yahoo.com,5247605164,East Shane,Monaco,Female,2024-10-14,Susan Barry,yahoo.com,2024,October,Monday,Q4,694
Ashley,Grant,ashley.grant@yahoo.com,5763006434,Wolfton,Denmark,Female,2024-08-23,Ashley Grant,yahoo.com,2024,August,Friday,Q3,746
Christopher,Carpenter,christopher.carpenter@yahoo.com,16759745104,Port Dave,Bermuda,Male,2025-02-24,Christopher Carpenter,yahoo.com,2025,February,Monday,Q1,561
Jasmine,Gates,jasmine.gates@yahoo.com,9708799594,North Danielfort,Zimbabwe,Female,2026-02-18,Jasmine Gates,yahoo.com,2026,February,Wednesday,Q1,202
John,Parker,john.parker@yahoo.com,8455657289,Williamview,Western Sahara,Male,2026-07-30,John Parker,yahoo.com,2026,July,Thursday,Q3,40
Allison,Harris,allison.harris@gmail.com,14848685606,East Aprilchester,Slovenia,Female,2026-01-06,Allison Harris,gmail.com,2026,January,Tuesday,Q1,245
John,Weber,john.weber@yahoo.com,8775957039,Mcdonaldburgh,Turkmenistan,Male,2025-07-28,John Weber,yahoo.com,2025,July,Monday,Q3,407
Andrea,Floyd,andrea.floyd@gmail.com,4356128962,East Jesse,Poland,Female,2024-09-17,Andrea Floyd,gmail.com,2024,September,Tuesday,Q3,721
Amber,Thomas,amber.thomas@hotmail.com,16345460606,South Cherylberg,Comoros,Female,2025-02-18,Amber Thomas,hotmail.com,2025,February,Tuesday,Q1,567
Jeffrey,Hobbs,jeffrey.hobbs@yahoo.com,16297412853,Amandamouth,Ecuador,Male,2024-02-20,Jeffrey Hobbs,yahoo.com,2024,February,Tuesday,Q1,931
Bruce,Lane,bruce.lane@hotmail.com,7425554280,Ortizport,Bulgaria,Male,2025-03-28,Bruce Lane,hotmail.com,2025,March,Friday,Q1,529
Felicia,Johnson,felicia.johnson@hotmail.com,5883786020,Johnsonland,Nigeria,Female,2025-01-26,Felicia Johnson,hotmail.com,2025,January,Sunday,Q1,590
Kristin,Brandt,kristin.brandt@gmail.com,19925879872,West Laurieport,Montenegro,Female,2025-03-23,Kristin Brandt,gmail.com,2025,March,Sunday,Q1,534
Rebecca,Thompson,rebecca.thompson@gmail.com,2969441603,North Marioton,Christmas Island,Female,2025-12-04,Rebecca Thompson,gmail.com,2025,December,Thursday,Q4,278
Katherine,Morgan,katherine.morgan@gmail.com,7026201754,South Joshuafort,Niger,Female,2024-04-08,Katherine Morgan,gmail.com,2024,April,Monday,Q2,883
Mary,Horton,mary.horton@gmail.com,9666275015,Georgeton,Denmark,Female,2025-05-18,Mary Horton,gmail.com,2025,May,Sunday,Q2,478
Anthony,Nichols,anthony.nichols@yahoo.com,8832309587,Williamsland,Tonga,Male,2024-10-15,Anthony Nichols,yahoo.com,2024,October,Tuesday,Q4,693
Gabriela,Levine,gabriela.levine@gmail.com,3269714858,North Michaelville,Mongolia,Female,2025-07-10,Gabriela Levine,gmail.com,2025,July,Thursday,Q3,425
Kathleen,Zavala,kathleen.zavala@yahoo.com,17204925192,East Janet,Mongolia,Female,2025-08-06,Kathleen Zavala,yahoo.com,2025,August,Wednesday,Q3,398
Sarah,Guerra,sarah.guerra@hotmail.com,13373958291,Kirbymouth,Belize,Female,2024-11-19,Sarah Guerra,hotmail.com,2024,November,Tuesday,Q4,658
Kyle,Beltran,kyle.beltran@yahoo.com,4747142487,New Sarabury,Puerto Rico,Male,2023-12-25,Kyle Beltran,yahoo.com,2023,December,Monday,Q4,988
Cassandra,Delgado,cassandra.delgado@yahoo.com,16739677244,Martinfurt,Guyana,Female,2025-09-17,Cassandra Delgado,yahoo.com,2025,September,Wednesday,Q3,356
Ashley,Mckee,ashley.mckee@hotmail.com,4386029903,Perkinschester,Australia,Female,2026-05-08,Ashley Mckee,hotmail.com,2026,May,Friday,Q2,123
Amanda,Williams,amanda.williams@yahoo.com,4916657376,South Patrick,Slovakia (Slovak Republic),Female,2026-08-20,Amanda Williams,yahoo.com,2026,August,Thursday,Q3,19
Roy,Martinez,roy.martinez@yahoo.com,13207369309,South John,Western Sahara,Male,2024-03-02,Roy Martinez,yahoo.com,2024,March,Saturday,Q1,920
Paul,Lopez,paul.lopez@gmail.com,4415475690,West Cheryl,Saint Pierre and Miquelon,Male,2024-11-04,Paul Lopez,gmail.com,2024,November,Monday,Q4,673
Joan,Torres,joan.torres@gmail.com,13837596677,Port Brooke,Somalia,Female,2024-05-27,Joan Torres,gmail.com,2024,May,Monday,Q2,834
Carol,Hammond,carol.hammond@gmail.com,12472365003,Turnermouth,Ireland,Female,2023-12-21,Carol Hammond,gmail.com,2023,December,Thursday,Q4,992
Sean,Newman,sean.newman@yahoo.com,6784735540,North Richard,Lithuania,Male,2026-03-26,Sean Newman,yahoo.com,2026,March,Thursday,Q1,166
Charles,Thornton,charles.thornton@gmail.com,12676549393,Melissashire,Tonga,Male,2024-06-18,Charles Thornton,gmail.com,2024,June,Tuesday,Q2,812
Rick,Barker,rick.barker@gmail.com,5786357338,Johnborough,Australia,Male,2024-06-14,Rick Barker,gmail.com,2024,June,Friday,Q2,816
Victoria,Henderson,victoria.henderson@gmail.com,5249740985,North John,Guatemala,Female,2023-11-16,Victoria Henderson,gmail.com,2023,November,Thursday,Q4,1027
Frederick,Jones,frederick.jones@gmail.com,7327510715,Brownshire,Zimbabwe,Male,2024-10-26,Frederick Jones,gmail.com,2024,October,Saturday,Q4,682
Mark,Wolfe,mark.wolfe@yahoo.com,4247564119,Melissaberg,Gibraltar,Male,2024-09-03,Mark Wolfe,yahoo.com,2024,September,Tuesday,Q3,735
Jorge,Hess,jorge.hess@yahoo.com,19813913505,Heathermouth,Guinea-Bissau,Male,2025-10-17,Jorge Hess,yahoo.com,2025,October,Friday,Q4,326
Travis,Shannon,travis.shannon@yahoo.com,7328824630,West David,Tunisia,Male,2023-09-09,Travis Shannon,yahoo.com,2023,September,Saturday,Q3,1095
Judy,Ayers,judy.ayers@yahoo.com,7428059868,Murrayland,Gambia,Female,2024-06-28,Judy Ayers,yahoo.com,2024,June,Friday,Q2,802
Melissa,Schwartz,melissa.schwartz@yahoo.com,8803901014,Lake Jayberg,Libyan Arab Jamahiriya,Female,2025-11-13,Melissa Schwartz,yahoo.com,2025,November,Thursday,Q4,299
Kelly,Grant,kelly.grant@hotmail.com,19307461638,New Lisastad,Venezuela,Female,2025-06-22,Kelly Grant,hotmail.com,2025,June,Sunday,Q2,443
Timothy,Williams,timothy.williams@yahoo.com,12092656882,Averyfort,Cayman Islands,Male,2023-09-10,Timothy Williams,yahoo.com,2023,September,Sunday,Q3,1094
Nathaniel,Lucero,nathaniel.lucero@gmail.com,12475237356,Port Richardmouth,Zambia,Male,2025-11-24,Nathaniel Lucero,gmail.com,2025,November,Monday,Q4,288
Paige,Silva,paige.silva@hotmail.com,8149549836,Annechester,Hong Kong,Female,2025-12-04,Paige Silva,hotmail.com,2025,December,Thursday,Q4,278
Kaylee,Butler,kaylee.butler@yahoo.com,8852711645,Elizabethstad,Swaziland,Female,2025-05-24,Kaylee Butler,yahoo.com,2025,May,Saturday,Q2,472
Christine,Torres,christine.torres@gmail.com,5075392002,Warnerfort,South Africa,Female,2024-09-17,Christine Torres,gmail.com,2024,September,Tuesday,Q3,721
Alicia,Gonzalez,alicia.gonzalez@yahoo.com,2873192615,West Elizabeth,Burundi,Female,2025-04-12,Alicia Gonzalez,yahoo.com,2025,April,Saturday,Q2,514
Tyler,Roberts,tyler.roberts@yahoo.com,5059490809,Welchbury,Mali,Male,2025-11-08,Tyler Roberts,yahoo.com,2025,November,Saturday,Q4,304
John,Collins,john.collins@gmail.com,6305343830,Ericport,Niger,Male,2024-08-24,John Collins,gmail.com,2024,August,Saturday,Q3,745
Victoria,Vasquez,victoria.vasquez@hotmail.com,9175996546,Coryfurt,Cayman Islands,Female,2024-04-20,Victoria Vasquez,hotmail.com,2024,April,Saturday,Q2,871
Gabrielle,Chavez,gabrielle.chavez@yahoo.com,18609022302,Castanedaville,Colombia,Female,2025-03-19,Gabrielle Chavez,yahoo.com,2025,March,Wednesday,Q1,538
Angela,Wood,angela.wood@hotmail.com,12043182805,East Beth,Libyan Arab Jamahiriya,Female,2025-12-04,Angela Wood,hotmail.com,2025,December,Thursday,Q4,278
Kristen,Wise,kristen.wise@yahoo.com,17906986361,Kevintown,Cameroon,Female,2024-05-13,Kristen Wise,yahoo.com,2024,May,Monday,Q2,848
Robert,Green,robert.green@hotmail.com,5489863137,West Michaelbury,Western Sahara,Male,2023-12-31,Robert Green,hotmail.com,2023,December,Sunday,Q4,982
Ryan,Savage,ryan.savage@hotmail.com,5268691419,South Christopherview,Korea,Male,2024-01-29,Ryan Savage,hotmail.com,2024,January,Monday,Q1,953
Shane,Bradley,shane.bradley@hotmail.com,6199925692,Castroborough,French Guiana,Male,2023-12-15,Shane Bradley,hotmail.com,2023,December,Friday,Q4,998
Wayne,Robinson,wayne.robinson@gmail.com,3135181181,West Daisy,Kenya,Male,2026-03-08,Wayne Robinson,gmail.com,2026,March,Sunday,Q1,184
Mary,Collins,mary.collins@yahoo.com,9853609406,Donnahaven,Kuwait,Female,2025-12-03,Mary Collins,yahoo.com,2025,December,Wednesday,Q4,279
Christy,Johnson,christy.johnson@gmail.com,6562457227,Swansontown,Cyprus,Female,2024-08-06,Christy Johnson,gmail.com,2024,August,Tuesday,Q3,763
Scott,Pineda,scott.pineda@yahoo.com,5998987093,Christopherfurt,French Southern Territories,Male,2023-12-26,Scott Pineda,yahoo.com,2023,December,Tuesday,Q4,987
April,Cruz,april.cruz@gmail.com,9678531805,North Gina,Argentina,Female,2024-01-12,April Cruz,gmail.com,2024,January,Friday,Q1,970
Alyssa,Ferguson,alyssa.ferguson@yahoo.com,12546612536,Robertshaven,Iran,Female,2025-08-28,Alyssa Ferguson,yahoo.com,2025,August,Thursday,Q3,376
Linda,Mcdowell,linda.mcdowell@yahoo.com,12982948481,Yatestown,Sao Tome and Principe,Female,2023-12-28,Linda Mcdowell,yahoo.com,2023,December,Thursday,Q4,985
Jeremy,Herring,jeremy.herring@gmail.com,13759949330,New Jadechester,Syrian Arab Republic,Male,2023-11-27,Jeremy Herring,gmail.com,2023,November,Monday,Q4,1016
Wendy,Ramirez,wendy.ramirez@gmail.com,8149441559,Jeremybury,Papua New Guinea,Female,2026-07-02,Wendy Ramirez,gmail.com,2026,July,Thursday,Q3,68
Kelly,Alvarado,kelly.alvarado@hotmail.com,2556239170,South Courtney,Guernsey,Female,2024-08-06,Kelly Alvarado,hotmail.com,2024,August,Tuesday,Q3,763
Nathan,Robbins,nathan.robbins@hotmail.com,19774317394,Port Julie,Monaco,Male,2025-03-03,Nathan Robbins,hotmail.com,2025,March,Monday,Q1,554
Ryan,Bennett,ryan.bennett@yahoo.com,15393276871,Loweryfurt,Kazakhstan,Male,2023-10-29,Ryan Bennett,yahoo.com,2023,October,Sunday,Q4,1045
Jeffrey,Diaz,jeffrey.diaz@hotmail.com,12178357921,West Karen,India,Male,2024-12-20,Jeffrey Diaz,hotmail.com,2024,December,Friday,Q4,627
James,Weiss,james.weiss@hotmail.com,15976014557,South Heather,Bolivia,Male,2025-12-26,James Weiss,hotmail.com,2025,December,Friday,Q4,256
Victoria,Sanders,victoria.sanders@hotmail.com,14258529050,North Brandonland,Slovenia,Female,2024-02-27,Victoria Sanders,hotmail.com,2024,February,Tuesday,Q1,924
Michael,Brady,michael.brady@gmail.com,4613619738,North Brandon,Saint Vincent and the Grenadines,Male,2026-01-18,Michael Brady,gmail.com,2026,January,Sunday,Q1,233
Kayla,Rios,kayla.rios@gmail.com,6466990867,South Ericamouth,Yemen,Female,2026-05-10,Kayla Rios,gmail.com,2026,May,Sunday,Q2,121
David,Braun,david.braun@yahoo.com,3618922188,Davidfurt,Bahrain,Male,2026-05-26,David Braun,yahoo.com,2026,May,Tuesday,Q2,105
Lori,Proctor,lori.proctor@gmail.com,8235641693,Robinshire,Bahrain,Female,2025-06-11,Lori Proctor,gmail.com,2025,June,Wednesday,Q2,454
Sarah,Hamilton,sarah.hamilton@gmail.com,4234919325,Trujilloville,China,Female,2025-04-21,Sarah Hamilton,gmail.com,2025,April,Monday,Q2,505
Stephen,Allen,stephen.allen@hotmail.com,6996952252,Kathleenbury,Spain,Male,2026-05-13,Stephen Allen,hotmail.com,2026,May,Wednesday,Q2,118
Jessica,Warner,jessica.warner@hotmail.com,2817114330,Mendozamouth,Ghana,Female,2026-09-03,Jessica Warner,hotmail.com,2026,September,Thursday,Q3,5
Hannah,Leonard,hannah.leonard@hotmail.com,7623787902,North Jennifer,Ethiopia,Female,2025-05-06,Hannah Leonard,hotmail.com,2025,May,Tuesday,Q2,490
Troy,Mcdonald,troy.mcdonald@gmail.com,4267603235,Dianeshire,Montenegro,Male,2025-10-07,Troy Mcdonald,gmail.com,2025,October,Tuesday,Q4,336
John,Perez,john.perez@yahoo.com,14396579551,Adamsland,Barbados,Male,2023-12-17,John Perez,yahoo.com,2023,December,Sunday,Q4,996
Karen,Robinson,karen.robinson@yahoo.com,4037862567,Jessicaburgh,Costa Rica,Female,2024-07-27,Karen Robinson,yahoo.com,2024,July,Saturday,Q3,773
Andre,Smith,andre.smith@gmail.com,9635082924,Port Daniel,Tuvalu,Male,2025-09-09,Andre Smith,gmail.com,2025,September,Tuesday,Q3,364
Michael,Boyd,michael.boyd@gmail.com,4274365485,South Dennisland,Nicaragua,Male,2025-08-05,Michael Boyd,gmail.com,2025,August,Tuesday,Q3,399
Ryan,Pierce,ryan.pierce@gmail.com,15748162796,Carlmouth,Guinea,Male,2025-02-04,Ryan Pierce,gmail.com,2025,February,Tuesday,Q1,581
Brandon,Fletcher,brandon.fletcher@gmail.com,4105819484,North Jasontown,Korea,Male,2024-04-04,Brandon Fletcher,gmail.com,2024,April,Thursday,Q2,887
Carl,Morris,carl.morris@gmail.com,13838034243,Port Sue,Antarctica (the territory South of 60 deg S),Male,2026-04-06,Carl Morris,gmail.com,2026,April,Monday,Q2,155
Ashley,Perry,ashley.perry@yahoo.com,2165696874,Port Aaron,Holy See (Vatican City State),Female,2024-11-13,Ashley Perry,yahoo.com,2024,November,Wednesday,Q4,664
Theodore,Brown,theodore.brown@gmail.com,2163649700,Jessicaville,Liechtenstein,Male,2025-06-01,Theodore Brown,gmail.com,2025,June,Sunday,Q2,464
Elizabeth,Carpenter,elizabeth.carpenter@yahoo.com,12288092411,Garciaborough,British Virgin Islands,Female,2025-02-01,Elizabeth Carpenter,yahoo.com,2025,February,Saturday,Q1,584
Sara,Erickson,sara.erickson@yahoo.com,5329280588,Fieldsbury,Guernsey,Female,2024-11-02,Sara Erickson,yahoo.com,2024,November,Saturday,Q4,675
Natalie,Blevins,natalie.blevins@hotmail.com,4767253950,Williamchester,Syrian Arab Republic,Female,2024-06-16,Natalie Blevins,hotmail.com,2024,June,Sunday,Q2,814
Joel,Padilla,joel.padilla@hotmail.com,12265031748,West Rebekahstad,Spain,Male,2025-12-14,Joel Padilla,hotmail.com,2025,December,Sunday,Q4,268
Steven,Romero,steven.romero@hotmail.com,16977186142,North Mark,South Africa,Male,2025-03-08,Steven Romero,hotmail.com,2025,March,Saturday,Q1,549
Justin,Ramos,justin.ramos@yahoo.com,9998113798,South Morgan,Greece,Male,2026-08-03,Justin Ramos,yahoo.com,2026,August,Monday,Q3,36
Ashley,Osborn,ashley.osborn@gmail.com,14954897015,Port Jamiefurt,Russian Federation,Female,2025-11-26,Ashley Osborn,gmail.com,2025,November,Wednesday,Q4,286
Linda,Bennett,linda.bennett@gmail.com,9346761289,Orrville,San Marino,Female,2024-09-24,Linda Bennett,gmail.com,2024,September,Tuesday,Q3,714
Monica,Armstrong,monica.armstrong@hotmail.com,7994271560,Jessicaside,Tokelau,Female,2026-04-20,Monica Armstrong,hotmail.com,2026,April,Monday,Q2,141
Kayla,Hunt,kayla.hunt@gmail.com,12432976309,Youngshire,Finland,Female,2026-04-21,Kayla Hunt,gmail.com,2026,April,Tuesday,Q2,140
Lauren,Carr,lauren.carr@hotmail.com,14448574441,South Danielle,Vanuatu,Female,2025-02-22,Lauren Carr,hotmail.com,2025,February,Saturday,Q1,563
Dustin,Hall,dustin.hall@yahoo.com,7912604359,Burnettshire,Japan,Male,2025-03-26,Dustin Hall,yahoo.com,2025,March,Wednesday,Q1,531
Jonathan,Edwards,jonathan.edwards@hotmail.com,19375568167,South Deniseville,Sri Lanka,Male,2026-08-09,Jonathan Edwards,hotmail.com,2026,August,Sunday,Q3,30
Sara,Owens,sara.owens@yahoo.com,8354007883,East James,Rwanda,Female,2025-10-25,Sara Owens,yahoo.com,2025,October,Saturday,Q4,318
Frank,Smith,frank.smith@gmail.com,7995952850,South John,Puerto Rico,Male,2026-07-16,Frank Smith,gmail.com,2026,July,Thursday,Q3,54
Michelle,Lamb,michelle.lamb@yahoo.com,19723490322,Rodneymouth,Turks and Caicos Islands,Female,2023-10-29,Michelle Lamb,yahoo.com,2023,October,Sunday,Q4,1045
Lauren,Page,lauren.page@yahoo.com,5578020061,Josephstad,Mongolia,Female,2024-11-06,Lauren Page,yahoo.com,2024,November,Wednesday,Q4,671
Rebecca,Lloyd,rebecca.lloyd@gmail.com,19218893912,East Garyberg,United States of America,Female,2025-12-26,Rebecca Lloyd,gmail.com,2025,December,Friday,Q4,256
Matthew,Douglas,matthew.douglas@hotmail.com,2566446853,Mikemouth,Mozambique,Male,2025-02-06,Matthew Douglas,hotmail.com,2025,February,Thursday,Q1,579
Anthony,Montes,anthony.montes@gmail.com,14569077789,Hodgeborough,Morocco,Male,2026-03-29,Anthony Montes,gmail.com,2026,March,Sunday,Q1,163
Antonio,Gregory,antonio.gregory@yahoo.com,8082236962,Lake Isaiah,Bahamas,Male,2026-01-31,Antonio Gregory,yahoo.com,2026,January,Saturday,Q1,220
Jill,Rush,jill.rush@hotmail.com,3617790670,East Benjaminborough,Myanmar,Female,2024-07-28,Jill Rush,hotmail.com,2024,July,Sunday,Q3,772
David,Carr,david.carr@yahoo.com,4978216218,North Aaron,Guadeloupe,Male,2024-08-21,David Carr,yahoo.com,2024,August,Wednesday,Q3,748
Alexander,Miller,alexander.miller@gmail.com,7006822837,Travisside,Mauritania,Male,2025-07-30,Alexander Miller,gmail.com,2025,July,Wednesday,Q3,405
Richard,Macdonald,richard.macdonald@gmail.com,8632228012,Jonathanchester,Haiti,Male,2025-10-28,Richard Macdonald,gmail.com,2025,October,Tuesday,Q4,315
Lauren,Taylor,lauren.taylor@yahoo.com,7609960647,South Andrea,Puerto Rico,Female,2024-10-01,Lauren Taylor,yahoo.com,2024,October,Tuesday,Q4,707
John,Kelley,john.kelley@hotmail.com,8073094657,New Willie,New Caledonia,Male,2025-08-12,John Kelley,hotmail.com,2025,August,Tuesday,Q3,392
Troy,Hernandez,troy.hernandez@yahoo.com,3688092826,Davidtown,Afghanistan,Male,2025-02-19,Troy Hernandez,yahoo.com,2025,February,Wednesday,Q1,566
Christina,Vasquez,christina.vasquez@hotmail.com,9607566880,East Stevenhaven,Comoros,Female,2024-03-17,Christina Vasquez,hotmail.com,2024,March,Sunday,Q1,905
Spencer,Juarez,spencer.juarez@yahoo.com,3853354160,Angelahaven,Kazakhstan,Male,2023-09-12,Spencer Juarez,yahoo.com,2023,September,Tuesday,Q3,1092
Tara,Wilson,tara.wilson@gmail.com,19866715207,West Jeremychester,Mexico,Female,2026-02-23,Tara Wilson,gmail.com,2026,February,Monday,Q1,197
Jacqueline,Ramos,jacqueline.ramos@yahoo.com,2249610511,Port Danielside,Saint Pierre and Miquelon,Female,2025-03-23,Jacqueline Ramos,yahoo.com,2025,March,Sunday,Q1,534
Alfred,Thompson,alfred.thompson@yahoo.com,4252497239,North Veronicaburgh,Niger,Male,2025-09-08,Alfred Thompson,yahoo.com,2025,September,Monday,Q3,365
Holly,Weber,holly.weber@hotmail.com,7474539659,Alvaradoview,Paraguay,Female,2026-06-11,Holly Weber,hotmail.com,2026,June,Thursday,Q2,89
Christopher,Campbell,christopher.campbell@yahoo.com,5159374051,Hoganfurt,Saint Vincent and the Grenadines,Male,2026-02-14,Christopher Campbell,yahoo.com,2026,February,Saturday,Q1,206
Patricia,Mcdaniel,patricia.mcdaniel@yahoo.com,2817608557,Christinafurt,Maldives,Female,2025-11-06,Patricia Mcdaniel,yahoo.com,2025,November,Thursday,Q4,306
Blake,Nelson,blake.nelson@hotmail.com,2807358624,Scottmouth,Anguilla,Male,2026-02-01,Blake Nelson,hotmail.com,2026,February,Sunday,Q1,219
Lisa,Grant,lisa.grant@gmail.com,3453352791,Lake Sydneyhaven,Holy See (Vatican City State),Female,2026-08-19,Lisa Grant,gmail.com,2026,August,Wednesday,Q3,20
Scott,Hayden,scott.hayden@yahoo.com,3685985932,Port Donnaborough,Pakistan,Male,2024-11-08,Scott Hayden,yahoo.com,2024,November,Friday,Q4,669
Michael,York,michael.york@gmail.com,16024264259,Morseside,Tonga,Male,2024-02-13,Michael York,gmail.com,2024,February,Tuesday,Q1,938
Nathan,Thomas,nathan.thomas@gmail.com,15479498474,South Jenniferview,Pitcairn Islands,Male,2025-09-14,Nathan Thomas,gmail.com,2025,September,Sunday,Q3,359
William,Hobbs,william.hobbs@gmail.com,4618727580,Linchester,Niger,Male,2025-10-29,William Hobbs,gmail.com,2025,October,Wednesday,Q4,314
Kelly,Montgomery,kelly.montgomery@hotmail.com,16879754458,Tammybury,Fiji,Female,2023-09-14,Kelly Montgomery,hotmail.com,2023,September,Thursday,Q3,1090
Brian,Bishop,brian.bishop@gmail.com,15936605962,Huanghaven,Netherlands,Male,2023-10-20,Brian Bishop,gmail.com,2023,October,Friday,Q4,1054
Brian,Pittman,brian.pittman@hotmail.com,8474936561,Lake Sandra,Trinidad and Tobago,Male,2023-12-13,Brian Pittman,hotmail.com,2023,December,Wednesday,Q4,1000
Vincent,Shepherd,vincent.shepherd@gmail.com,19656948053,East Brian,Taiwan,Male,2025-07-22,Vincent Shepherd,gmail.com,2025,July,Tuesday,Q3,413
Tyler,Thompson,tyler.thompson@hotmail.com,13713862447,Lake Charles,Mayotte,Male,2026-08-28,Tyler Thompson,hotmail.com,2026,August,Friday,Q3,11
Alexis,Stephens,alexis.stephens@gmail.com,17787066154,Bennettstad,Jersey,Female,2025-01-26,Alexis Stephens,gmail.com,2025,January,Sunday,Q1,590
Michael,Phillips,michael.phillips@hotmail.com,8288825212,West Maryview,Iceland,Male,2026-03-11,Michael Phillips,hotmail.com,2026,March,Wednesday,Q1,181
Tammy,Obrien,tammy.obrien@yahoo.com,4882284705,North Elizabeth,Taiwan,Female,2026-07-21,Tammy Obrien,yahoo.com,2026,July,Tuesday,Q3,49
Christopher,Jensen,christopher.jensen@hotmail.com,4129320366,Gardnerberg,Japan,Male,2025-12-27,Christopher Jensen,hotmail.com,2025,December,Saturday,Q4,255
Michaela,Strickland,michaela.strickland@gmail.com,5286760320,Bookertown,Ireland,Female,2024-06-16,Michaela Strickland,gmail.com,2024,June,Sunday,Q2,814
Mary,Perez,mary.perez@gmail.com,2552735623,Markmouth,Marshall Islands,Female,2025-03-14,Mary Perez,gmail.com,2025,March,Friday,Q1,543
Michele,Harrison,michele.harrison@gmail.com,6734228570,Bobbyberg,Greenland,Female,2025-02-20,Michele Harrison,gmail.com,2025,February,Thursday,Q1,565
Gail,Odonnell,gail.odonnell@hotmail.com,13397770411,Walshport,Iran,Female,2026-06-05,Gail Odonnell,hotmail.com,2026,June,Friday,Q2,95
Joe,Rose,joe.rose@yahoo.com,3904448467,Amymouth,Guinea,Male,2025-12-16,Joe Rose,yahoo.com,2025,December,Tuesday,Q4,266
Julie,Norris,julie.norris@gmail.com,6624394599,Hillfort,Isle of Man,Female,2023-10-15,Julie Norris,gmail.com,2023,October,Sunday,Q4,1059
Makayla,Wheeler,makayla.wheeler@gmail.com,3125033980,Davisfurt,Cambodia,Female,2025-12-31,Makayla Wheeler,gmail.com,2025,December,Wednesday,Q4,251
Courtney,Kelly,courtney.kelly@hotmail.com,19056810801,West Richard,Angola,Female,2024-03-26,Courtney Kelly,hotmail.com,2024,March,Tuesday,Q1,896
Mark,Cole,mark.cole@gmail.com,9717565969,Cherylstad,Heard Island and McDonald Islands,Male,2023-10-17,Mark Cole,gmail.com,2023,October,Tuesday,Q4,1057
Steven,Nguyen,steven.nguyen@hotmail.com,7626917148,New Jeffreystad,Western Sahara,Male,2024-05-14,Steven Nguyen,hotmail.com,2024,May,Tuesday,Q2,847
Michael,Anderson,michael.anderson1@yahoo.com,3073882165,North Kevin,United States of America,Male,2025-04-11,Michael Anderson,yahoo.com,2025,April,Friday,Q2,515
Katherine,Page,katherine.page@yahoo.com,9035027694,New Jessicaside,Cambodia,Female,2024-12-17,Katherine Page,yahoo.com,2024,December,Tuesday,Q4,630
Tiffany,Lopez,tiffany.lopez@hotmail.com,5326124402,New Johnburgh,South Georgia and the South Sandwich Islands,Female,2024-01-23,Tiffany Lopez,hotmail.com,2024,January,Tuesday,Q1,959
Samantha,Santana,samantha.santana@yahoo.com,16253795990,Port Rhonda,Dominica,Female,2024-05-04,Samantha Santana,yahoo.com,2024,May,Saturday,Q2,857
Erika,Russell,erika.russell@gmail.com,17919134348,East Jasonchester,Puerto Rico,Female,2024-06-07,Erika Russell,gmail.com,2024,June,Friday,Q2,823
Steven,Patterson,steven.patterson@yahoo.com,2274342112,Lake Jasminehaven,Belize,Male,2024-08-20,Steven Patterson,yahoo.com,2024,August,Tuesday,Q3,749
Amanda,Roberts,amanda.roberts@yahoo.com,13028989088,Turnerstad,Cayman Islands,Female,2024-06-26,Amanda Roberts,yahoo.com,2024,June,Wednesday,Q2,804
Bruce,Armstrong,bruce.armstrong@hotmail.com,18905821335,South Susanbury,Senegal,Male,2025-07-08,Bruce Armstrong,hotmail.com,2025,July,Tuesday,Q3,427
Sierra,Garrett,sierra.garrett@yahoo.com,3413710389,Robertsmouth,Suriname,Female,2023-10-24,Sierra Garrett,yahoo.com,2023,October,Tuesday,Q4,1050
Ashley,Bowen,ashley.bowen@gmail.com,3346495607,Carrillostad,Azerbaijan,Female,2025-10-17,Ashley Bowen,gmail.com,2025,October,Friday,Q4,326
Jordan,Potter,jordan.potter@gmail.com,3723316316,West Kayleemouth,Tanzania,Female,2023-10-26,Jordan Potter,gmail.com,2023,October,Thursday,Q4,1048
Tiffany,Malone,tiffany.malone@hotmail.com,16638066700,Sandersbury,Tokelau,Female,2024-04-07,Tiffany Malone,hotmail.com,2024,April,Sunday,Q2,884
William,Wright,william.wright@hotmail.com,6002715800,Gonzalezburgh,Cuba,Male,2024-12-14,William Wright,hotmail.com,2024,December,Saturday,Q4,633
Cindy,Johnson,cindy.johnson@yahoo.com,2879448883,East Alicia,Tuvalu,Female,2025-01-24,Cindy Johnson,yahoo.com,2025,January,Friday,Q1,592
Thomas,Roberson,thomas.roberson@gmail.com,15586545513,Port Karen,Japan,Male,2025-10-16,Thomas Roberson,gmail.com,2025,October,Thursday,Q4,327
Kimberly,Stout,kimberly.stout@hotmail.com,15738693238,Scotthaven,Georgia,Female,2025-06-11,Kimberly Stout,hotmail.com,2025,June,Wednesday,Q2,454
Jason,Marsh,jason.marsh@hotmail.com,7747163712,New Scott,Iran,Male,2023-11-04,Jason Marsh,hotmail.com,2023,November,Saturday,Q4,1039
Barbara,Howard,barbara.howard@yahoo.com,4813144157,Jenniferfurt,Uganda,Female,2023-12-23,Barbara Howard,yahoo.com,2023,December,Saturday,Q4,990
Benjamin,Ryan,benjamin.ryan@gmail.com,4468036118,Port Marvinmouth,Russian Federation,Male,2026-05-14,Benjamin Ryan,gmail.com,2026,May,Thursday,Q2,117
Debra,Mata,debra.mata@yahoo.com,9683368437,Lindsayborough,French Guiana,Female,2026-07-25,Debra Mata,yahoo.com,2026,July,Saturday,Q3,45
Denise,Parks,denise.parks@yahoo.com,4959660030,East Tanya,Honduras,Female,2026-03-07,Denise Parks,yahoo.com,2026,March,Saturday,Q1,185
John,Adams,john.adams@gmail.com,19172368385,West Anthony,Saint Barthelemy,Male,2026-04-04,John Adams,gmail.com,2026,April,Saturday,Q2,157
Kenneth,Russell,kenneth.russell@yahoo.com,6816136403,Jacobfort,Suriname,Male,2025-08-27,Kenneth Russell,yahoo.com,2025,August,Wednesday,Q3,377
Andrew,Vazquez,andrew.vazquez@gmail.com,8958951429,Kellyland,Saint Vincent and the Grenadines,Male,2026-08-25,Andrew Vazquez,gmail.com,2026,August,Tuesday,Q3,14
John,Dominguez,john.dominguez@yahoo.com,6279528001,Heidimouth,Myanmar,Male,2024-06-20,John Dominguez,yahoo.com,2024,June,Thursday,Q2,810
Cynthia,Craig,cynthia.craig@yahoo.com,12383326489,Smithside,Yemen,Female,2024-02-15,Cynthia Craig,yahoo.com,2024,February,Thursday,Q1,936
Beth,Joseph,beth.joseph@yahoo.com,16574613049,West Jennifer,Singapore,Female,2024-04-27,Beth Joseph,yahoo.com,2024,April,Saturday,Q2,864
Rachel,Eaton,rachel.eaton@hotmail.com,3375287567,East Robertmouth,Honduras,Female,2024-11-06,Rachel Eaton,hotmail.com,2024,November,Wednesday,Q4,671
Mark,Sampson,mark.sampson@yahoo.com,2156882187,Lake Sharonfort,Saint Lucia,Male,2026-02-20,Mark Sampson,yahoo.com,2026,February,Friday,Q1,200
Bryan,Zhang,bryan.zhang@gmail.com,5462446119,Coxport,China,Male,2024-12-20,Bryan Zhang,gmail.com,2024,December,Friday,Q4,627
Shelley,Burns,shelley.burns@hotmail.com,19883523774,West John,Grenada,Female,2024-02-02,Shelley Burns,hotmail.com,2024,February,Friday,Q1,949
Brooke,Potter,brooke.potter@hotmail.com,18802822679,New Russell,United States Minor Outlying Islands,Female,2024-07-19,Brooke Potter,hotmail.com,2024,July,Friday,Q3,781
Joshua,Lewis,joshua.lewis@hotmail.com,19572164682,South Brandonbury,Libyan Arab Jamahiriya,Male,2025-11-24,Joshua Lewis,hotmail.com,2025,November,Monday,Q4,288
Ricardo,Rose,ricardo.rose@hotmail.com,16664932070,Vasquezport,Mauritius,Male,2025-07-22,Ricardo Rose,hotmail.com,2025,July,Tuesday,Q3,413
Sharon,Peck,sharon.peck@gmail.com,18659074456,Wardview,Benin,Female,2026-03-25,Sharon Peck,gmail.com,2026,March,Wednesday,Q1,167
Katrina,Shaw,katrina.shaw@yahoo.com,16477795003,Port Edward,Colombia,Female,2025-07-18,Katrina Shaw,yahoo.com,2025,July,Friday,Q3,417
Vanessa,Sanders,vanessa.sanders@gmail.com,5325645257,New Reneeton,Kyrgyz Republic,Female,2024-10-12,Vanessa Sanders,gmail.com,2024,October,Saturday,Q4,696
Patricia,Williams,patricia.williams@yahoo.com,9518685224,Richardsonberg,Guam,Female,2026-01-21,Patricia Williams,yahoo.com,2026,January,Wednesday,Q1,230
Christina,Wolf,christina.wolf@hotmail.com,15004536693,Hamiltonborough,Eritrea,Female,2024-03-27,Christina Wolf,hotmail.com,2024,March,Wednesday,Q1,895
Chase,Acevedo,chase.acevedo@hotmail.com,3282372372,Port Jerome,Latvia,Male,2026-08-28,Chase Acevedo,hotmail.com,2026,August,Friday,Q3,11
Miguel,Brown,miguel.brown@hotmail.com,15945234037,Lake David,Niue,Male,2025-12-20,Miguel Brown,hotmail.com,2025,December,Saturday,Q4,262
Stacy,Robertson,stacy.robertson@hotmail.com,9563125780,Karenville,Lesotho,Female,2025-06-22,Stacy Robertson,hotmail.com,2025,June,Sunday,Q2,443
Laura,Cruz,laura.cruz@gmail.com,19644554421,Robertsmouth,Costa Rica,Female,2024-04-20,Laura Cruz,gmail.com,2024,April,Saturday,Q2,871
Mark,Cole,mark.cole@hotmail.com,12685859342,Austinmouth,United States Minor Outlying Islands,Male,2026-07-25,Mark Cole,hotmail.com,2026,July,Saturday,Q3,45
Michael,Huffman,michael.huffman@hotmail.com,7158032198,Laurenland,Pitcairn Islands,Male,2026-08-07,Michael Huffman,hotmail.com,2026,August,Friday,Q3,32
Monica,Anderson,monica.anderson@gmail.com,3666860673,Wrightside,Myanmar,Female,2025-03-17,Monica Anderson,gmail.com,2025,March,Monday,Q1,540
Nathaniel,Davis,nathaniel.davis@hotmail.com,4384524276,West Michaelfurt,Dominican Republic,Male,2026-07-25,Nathaniel Davis,hotmail.com,2026,July,Saturday,Q3,45
Jeremy,Harris,jeremy.harris@hotmail.com,7396949594,Coxstad,Congo,Male,2024-01-01,Jeremy Harris,hotmail.com,2024,January,Monday,Q1,981
Julie,Palmer,julie.palmer@gmail.com,8025102736,West Jill,Palestinian Territory,Female,2025-08-24,Julie Palmer,gmail.com,2025,August,Sunday,Q3,380
Christine,Bush,christine.bush@gmail.com,3348874939,Smithville,Mozambique,Female,2024-03-18,Christine Bush,gmail.com,2024,March,Monday,Q1,904
Amanda,Smith,amanda.smith@hotmail.com,9667073264,Crystalview,Bermuda,Female,2025-09-29,Amanda Smith,hotmail.com,2025,September,Monday,Q3,344
Wendy,Norton,wendy.norton@hotmail.com,19095371645,Robertshire,Syrian Arab Republic,Female,2024-12-17,Wendy Norton,hotmail.com,2024,December,Tuesday,Q4,630
David,Snyder,david.snyder1@hotmail.com,2877805289,Kimland,Micronesia,Male,2024-07-01,David Snyder,hotmail.com,2024,July,Monday,Q3,799
Jeremy,Lindsey,jeremy.lindsey@yahoo.com,17772198883,Romeroborough,Macao,Male,2023-11-10,Jeremy Lindsey,yahoo.com,2023,November,Friday,Q4,1033
Jennifer,Burgess,jennifer.burgess@gmail.com,4306899646,West Kim,Djibouti,Female,2025-03-17,Jennifer Burgess,gmail.com,2025,March,Monday,Q1,540
David,Sullivan,david.sullivan@yahoo.com,9123156038,New Amyborough,Greenland,Male,2025-01-02,David Sullivan,yahoo.com,2025,January,Thursday,Q1,614
Jennifer,Roberts,jennifer.roberts@yahoo.com,6499037647,Navarroshire,British Virgin Islands,Female,2026-06-24,Jennifer Roberts,yahoo.com,2026,June,Wednesday,Q2,76
Natalie,Miller,natalie.miller@gmail.com,7218503965,Lake Annaton,Armenia,Female,2024-12-21,Natalie Miller,gmail.com,2024,December,Saturday,Q4,626
Barbara,Boyd,barbara.boyd@gmail.com,5357286601,Karatown,Chad,Female,2026-03-06,Barbara Boyd,gmail.com,2026,March,Friday,Q1,186
Gina,Bond,gina.bond@gmail.com,2018012457,New Kennethshire,Sierra Leone,Female,2026-02-22,Gina Bond,gmail.com,2026,February,Sunday,Q1,198
Brian,Gentry,brian.gentry@hotmail.com,19503551919,Nortonfort,Belarus,Male,2025-09-27,Brian Gentry,hotmail.com,2025,September,Saturday,Q3,346
Aimee,Smith,aimee.smith@yahoo.com,13294328507,East Lisa,Belarus,Female,2024-07-06,Aimee Smith,yahoo.com,2024,July,Saturday,Q3,794
Douglas,Gomez,douglas.gomez@gmail.com,9947003717,Paulmouth,Equatorial Guinea,Male,2025-12-26,Douglas Gomez,gmail.com,2025,December,Friday,Q4,256
Adam,Ross,adam.ross@gmail.com,17269203069,East Danielside,Jersey,Male,2023-11-21,Adam Ross,gmail.com,2023,November,Tuesday,Q4,1022
Sandra,Brown,sandra.brown@gmail.com,7237993302,Carpenterberg,Bahamas,Female,2025-07-05,Sandra Brown,gmail.com,2025,July,Saturday,Q3,430
Rachel,Walker,rachel.walker@yahoo.com,12596688910,Anthonyburgh,Benin,Female,2023-12-18,Rachel Walker,yahoo.com,2023,December,Monday,Q4,995
Charles,Williams,charles.williams@gmail.com,3089164180,West Benjaminside,Tajikistan,Male,2024-09-08,Charles Williams,gmail.com,2024,September,Sunday,Q3,730
Denise,Elliott,denise.elliott@yahoo.com,9956060958,Raymondside,Cyprus,Female,2026-08-05,Denise Elliott,yahoo.com,2026,August,Wednesday,Q3,34
Lisa,Payne,lisa.payne@yahoo.com,14072429414,Christinemouth,Venezuela,Female,2026-06-14,Lisa Payne,yahoo.com,2026,June,Sunday,Q2,86
Jessica,Jordan,jessica.jordan@yahoo.com,7845766919,North Peterport,Lithuania,Female,2024-04-10,Jessica Jordan,yahoo.com,2024,April,Wednesday,Q2,881
Joseph,Mccoy,joseph.mccoy@gmail.com,3463859026,Hughesside,Iran,Male,2025-07-15,Joseph Mccoy,gmail.com,2025,July,Tuesday,Q3,420
Adam,Lopez,adam.lopez@hotmail.com,9249689670,Bradleyland,Ukraine,Male,2025-03-26,Adam Lopez,hotmail.com,2025,March,Wednesday,Q1,531
Rodney,Crawford,rodney.crawford@gmail.com,4127524235,Guerratown,Mali,Male,2025-01-18,Rodney Crawford,gmail.com,2025,January,Saturday,Q1,598
Natasha,Mills,natasha.mills@hotmail.com,5967172150,Port Christopher,Saint Helena,Female,2024-03-10,Natasha Mills,hotmail.com,2024,March,Sunday,Q1,912
Kayla,Watson,kayla.watson@yahoo.com,4593934232,New Christopherberg,Uruguay,Female,2026-02-22,Kayla Watson,yahoo.com,2026,February,Sunday,Q1,198
Denise,Scott,denise.scott@hotmail.com,5146140878,Lake Megan,Lao People's Democratic Republic,Female,2025-09-25,Denise Scott,hotmail.com,2025,September,Thursday,Q3,348
Leslie,Stephens,leslie.stephens@hotmail.com,3023116823,North Lindashire,Hungary,Female,2024-04-28,Leslie Stephens,hotmail.com,2024,April,Sunday,Q2,863
Scott,Martin,scott.martin@yahoo.com,7784963558,Lewisport,Macao,Male,2025-11-27,Scott Martin,yahoo.com,2025,November,Thursday,Q4,285
Trevor,Thomas,trevor.thomas@hotmail.com,14722544225,Brandonbury,El Salvador,Male,2025-02-11,Trevor Thomas,hotmail.com,2025,February,Tuesday,Q1,574
Holly,Spencer,holly.spencer@hotmail.com,8878204767,Ericksonside,Brunei Darussalam,Female,2025-12-25,Holly Spencer,hotmail.com,2025,December,Thursday,Q4,257
Joshua,Simpson,joshua.simpson@yahoo.com,17875120753,West Kimberlyberg,Indonesia,Male,2024-03-25,Joshua Simpson,yahoo.com,2024,March,Monday,Q1,897
Brandon,Pena,brandon.pena@yahoo.com,4148430106,Michaelmouth,Georgia,Male,2024-11-02,Brandon Pena,yahoo.com,2024,November,Saturday,Q4,675
Timothy,Lewis,timothy.lewis@hotmail.com,18719153334,North Anthonyton,San Marino,Male,2024-07-24,Timothy Lewis,hotmail.com,2024,July,Wednesday,Q3,776
Ricky,Turner,ricky.turner@yahoo.com,3999758586,Brownberg,Brazil,Male,2025-03-30,Ricky Turner,yahoo.com,2025,March,Sunday,Q1,527
Laura,Hernandez,laura.hernandez@hotmail.com,5373638274,East Jacob,Trinidad and Tobago,Female,2026-03-31,Laura Hernandez,hotmail.com,2026,March,Tuesday,Q1,161
Erica,Hawkins,erica.hawkins@yahoo.com,9476314836,Ruizfort,Equatorial Guinea,Female,2023-09-17,Erica Hawkins,yahoo.com,2023,September,Sunday,Q3,1087
Judy,Walker,judy.walker@yahoo.com,4563007622,Port Melissa,Israel,Female,2025-12-20,Judy Walker,yahoo.com,2025,December,Saturday,Q4,262
Christopher,Peters,christopher.peters@yahoo.com,14722643933,Moralesfurt,Antigua and Barbuda,Male,2024-11-05,Christopher Peters,yahoo.com,2024,November,Tuesday,Q4,672
Joshua,Hinton,joshua.hinton@gmail.com,3343435849,Tinachester,Guernsey,Male,2024-02-07,Joshua Hinton,gmail.com,2024,February,Wednesday,Q1,944
Brittany,Green,brittany.green@gmail.com,5638781704,Conniehaven,Bhutan,Female,2024-01-15,Brittany Green,gmail.com,2024,January,Monday,Q1,967
Melissa,Barber,melissa.barber@hotmail.com,5583594219,Port Melissa,Congo,Female,2026-08-13,Melissa Barber,hotmail.com,2026,August,Thursday,Q3,26
James,Johnston,james.johnston@gmail.com,8673687775,Port Kimberly,Benin,Male,2025-10-01,James Johnston,gmail.com,2025,October,Wednesday,Q4,342
Dawn,Larson,dawn.larson@hotmail.com,5382088426,Atkinsonville,Haiti,Female,2023-10-20,Dawn Larson,hotmail.com,2023,October,Friday,Q4,1054
Amanda,Jones,amanda.jones@gmail.com,19154480442,West Victoriatown,Benin,Female,2023-09-11,Amanda Jones,gmail.com,2023,September,Monday,Q3,1093
Sharon,Warren,sharon.warren@yahoo.com,3647790499,Walkertown,Hong Kong,Female,2025-08-13,Sharon Warren,yahoo.com,2025,August,Wednesday,Q3,391
Lisa,Armstrong,lisa.armstrong@yahoo.com,18366720961,Lake Glenn,Haiti,Female,2025-11-06,Lisa Armstrong,yahoo.com,2025,November,Thursday,Q4,306
Rebecca,Bradley,rebecca.bradley@yahoo.com,5454971557,Owensville,Brazil,Female,2026-08-01,Rebecca Bradley,yahoo.com,2026,August,Saturday,Q3,38
Gabriela,Byrd,gabriela.byrd@gmail.com,8733260968,Port Alexandrafort,Cook Islands,Female,2025-02-27,Gabriela Byrd,gmail.com,2025,February,Thursday,Q1,558
Jonathan,Downs,jonathan.downs@yahoo.com,14438364470,East Tracy,Taiwan,Male,2025-10-12,Jonathan Downs,yahoo.com,2025,October,Sunday,Q4,331
Mary,Dyer,mary.dyer@yahoo.com,19643587669,Michaelbury,Falkland Islands (Malvinas),Female,2025-07-27,Mary Dyer,yahoo.com,2025,July,Sunday,Q3,408
Susan,Boyer,susan.boyer@hotmail.com,2246053772,Edwardsbury,Norway,Female,2026-05-03,Susan Boyer,hotmail.com,2026,May,Sunday,Q2,128
David,Rich,david.rich@gmail.com,5547807805,Carpenterburgh,Saint Helena,Male,2026-04-08,David Rich,gmail.com,2026,April,Wednesday,Q2,153
Barbara,Russell,barbara.russell@yahoo.com,2808407373,East Lisa,Romania,Female,2024-10-12,Barbara Russell,yahoo.com,2024,October,Saturday,Q4,696
Sara,Edwards,sara.edwards@gmail.com,18269583879,Deborahview,Puerto Rico,Female,2025-05-12,Sara Edwards,gmail.com,2025,May,Monday,Q2,484
Scott,Reese,scott.reese@gmail.com,7274399741,Lake Stephanieshire,Finland,Male,2023-12-25,Scott Reese,gmail.com,2023,December,Monday,Q4,988
Amy,Davis,amy.davis@gmail.com,16769078195,Knightfort,Cook Islands,Female,2025-11-21,Amy Davis,gmail.com,2025,November,Friday,Q4,291
Christina,Young,christina.young@gmail.com,2147435754,South Anthony,Senegal,Female,2025-09-02,Christina Young,gmail.com,2025,September,Tuesday,Q3,371
Allen,Powell,allen.powell@hotmail.com,8563707181,New Daniel,Comoros,Male,2025-10-11,Allen Powell,hotmail.com,2025,October,Saturday,Q4,332
Joel,Cox,joel.cox@hotmail.com,19842133768,Sabrinahaven,Slovakia (Slovak Republic),Male,2023-09-26,Joel Cox,hotmail.com,2023,September,Tuesday,Q3,1078
Katherine,Jones,katherine.jones@gmail.com,16659106407,Williamborough,Sri Lanka,Female,2023-09-24,Katherine Jones,gmail.com,2023,September,Sunday,Q3,1080
Darren,Holmes,darren.holmes@yahoo.com,2362540449,North Michelle,Micronesia,Male,2025-11-02,Darren Holmes,yahoo.com,2025,November,Sunday,Q4,310
Danielle,Alvarado,danielle.alvarado@yahoo.com,2317678598,North James,Colombia,Female,2026-05-06,Danielle Alvarado,yahoo.com,2026,May,Wednesday,Q2,125
Andrew,Sims,andrew.sims@yahoo.com,8058269901,East Andrew,Netherlands Antilles,Male,2024-05-21,Andrew Sims,yahoo.com,2024,May,Tuesday,Q2,840
Thomas,Howard,thomas.howard@yahoo.com,4409307991,East Anthony,Cameroon,Male,2026-05-10,Thomas Howard,yahoo.com,2026,May,Sunday,Q2,121
Lee,Lewis,lee.lewis@hotmail.com,6003423182,New Johnton,United States of America,Male,2025-02-27,Lee Lewis,hotmail.com,2025,February,Thursday,Q1,558
Edward,Roberts,edward.roberts@yahoo.com,4856779739,Daniellemouth,Dominica,Male,2025-12-03,Edward Roberts,yahoo.com,2025,December,Wednesday,Q4,279
Ronald,Brooks,ronald.brooks@gmail.com,14277238264,New Matthewstad,Haiti,Male,2026-06-08,Ronald Brooks,gmail.com,2026,June,Monday,Q2,92
John,Barnes,john.barnes@hotmail.com,6156590308,Hughesmouth,American Samoa,Male,2024-12-07,John Barnes,hotmail.com,2024,December,Saturday,Q4,640
Kayla,Campbell,kayla.campbell@hotmail.com,6502892446,West Anthony,Venezuela,Female,2025-06-10,Kayla Campbell,hotmail.com,2025,June,Tuesday,Q2,455
Linda,Ward,linda.ward@yahoo.com,19357588108,Sergiomouth,Niue,Female,2025-10-18,Linda Ward,yahoo.com,2025,October,Saturday,Q4,325
Taylor,Nelson,taylor.nelson@hotmail.com,6545123872,Carlsonton,Andorra,Female,2025-10-13,Taylor Nelson,hotmail.com,2025,October,Monday,Q4,330
Antonio,Mitchell,antonio.mitchell@yahoo.com,4945849674,Kristinfort,British Indian Ocean Territory (Chagos Archipelago),Male,2024-05-04,Antonio Mitchell,yahoo.com,2024,May,Saturday,Q2,857
Erin,Willis,erin.willis@yahoo.com,6273674906,Port Valerie,Liechtenstein,Female,2024-04-24,Erin Willis,yahoo.com,2024,April,Wednesday,Q2,867
Michael,Sanders,michael.sanders@gmail.com,2457134170,Susanmouth,Moldova,Male,2024-09-15,Michael Sanders,gmail.com,2024,September,Sunday,Q3,723
Rachel,Gomez,rachel.gomez@hotmail.com,2567216833,West Vanessashire,Bermuda,Female,2023-10-24,Rachel Gomez,hotmail.com,2023,October,Tuesday,Q4,1050
Kathryn,Malone,kathryn.malone@gmail.com,9315715578,South Angela,Tuvalu,Female,2023-11-18,Kathryn Malone,gmail.com,2023,November,Saturday,Q4,1025
Richard,Jensen,richard.jensen@gmail.com,2603898885,West Nathanside,Congo,Male,2026-03-23,Richard Jensen,gmail.com,2026,March,Monday,Q1,169
Blake,Rodriguez,blake.rodriguez@gmail.com,5025640093,Sanchezshire,Armenia,Male,2024-06-21,Blake Rodriguez,gmail.com,2024,June,Friday,Q2,809
Theodore,Wade,theodore.wade@gmail.com,15876821889,Stephaniemouth,Mali,Male,2024-02-09,Theodore Wade,gmail.com,2024,February,Friday,Q1,942
Nicole,Gutierrez,nicole.gutierrez@yahoo.com,8638420834,Timothyberg,Saint Lucia,Female,2025-06-10,Nicole Gutierrez,yahoo.com,2025,June,Tuesday,Q2,455
Elizabeth,Charles,elizabeth.charles@yahoo.com,3839279663,Summersport,Faroe Islands,Female,2026-04-11,Elizabeth Charles,yahoo.com,2026,April,Saturday,Q2,150
Lacey,Collins,lacey.collins@hotmail.com,7147469399,Powellberg,Congo,Female,2026-04-20,Lacey Collins,hotmail.com,2026,April,Monday,Q2,141
Diana,David,diana.david@hotmail.com,3904896496,New Kimberly,Cameroon,Female,2024-09-19,Diana David,hotmail.com,2024,September,Thursday,Q3,719
Maurice,Santos,maurice.santos@hotmail.com,9465872203,South Jasmine,Singapore,Male,2024-10-31,Maurice Santos,hotmail.com,2024,October,Thursday,Q4,677
Amy,Hughes,amy.hughes@hotmail.com,5382674857,Kristinmouth,Myanmar,Female,2025-04-28,Amy Hughes,hotmail.com,2025,April,Monday,Q2,498
Melissa,Gentry,melissa.gentry@yahoo.com,18769578680,Greenview,Wallis and Futuna,Female,2026-03-30,Melissa Gentry,yahoo.com,2026,March,Monday,Q1,162
Deborah,Donaldson,deborah.donaldson@gmail.com,5706561465,Gregoryton,French Guiana,Female,2024-04-29,Deborah Donaldson,gmail.com,2024,April,Monday,Q2,862
Anita,Cohen,anita.cohen@yahoo.com,7472152035,Robertville,Dominica,Female,2024-08-20,Anita Cohen,yahoo.com,2024,August,Tuesday,Q3,749
Emily,Phelps,emily.phelps@yahoo.com,9818432298,Mckinneyborough,Colombia,Female,2025-10-08,Emily Phelps,yahoo.com,2025,October,Wednesday,Q4,335
Michael,Holt,michael.holt@gmail.com,12422338106,Edwardland,Marshall Islands,Male,2024-10-27,Michael Holt,gmail.com,2024,October,Sunday,Q4,681
Gregory,Mccullough,gregory.mccullough@hotmail.com,18493659905,Port Kellymouth,United Kingdom,Male,2025-10-29,Gregory Mccullough,hotmail.com,2025,October,Wednesday,Q4,314
Samantha,Williams,samantha.williams@gmail.com,13778513061,Robertsborough,Swaziland,Female,2025-08-22,Samantha Williams,gmail.com,2025,August,Friday,Q3,382
Ashley,Murillo,ashley.murillo@gmail.com,5043319274,South Ronald,Guernsey,Female,2025-05-18,Ashley Murillo,gmail.com,2025,May,Sunday,Q2,478
Scott,Thompson,scott.thompson@gmail.com,7164558062,Bryantberg,Uganda,Male,2023-12-01,Scott Thompson,gmail.com,2023,December,Friday,Q4,1012
Megan,Sullivan,megan.sullivan@yahoo.com,18022751005,Stevenland,Sierra Leone,Female,2023-12-27,Megan Sullivan,yahoo.com,2023,December,Wednesday,Q4,986
Valerie,Miller,valerie.miller@hotmail.com,5675932353,Lake Michelleview,Marshall Islands,Female,2024-11-18,Valerie Miller,hotmail.com,2024,November,Monday,Q4,659
Nicholas,Haynes,nicholas.haynes@gmail.com,6574079432,Vegachester,San Marino,Male,2025-12-06,Nicholas Haynes,gmail.com,2025,December,Saturday,Q4,276
Rachel,Fuller,rachel.fuller@hotmail.com,7193020411,New Jeffreyport,India,Female,2025-03-28,Rachel Fuller,hotmail.com,2025,March,Friday,Q1,529
Miranda,Walker,miranda.walker@yahoo.com,2302575437,Davidview,Djibouti,Female,2025-08-08,Miranda Walker,yahoo.com,2025,August,Friday,Q3,396
Tanya,Johnson,tanya.johnson@hotmail.com,7174047012,Port Jason,United States Minor Outlying Islands,Female,2026-05-09,Tanya Johnson,hotmail.com,2026,May,Saturday,Q2,122
Sally,Garner,sally.garner@gmail.com,7853681769,Cranebury,Portugal,Female,2026-01-29,Sally Garner,gmail.com,2026,January,Thursday,Q1,222
Cynthia,Gallagher,cynthia.gallagher@gmail.com,5553916983,Chapmanfurt,France,Female,2026-06-03,Cynthia Gallagher,gmail.com,2026,June,Wednesday,Q2,97
Kathryn,Stone,kathryn.stone@hotmail.com,9402654525,Phelpsfurt,Tonga,Female,2025-04-02,Kathryn Stone,hotmail.com,2025,April,Wednesday,Q2,524
Aaron,Green,aaron.green@gmail.com,4788562271,Port Davidfurt,Solomon Islands,Male,2023-12-17,Aaron Green,gmail.com,2023,December,Sunday,Q4,996
Barbara,Graham,barbara.graham@gmail.com,13109936091,North Monicaberg,Luxembourg,Female,2026-08-15,Barbara Graham,gmail.com,2026,August,Saturday,Q3,24
Jennifer,Jackson,jennifer.jackson@gmail.com,8874777014,North Annachester,Oman,Female,2026-06-23,Jennifer Jackson,gmail.com,2026,June,Tuesday,Q2,77
Patricia,Greene,patricia.greene@yahoo.com,4604773595,West Michelleville,Costa Rica,Female,2025-04-02,Patricia Greene,yahoo.com,2025,April,Wednesday,Q2,524
James,Foley,james.foley@hotmail.com,19747892500,South Stuartview,Turkmenistan,Male,2025-12-01,James Foley,hotmail.com,2025,December,Monday,Q4,281
Jennifer,Kennedy,jennifer.kennedy@yahoo.com,19186217748,Hayesbury,Holy See (Vatican City State),Female,2026-04-19,Jennifer Kennedy,yahoo.com,2026,April,Sunday,Q2,142
Timothy,Estrada,timothy.estrada@yahoo.com,14847383569,Port Barry,Belgium,Male,2026-04-15,Timothy Estrada,yahoo.com,2026,April,Wednesday,Q2,146
Christina,Terry,christina.terry@yahoo.com,5917267191,Lake Benjamin,Niue,Female,2024-01-04,Christina Terry,yahoo.com,2024,January,Thursday,Q1,978
David,Peters,david.peters@hotmail.com,5055682875,Meganburgh,Jamaica,Male,2026-08-14,David Peters,hotmail.com,2026,August,Friday,Q3,25
Carolyn,Taylor,carolyn.taylor@hotmail.com,5876478112,Davidbury,Montserrat,Female,2024-05-21,Carolyn Taylor,hotmail.com,2024,May,Tuesday,Q2,840
Rebecca,Taylor,rebecca.taylor@gmail.com,6779865039,Maryton,Germany,Female,2025-01-25,Rebecca Taylor,gmail.com,2025,January,Saturday,Q1,591
Traci,Schwartz,traci.schwartz@yahoo.com,15797174312,New Sara,Belarus,Female,2023-12-23,Traci Schwartz,yahoo.com,2023,December,Saturday,Q4,990
Melissa,Simpson,melissa.simpson@gmail.com,15278209480,Shannonstad,Israel,Female,2024-06-23,Melissa Simpson,gmail.com,2024,June,Sunday,Q2,807
Stephen,Scott,stephen.scott@gmail.com,17167867088,South Ashleyview,Denmark,Male,2026-02-23,Stephen Scott,gmail.com,2026,February,Monday,Q1,197
Mason,Nelson,mason.nelson@gmail.com,5107427974,Mckenzieberg,Brazil,Male,2023-09-10,Mason Nelson,gmail.com,2023,September,Sunday,Q3,1094
Ashley,Warren,ashley.warren@gmail.com,5896699132,North Christopherfort,Argentina,Female,2024-06-27,Ashley Warren,gmail.com,2024,June,Thursday,Q2,803
Elizabeth,Wood,elizabeth.wood@gmail.com,12164426245,Port Jerryview,South Africa,Female,2025-05-04,Elizabeth Wood,gmail.com,2025,May,Sunday,Q2,492
Marcus,Dominguez,marcus.dominguez@gmail.com,12397407173,Thomaston,Saint Helena,Male,2026-07-02,Marcus Dominguez,gmail.com,2026,July,Thursday,Q3,68
Anthony,Williams,anthony.williams@gmail.com,15817079516,North Jordan,Serbia,Male,2024-01-18,Anthony Williams,gmail.com,2024,January,Thursday,Q1,964
Patrick,Smith,patrick.smith@gmail.com,2417756168,Kingland,Marshall Islands,Male,2025-02-10,Patrick Smith,gmail.com,2025,February,Monday,Q1,575
Derrick,Lee,derrick.lee@hotmail.com,3667502859,Hortonmouth,Micronesia,Male,2024-03-07,Derrick Lee,hotmail.com,2024,March,Thursday,Q1,915
Jeffrey,Salazar,jeffrey.salazar@hotmail.com,3783290524,Lake Justinshire,Myanmar,Male,2026-04-08,Jeffrey Salazar,hotmail.com,2026,April,Wednesday,Q2,153
Devin,Rodriguez,devin.rodriguez@gmail.com,4018385699,Ericville,Switzerland,Male,2024-05-17,Devin Rodriguez,gmail.com,2024,May,Friday,Q2,844
Robert,Johnson,robert.johnson@yahoo.com,8028098446,Claudiaside,Barbados,Male,2026-08-16,Robert Johnson,yahoo.com,2026,August,Sunday,Q3,23
Joshua,Ford,joshua.ford@hotmail.com,6363759164,Jamesberg,Saint Helena,Male,2024-03-02,Joshua Ford,hotmail.com,2024,March,Saturday,Q1,920
Justin,Johnson,justin.johnson@gmail.com,8304852315,West Isaac,El Salvador,Male,2023-09-27,Justin Johnson,gmail.com,2023,September,Wednesday,Q3,1077
Monica,Hernandez,monica.hernandez@hotmail.com,16464267132,New Rodney,South Georgia and the South Sandwich Islands,Female,2023-11-08,Monica Hernandez,hotmail.com,2023,November,Wednesday,Q4,1035
Robin,Wells,robin.wells@gmail.com,9299398766,North Bernard,Pakistan,Female,2025-02-14,Robin Wells,gmail.com,2025,February,Friday,Q1,571
Cassandra,Carter,cassandra.carter@hotmail.com,9034305109,Laurenberg,Guatemala,Female,2024-11-10,Cassandra Carter,hotmail.com,2024,November,Sunday,Q4,667
Clayton,Reed,clayton.reed@gmail.com,3894392763,South Deborah,Paraguay,Male,2026-05-08,Clayton Reed,gmail.com,2026,May,Friday,Q2,123
Christopher,Flowers,christopher.flowers@hotmail.com,17685070423,Port Christopherchester,Pitcairn Islands,Male,2026-02-22,Christopher Flowers,hotmail.com,2026,February,Sunday,Q1,198
Kevin,Craig,kevin.craig@hotmail.com,2539470507,Brooksside,Micronesia,Male,2024-12-13,Kevin Craig,hotmail.com,2024,December,Friday,Q4,634
Keith,Hopkins,keith.hopkins@hotmail.com,12637576866,Charlesview,Micronesia,Male,2024-11-15,Keith Hopkins,hotmail.com,2024,November,Friday,Q4,662
Natalie,Ramirez,natalie.ramirez@gmail.com,7593551330,Kellyshire,Isle of Man,Female,2024-07-27,Natalie Ramirez,gmail.com,2024,July,Saturday,Q3,773
Mary,Gomez,mary.gomez@hotmail.com,18107967451,Port Matthewtown,El Salvador,Female,2023-12-17,Mary Gomez,hotmail.com,2023,December,Sunday,Q4,996
Katherine,Crawford,katherine.crawford@gmail.com,5344267870,Lake Margaret,Bouvet Island (Bouvetoya),Female,2024-04-12,Katherine Crawford,gmail.com,2024,April,Friday,Q2,879
Jose,Alexander,jose.alexander@hotmail.com,17938547521,Port Melissa,Uganda,Male,2024-08-10,Jose Alexander,hotmail.com,2024,August,Saturday,Q3,759
Andrea,Torres,andrea.torres@gmail.com,8107886230,Emilytown,Anguilla,Female,2024-09-06,Andrea Torres,gmail.com,2024,September,Friday,Q3,732
Robin,Patel,robin.patel@hotmail.com,4363485100,West Charles,El Salvador,Female,2023-10-14,Robin Patel,hotmail.com,2023,October,Saturday,Q4,1060
Kimberly,West,kimberly.west@gmail.com,9462168787,Lake David,Angola,Female,2024-11-16,Kimberly West,gmail.com,2024,November,Saturday,Q4,661
Cody,Collins,cody.collins@yahoo.com,2336442106,Smithtown,Norfolk Island,Male,2024-12-05,Cody Collins,yahoo.com,2024,December,Thursday,Q4,642
Brian,Martinez,brian.martinez@yahoo.com,7578942072,Andersonland,Liechtenstein,Male,2025-04-16,Brian Martinez,yahoo.com,2025,April,Wednesday,Q2,510
Robert,Jones,robert.jones@hotmail.com,15989987877,Douglasberg,Somalia,Male,2024-08-04,Robert Jones,hotmail.com,2024,August,Sunday,Q3,765
Lawrence,Miller,lawrence.miller@hotmail.com,2976204873,Darylview,Ghana,Male,2025-02-19,Lawrence Miller,hotmail.com,2025,February,Wednesday,Q1,566
Patrick,Ortiz,patrick.ortiz@hotmail.com,8736418807,East Connieville,Guernsey,Male,2025-09-29,Patrick Ortiz,hotmail.com,2025,September,Monday,Q3,344
Renee,Hicks,renee.hicks@hotmail.com,7916853620,Carolynbury,Myanmar,Female,2024-06-17,Renee Hicks,hotmail.com,2024,June,Monday,Q2,813
Jerome,Craig,jerome.craig@yahoo.com,3067385670,South Angelica,Fiji,Male,2024-06-22,Jerome Craig,yahoo.com,2024,June,Saturday,Q2,808
Anthony,Woodard,anthony.woodard@yahoo.com,14554354407,Port Saraton,Korea,Male,2024-04-12,Anthony Woodard,yahoo.com,2024,April,Friday,Q2,879
Meghan,Smith,meghan.smith@yahoo.com,3949711246,Elizabethside,Puerto Rico,Female,2023-10-02,Meghan Smith,yahoo.com,2023,October,Monday,Q4,1072
Stephanie,Ramirez,stephanie.ramirez@gmail.com,18484667186,Kevinfort,Bahamas,Female,2026-08-23,Stephanie Ramirez,gmail.com,2026,August,Sunday,Q3,16
David,Dunn,david.dunn@yahoo.com,5104187703,Steventon,Puerto Rico,Male,2024-11-24,David Dunn,yahoo.com,2024,November,Sunday,Q4,653
Mary,Walker,mary.walker@gmail.com,2325466899,West Laurenbury,Malaysia,Female,2024-02-12,Mary Walker,gmail.com,2024,February,Monday,Q1,939
Robert,Ramos,robert.ramos@hotmail.com,13893924692,North Christopher,Japan,Male,2024-11-29,Robert Ramos,hotmail.com,2024,November,Friday,Q4,648
David,Wright,david.wright@yahoo.com,2652181275,West John,Senegal,Male,2025-08-23,David Wright,yahoo.com,2025,August,Saturday,Q3,381
Denise,Daniel,denise.daniel@gmail.com,5673405362,Port Matthewville,Northern Mariana Islands,Female,2023-12-20,Denise Daniel,gmail.com,2023,December,Wednesday,Q4,993
Brian,Huff,brian.huff@gmail.com,17204607136,North Tiffany,Georgia,Male,2024-10-23,Brian Huff,gmail.com,2024,October,Wednesday,Q4,685
Carla,Hancock,carla.hancock@yahoo.com,17356384256,Jessicachester,Somalia,Female,2026-09-02,Carla Hancock,yahoo.com,2026,September,Wednesday,Q3,6
Angela,Hill,angela.hill@yahoo.com,6376582682,East Laurenberg,Congo,Female,2025-02-28,Angela Hill,yahoo.com,2025,February,Friday,Q1,557
Kristen,Watkins,kristen.watkins@yahoo.com,3039528805,West Jonathon,Somalia,Female,2024-12-08,Kristen Watkins,yahoo.com,2024,December,Sunday,Q4,639
Susan,Howard,susan.howard@yahoo.com,15772774449,Ronaldton,Australia,Female,2025-07-14,Susan Howard,yahoo.com,2025,July,Monday,Q3,421
Adam,Carroll,adam.carroll@hotmail.com,5649862755,Wheelerside,Guinea,Male,2026-06-16,Adam Carroll,hotmail.com,2026,June,Tuesday,Q2,84
Sharon,Delgado,sharon.delgado@yahoo.com,4917210407,Lisastad,Saint Martin,Female,2024-07-11,Sharon Delgado,yahoo.com,2024,July,Thursday,Q3,789
Lindsey,Williams,lindsey.williams@yahoo.com,4998324707,West Elizabeth,Uganda,Female,2024-02-16,Lindsey Williams,yahoo.com,2024,February,Friday,Q1,935
Michael,Phillips,michael.phillips@gmail.com,16606325039,South Angela,Guinea-Bissau,Male,2024-05-06,Michael Phillips,gmail.com,2024,May,Monday,Q2,855
Michael,Sanchez,michael.sanchez@gmail.com,3944964549,Hardyville,Lithuania,Male,2024-11-28,Michael Sanchez,gmail.com,2024,November,Thursday,Q4,649
Melanie,Roy,melanie.roy@gmail.com,8184322402,Hughesmouth,Ireland,Female,2024-11-01,Melanie Roy,gmail.com,2024,November,Friday,Q4,676
Michael,Miranda,michael.miranda@yahoo.com,8465551128,North Tammiestad,Albania,Male,2024-04-06,Michael Miranda,yahoo.com,2024,April,Saturday,Q2,885
Michelle,Ballard,michelle.ballard@hotmail.com,19928074595,Olsonview,Cocos (Keeling) Islands,Female,2024-07-24,Michelle Ballard,hotmail.com,2024,July,Wednesday,Q3,776
Lori,Flores,lori.flores@yahoo.com,8374327839,Port Susanville,Armenia,Female,2023-09-26,Lori Flores,yahoo.com,2023,September,Tuesday,Q3,1078
Chad,Smith,chad.smith@yahoo.com,17217434869,Wrighttown,Guinea-Bissau,Male,2024-06-15,Chad Smith,yahoo.com,2024,June,Saturday,Q2,815
Aaron,Bradley,aaron.bradley@gmail.com,5875309507,Colebury,Bosnia and Herzegovina,Male,2024-03-28,Aaron Bradley,gmail.com,2024,March,Thursday,Q1,894
Lisa,Zhang,lisa.zhang@yahoo.com,2484502759,Stephenstown,Afghanistan,Female,2026-04-08,Lisa Zhang,yahoo.com,2026,April,Wednesday,Q2,153
Amy,Hernandez,amy.hernandez@gmail.com,14715218945,Ashleyton,Bulgaria,Female,2024-09-06,Amy Hernandez,gmail.com,2024,September,Friday,Q3,732
Daniel,Hess,daniel.hess@hotmail.com,12982751757,Shieldsport,Wallis and Futuna,Male,2023-12-21,Daniel Hess,hotmail.com,2023,December,Thursday,Q4,992
John,Smith,john.smith@hotmail.com,9137007886,Feliciamouth,Zambia,Male,2023-09-15,John Smith,hotmail.com,2023,September,Friday,Q3,1089
Laurie,Andrews,laurie.andrews@gmail.com,4509497236,New Ruben,Guadeloupe,Female,2024-02-17,Laurie Andrews,gmail.com,2024,February,Saturday,Q1,934
Kimberly,Martinez,kimberly.martinez@hotmail.com,8044384504,South Nancyview,Panama,Female,2024-07-04,Kimberly Martinez,hotmail.com,2024,July,Thursday,Q3,796
Tanya,Jacobs,tanya.jacobs@gmail.com,18417667407,Seanland,Sao Tome and Principe,Female,2024-01-19,Tanya Jacobs,gmail.com,2024,January,Friday,Q1,963
Anthony,Brewer,anthony.brewer@yahoo.com,7265418793,Kennedyland,Cayman Islands,Male,2024-11-14,Anthony Brewer,yahoo.com,2024,November,Thursday,Q4,663
Laura,Koch,laura.koch@gmail.com,6452982437,Fullerborough,Iceland,Female,2025-02-24,Laura Koch,gmail.com,2025,February,Monday,Q1,561
Barry,Hicks,barry.hicks@yahoo.com,7699269203,East Michaelfort,Colombia,Male,2023-12-29,Barry Hicks,yahoo.com,2023,December,Friday,Q4,984
Christian,Wright,christian.wright@gmail.com,15574895915,Hunterfurt,Hong Kong,Male,2023-10-08,Christian Wright,gmail.com,2023,October,Sunday,Q4,1066
Adam,Fernandez,adam.fernandez@hotmail.com,2575836903,Charlesbury,Swaziland,Male,2026-05-24,Adam Fernandez,hotmail.com,2026,May,Sunday,Q2,107
Jennifer,Pena,jennifer.pena@gmail.com,19852684997,Solischester,Aruba,Female,2023-10-16,Jennifer Pena,gmail.com,2023,October,Monday,Q4,1058
Kathleen,Mcmillan,kathleen.mcmillan@gmail.com,5338700491,Millerfurt,Dominican Republic,Female,2025-10-29,Kathleen Mcmillan,gmail.com,2025,October,Wednesday,Q4,314
Thomas,Ellis,thomas.ellis@gmail.com,8578740545,New Edwardside,Saint Kitts and Nevis,Male,2025-10-22,Thomas Ellis,gmail.com,2025,October,Wednesday,Q4,321
Eric,Hill,eric.hill@yahoo.com,4533141988,East Jamie,Cyprus,Male,2026-02-19,Eric Hill,yahoo.com,2026,February,Thursday,Q1,201
Sheila,Davenport,sheila.davenport@hotmail.com,4152900713,Jenniferhaven,Eritrea,Female,2025-03-06,Sheila Davenport,hotmail.com,2025,March,Thursday,Q1,551
Jennifer,Mclean,jennifer.mclean@yahoo.com,7548176604,New Christopher,Bolivia,Female,2025-05-24,Jennifer Mclean,yahoo.com,2025,May,Saturday,Q2,472
Michael,Rodgers,michael.rodgers@yahoo.com,8672765766,Davidhaven,Paraguay,Male,2025-02-20,Michael Rodgers,yahoo.com,2025,February,Thursday,Q1,565
Sarah,Taylor,sarah.taylor@yahoo.com,9554217504,Ferrellmouth,Guyana,Female,2024-12-15,Sarah Taylor,yahoo.com,2024,December,Sunday,Q4,632
Natalie,Thomas,natalie.thomas@gmail.com,6182506929,South Laurenberg,Gambia,Female,2025-06-13,Natalie Thomas,gmail.com,2025,June,Friday,Q2,452
Shannon,Reynolds,shannon.reynolds@hotmail.com,5325143031,Port Andrew,Belgium,Female,2024-02-23,Shannon Reynolds,hotmail.com,2024,February,Friday,Q1,928
Tammy,Owen,tammy.owen@hotmail.com,7064548855,Michaelshire,India,Female,2024-02-17,Tammy Owen,hotmail.com,2024,February,Saturday,Q1,934
Greg,Hill,greg.hill@yahoo.com,15749578351,Lake Johnstad,Indonesia,Male,2025-06-27,Greg Hill,yahoo.com,2025,June,Friday,Q2,438
Suzanne,Reynolds,suzanne.reynolds@gmail.com,12383958641,Port Lynnchester,Bulgaria,Female,2024-10-21,Suzanne Reynolds,gmail.com,2024,October,Monday,Q4,687
Shannon,Villa,shannon.villa@yahoo.com,13769293684,Leefort,Mongolia,Female,2026-04-06,Shannon Villa,yahoo.com,2026,April,Monday,Q2,155
Stephen,Williams,stephen.williams@gmail.com,5719909520,North Robyn,British Virgin Islands,Male,2025-03-28,Stephen Williams,gmail.com,2025,March,Friday,Q1,529
Mark,Armstrong,mark.armstrong@hotmail.com,7568244622,Robinsonbury,Netherlands,Male,2024-08-02,Mark Armstrong,hotmail.com,2024,August,Friday,Q3,767
William,Gomez,william.gomez@hotmail.com,3436262538,East Brianfort,Germany,Male,2025-01-06,William Gomez,hotmail.com,2025,January,Monday,Q1,610
Terry,Larson,terry.larson@hotmail.com,6147202484,Port Stephanieborough,Saint Pierre and Miquelon,Female,2024-09-25,Terry Larson,hotmail.com,2024,September,Wednesday,Q3,713
Teresa,Robertson,teresa.robertson@hotmail.com,12999702440,Davisside,China,Female,2024-09-08,Teresa Robertson,hotmail.com,2024,September,Sunday,Q3,730
Michael,Park,michael.park@gmail.com,9778376554,South Davidstad,Lebanon,Male,2024-08-22,Michael Park,gmail.com,2024,August,Thursday,Q3,747
Gail,Collins,gail.collins@gmail.com,4716266615,South Jasmine,Syrian Arab Republic,Female,2024-04-10,Gail Collins,gmail.com,2024,April,Wednesday,Q2,881
Tonya,Reed,tonya.reed@hotmail.com,9347339062,West Lisa,Lebanon,Female,2024-06-27,Tonya Reed,hotmail.com,2024,June,Thursday,Q2,803
Daniel,Wilkerson,daniel.wilkerson@hotmail.com,3294903719,Reedbury,Montenegro,Male,2026-08-25,Daniel Wilkerson,hotmail.com,2026,August,Tuesday,Q3,14
Rachel,Edwards,rachel.edwards@hotmail.com,8427116220,North Adamview,Syrian Arab Republic,Female,2024-10-02,Rachel Edwards,hotmail.com,2024,October,Wednesday,Q4,706
Chelsey,King,chelsey.king@gmail.com,2442432969,Sotoburgh,Uruguay,Female,2025-07-24,Chelsey King,gmail.com,2025,July,Thursday,Q3,411
James,Mason,james.mason@yahoo.com,3782087857,East Amber,Holy See (Vatican City State),Male,2024-08-11,James Mason,yahoo.com,2024,August,Sunday,Q3,758
Andrew,Williams,andrew.williams@gmail.com,7636258677,Woodchester,British Indian Ocean Territory (Chagos Archipelago),Male,2025-09-21,Andrew Williams,gmail.com,2025,September,Sunday,Q3,352
Christopher,Barrett,christopher.barrett@yahoo.com,16033446332,Kennethchester,Saint Pierre and Miquelon,Male,2024-07-15,Christopher Barrett,yahoo.com,2024,July,Monday,Q3,785
Faith,Owens,faith.owens@yahoo.com,8517851769,Robinchester,Greece,Female,2025-06-08,Faith Owens,yahoo.com,2025,June,Sunday,Q2,457
Adam,Floyd,adam.floyd@hotmail.com,12334752296,East Mark,Saint Martin,Male,2024-10-24,Adam Floyd,hotmail.com,2024,October,Thursday,Q4,684
Gina,Castillo,gina.castillo@hotmail.com,14538723766,Jasonburgh,Niger,Female,2025-09-10,Gina Castillo,hotmail.com,2025,September,Wednesday,Q3,363
Amber,Jones,amber.jones@yahoo.com,7294821093,Patriciaborough,New Caledonia,Female,2024-05-02,Amber Jones,yahoo.com,2024,May,Thursday,Q2,859
Carol,Little,carol.little@gmail.com,8497628407,New Brian,Mayotte,Female,2025-09-03,Carol Little,gmail.com,2025,September,Wednesday,Q3,370
Kimberly,Lewis,kimberly.lewis@hotmail.com,8768790078,Lawsonside,Cyprus,Female,2025-07-09,Kimberly Lewis,hotmail.com,2025,July,Wednesday,Q3,426
Timothy,Weiss,timothy.weiss@hotmail.com,17437868250,West Kristin,Japan,Male,2024-05-21,Timothy Weiss,hotmail.com,2024,May,Tuesday,Q2,840
Kenneth,Sparks,kenneth.sparks@yahoo.com,4929325727,Lake Evelynmouth,Christmas Island,Male,2024-07-02,Kenneth Sparks,yahoo.com,2024,July,Tuesday,Q3,798
Richard,Frazier,richard.frazier@yahoo.com,12468661051,Jacksonside,Hungary,Male,2025-11-23,Richard Frazier,yahoo.com,2025,November,Sunday,Q4,289
Melissa,Sosa,melissa.sosa@hotmail.com,3448940395,Robertland,Denmark,Female,2026-07-10,Melissa Sosa,hotmail.com,2026,July,Friday,Q3,60
Elizabeth,Williams,elizabeth.williams@hotmail.com,18335183801,Taylorshire,Bangladesh,Female,2024-04-05,Elizabeth Williams,hotmail.com,2024,April,Friday,Q2,886
Matthew,Tyler,matthew.tyler@gmail.com,5793398012,Henrytown,Niue,Male,2024-05-03,Matthew Tyler,gmail.com,2024,May,Friday,Q2,858
David,Garcia,david.garcia@gmail.com,4133363140,South Brandon,Ecuador,Male,2024-03-15,David Garcia,gmail.com,2024,March,Friday,Q1,907
Joshua,Herman,joshua.herman@yahoo.com,3019295903,Reidfurt,United Kingdom,Male,2026-02-17,Joshua Herman,yahoo.com,2026,February,Tuesday,Q1,203
Michael,Smith,michael.smith@hotmail.com,6196176532,West Vickie,Slovenia,Male,2025-11-08,Michael Smith,hotmail.com,2025,November,Saturday,Q4,304
Theodore,Castillo,theodore.castillo@yahoo.com,9542746911,Smithfort,Cambodia,Male,2025-12-14,Theodore Castillo,yahoo.com,2025,December,Sunday,Q4,268
Walter,Escobar,walter.escobar@yahoo.com,3094380834,East Daniel,Papua New Guinea,Male,2026-08-01,Walter Escobar,yahoo.com,2026,August,Saturday,Q3,38
Alexandria,Brooks,alexandria.brooks@hotmail.com,14327418325,Lake Misty,Turks and Caicos Islands,Female,2024-05-19,Alexandria Brooks,hotmail.com,2024,May,Sunday,Q2,842
Anita,Rodriguez,anita.rodriguez@yahoo.com,3958428326,Wagnerville,Spain,Female,2025-07-11,Anita Rodriguez,yahoo.com,2025,July,Friday,Q3,424
William,Mcdonald,william.mcdonald@hotmail.com,15628902515,Karenchester,Kenya,Male,2024-09-05,William Mcdonald,hotmail.com,2024,September,Thursday,Q3,733
Richard,Jackson,richard.jackson@gmail.com,13946175304,North Elizabethtown,Kiribati,Male,2025-01-20,Richard Jackson,gmail.com,2025,January,Monday,Q1,596
Rebecca,Smith,rebecca.smith@yahoo.com,9529846770,Lake Adambury,Anguilla,Female,2026-06-14,Rebecca Smith,yahoo.com,2026,June,Sunday,Q2,86
Jerry,Nelson,jerry.nelson@yahoo.com,4589355017,South Danielle,Kenya,Male,2024-09-18,Jerry Nelson,yahoo.com,2024,September,Wednesday,Q3,720
Tara,Taylor,tara.taylor@gmail.com,13014832051,Port Jamestown,Japan,Female,2024-07-07,Tara Taylor,gmail.com,2024,July,Sunday,Q3,793
Samuel,Ferguson,samuel.ferguson@gmail.com,19906502406,Phamland,Kuwait,Male,2023-11-23,Samuel Ferguson,gmail.com,2023,November,Thursday,Q4,1020
Mary,Nelson,mary.nelson@yahoo.com,2966886312,Amyland,Wallis and Futuna,Female,2024-09-24,Mary Nelson,yahoo.com,2024,September,Tuesday,Q3,714
Joshua,Sandoval,joshua.sandoval@gmail.com,19019145676,Barrerashire,Tokelau,Male,2025-02-14,Joshua Sandoval,gmail.com,2025,February,Friday,Q1,571
Beverly,Cunningham,beverly.cunningham@hotmail.com,6177092176,South Mollymouth,Senegal,Female,2023-11-09,Beverly Cunningham,hotmail.com,2023,November,Thursday,Q4,1034
Betty,Hernandez,betty.hernandez@gmail.com,19049534782,West Michelle,Saint Lucia,Female,2024-04-26,Betty Hernandez,gmail.com,2024,April,Friday,Q2,865
Anthony,Lowery,anthony.lowery@hotmail.com,17289489873,South Susan,Niger,Male,2026-04-09,Anthony Lowery,hotmail.com,2026,April,Thursday,Q2,152
Sherri,Lee,sherri.lee@hotmail.com,15576024093,Mitchellport,Ethiopia,Female,2024-04-05,Sherri Lee,hotmail.com,2024,April,Friday,Q2,886
Megan,Wright,megan.wright@hotmail.com,8569523918,Martinberg,Lebanon,Female,2024-09-28,Megan Wright,hotmail.com,2024,September,Saturday,Q3,710
Gavin,Hooper,gavin.hooper@gmail.com,5405620166,Kimberlyville,Estonia,Male,2026-08-16,Gavin Hooper,gmail.com,2026,August,Sunday,Q3,23
Sherry,Davis,sherry.davis@yahoo.com,14345526362,West Stephen,Finland,Female,2024-11-09,Sherry Davis,yahoo.com,2024,November,Saturday,Q4,668
Deborah,Cox,deborah.cox@hotmail.com,9437442111,Pamelaview,French Polynesia,Female,2026-02-05,Deborah Cox,hotmail.com,2026,February,Thursday,Q1,215
Gary,May,gary.may@gmail.com,13183842463,Nelsonfort,Norway,Male,2026-04-13,Gary May,gmail.com,2026,April,Monday,Q2,148
Christopher,King,christopher.king@yahoo.com,9297987247,West Johntown,Bahamas,Male,2025-08-29,Christopher King,yahoo.com,2025,August,Friday,Q3,375
Eugene,Wilson,eugene.wilson@yahoo.com,14186347923,Jodyland,Anguilla,Male,2025-10-28,Eugene Wilson,yahoo.com,2025,October,Tuesday,Q4,315
Brandon,King,brandon.king@yahoo.com,6788624301,South Robertshire,Iceland,Male,2024-03-03,Brandon King,yahoo.com,2024,March,Sunday,Q1,919
Molly,Gray,molly.gray@hotmail.com,18637749121,South Chrisview,Kazakhstan,Female,2024-01-15,Molly Gray,hotmail.com,2024,January,Monday,Q1,967
Hannah,Smith,hannah.smith@gmail.com,6502231600,South Frederick,Vanuatu,Female,2026-04-29,Hannah Smith,gmail.com,2026,April,Wednesday,Q2,132
Joshua,Mccormick,joshua.mccormick@hotmail.com,6214208614,Benjaminmouth,Niger,Male,2025-05-13,Joshua Mccormick,hotmail.com,2025,May,Tuesday,Q2,483
Phillip,Williamson,phillip.williamson@hotmail.com,18782420014,Walkerfort,Chile,Male,2024-09-25,Phillip Williamson,hotmail.com,2024,September,Wednesday,Q3,713
Michael,Ferguson,michael.ferguson@yahoo.com,6599528599,Donnachester,Croatia,Male,2025-10-07,Michael Ferguson,yahoo.com,2025,October,Tuesday,Q4,336
Michaela,Lynch,michaela.lynch@gmail.com,15308557797,Hamiltonfort,Georgia,Female,2026-05-07,Michaela Lynch,gmail.com,2026,May,Thursday,Q2,124
Brett,Wood,brett.wood@gmail.com,18482150439,New Michael,Micronesia,Male,2026-05-17,Brett Wood,gmail.com,2026,May,Sunday,Q2,114
Jennifer,Chen,jennifer.chen@yahoo.com,3092635476,New Kellyfurt,Chad,Female,2026-07-04,Jennifer Chen,yahoo.com,2026,July,Saturday,Q3,66
Breanna,Collins,breanna.collins@hotmail.com,5187024594,Brooksmouth,Cayman Islands,Female,2024-11-10,Breanna Collins,hotmail.com,2024,November,Sunday,Q4,667
Martin,Ruiz,martin.ruiz@yahoo.com,14957076557,East Georgemouth,Wallis and Futuna,Male,2026-01-10,Martin Ruiz,yahoo.com,2026,January,Saturday,Q1,241
Ronald,Barnes,ronald.barnes@hotmail.com,18017752279,East Kristin,Indonesia,Male,2025-10-18,Ronald Barnes,hotmail.com,2025,October,Saturday,Q4,325
Dawn,Marks,dawn.marks@hotmail.com,16023038540,Ashleyland,Wallis and Futuna,Female,2024-03-26,Dawn Marks,hotmail.com,2024,March,Tuesday,Q1,896
Diane,Perry,diane.perry@hotmail.com,6758385139,West Davidchester,San Marino,Female,2024-05-25,Diane Perry,hotmail.com,2024,May,Saturday,Q2,836
Alison,Brown,alison.brown@yahoo.com,9069334611,South Douglas,Christmas Island,Female,2026-06-14,Alison Brown,yahoo.com,2026,June,Sunday,Q2,86
Janet,Bailey,janet.bailey@hotmail.com,3388041917,East Jamesbury,Bahamas,Female,2025-10-30,Janet Bailey,hotmail.com,2025,October,Thursday,Q4,313
Robin,Carter,robin.carter@gmail.com,2434660209,North Bettychester,Libyan Arab Jamahiriya,Female,2025-06-10,Robin Carter,gmail.com,2025,June,Tuesday,Q2,455
Kathleen,Ellis,kathleen.ellis@yahoo.com,2365576455,Rachelhaven,Bouvet Island (Bouvetoya),Female,2026-04-17,Kathleen Ellis,yahoo.com,2026,April,Friday,Q2,144
Gary,Valencia,gary.valencia@yahoo.com,7517102693,East Lynn,Mauritania,Male,2026-04-25,Gary Valencia,yahoo.com,2026,April,Saturday,Q2,136
Nicholas,Taylor,nicholas.taylor@hotmail.com,7312351485,Johnsonfurt,El Salvador,Male,2023-10-04,Nicholas Taylor,hotmail.com,2023,October,Wednesday,Q4,1070
Jessica,Mcbride,jessica.mcbride@yahoo.com,9678415144,North Sarah,United Kingdom,Female,2025-06-21,Jessica Mcbride,yahoo.com,2025,June,Saturday,Q2,444
Tyler,Hart,tyler.hart@gmail.com,17429797302,West Gary,Antigua and Barbuda,Male,2024-05-09,Tyler Hart,gmail.com,2024,May,Thursday,Q2,852
Darryl,Salinas,darryl.salinas@yahoo.com,3936771258,Stephaniefurt,Philippines,Male,2025-02-07,Darryl Salinas,yahoo.com,2025,February,Friday,Q1,578
Lori,Jones,lori.jones@hotmail.com,12942564464,Charlesstad,Chile,Female,2024-12-21,Lori Jones,hotmail.com,2024,December,Saturday,Q4,626
Shane,Good,shane.good@hotmail.com,7672855470,Lake Kevinmouth,Wallis and Futuna,Male,2023-11-14,Shane Good,hotmail.com,2023,November,Tuesday,Q4,1029
Paul,Jensen,paul.jensen@gmail.com,9725502800,Jacquelinechester,Armenia,Male,2026-07-19,Paul Jensen,gmail.com,2026,July,Sunday,Q3,51
David,Gutierrez,david.gutierrez@gmail.com,19407799216,Deborahhaven,Rwanda,Male,2026-07-09,David Gutierrez,gmail.com,2026,July,Thursday,Q3,61
Shane,Booth,shane.booth@hotmail.com,17679851506,Lake Markchester,Philippines,Male,2025-06-15,Shane Booth,hotmail.com,2025,June,Sunday,Q2,450
Angela,Fisher,angela.fisher@hotmail.com,18402936364,Ashleystad,Germany,Female,2024-03-11,Angela Fisher,hotmail.com,2024,March,Monday,Q1,911
Melissa,Wilson,melissa.wilson@gmail.com,7393563224,West Randall,Iraq,Female,2023-12-21,Melissa Wilson,gmail.com,2023,December,Thursday,Q4,992
Linda,Miller,linda.miller@gmail.com,18695748697,New Rogerbury,Azerbaijan,Female,2025-02-28,Linda Miller,gmail.com,2025,February,Friday,Q1,557
Carla,Sims,carla.sims@yahoo.com,15362922591,East Timothyfurt,Namibia,Female,2023-09-23,Carla Sims,yahoo.com,2023,September,Saturday,Q3,1081
Brian,Myers,brian.myers@gmail.com,12918986370,East James,Isle of Man,Male,2024-06-26,Brian Myers,gmail.com,2024,June,Wednesday,Q2,804
Gregory,Ruiz,gregory.ruiz@hotmail.com,12576756942,Port Territon,Cuba,Male,2024-05-12,Gregory Ruiz,hotmail.com,2024,May,Sunday,Q2,849
Julie,Smith,julie.smith@gmail.com,3824746352,East Maryside,Afghanistan,Female,2026-08-09,Julie Smith,gmail.com,2026,August,Sunday,Q3,30
Sarah,Vincent,sarah.vincent@hotmail.com,13954862185,South Toddtown,Sudan,Female,2024-07-28,Sarah Vincent,hotmail.com,2024,July,Sunday,Q3,772
Mark,Coleman,mark.coleman@yahoo.com,4698472813,Bonnieview,Guadeloupe,Male,2023-09-23,Mark Coleman,yahoo.com,2023,September,Saturday,Q3,1081
Cheryl,Rowland,cheryl.rowland@yahoo.com,13025940375,Lake John,Guam,Female,2024-03-21,Cheryl Rowland,yahoo.com,2024,March,Thursday,Q1,901
Ryan,West,ryan.west@hotmail.com,2679195030,East Jacquelinefurt,Greenland,Male,2024-04-30,Ryan West,hotmail.com,2024,April,Tuesday,Q2,861
Duane,Dickerson,duane.dickerson@yahoo.com,14912852983,West Davidshire,Lao People's Democratic Republic,Male,2025-07-25,Duane Dickerson,yahoo.com,2025,July,Friday,Q3,410
Jonathan,Adams,jonathan.adams@gmail.com,4614657652,Rodriguezshire,Palau,Male,2025-01-29,Jonathan Adams,gmail.com,2025,January,Wednesday,Q1,587
Mary,Erickson,mary.erickson@hotmail.com,18028948494,Lake Nicoleside,Mauritania,Female,2025-07-17,Mary Erickson,hotmail.com,2025,July,Thursday,Q3,418
Greg,Morgan,greg.morgan@hotmail.com,5914595678,New Heidi,Saint Vincent and the Grenadines,Male,2025-03-27,Greg Morgan,hotmail.com,2025,March,Thursday,Q1,530
Tyler,Sherman,tyler.sherman@gmail.com,7015941270,Johnsonhaven,Lithuania,Male,2025-12-16,Tyler Sherman,gmail.com,2025,December,Tuesday,Q4,266
Andrew,Boyle,andrew.boyle@gmail.com,4202338811,Fosterfort,Japan,Male,2024-08-14,Andrew Boyle,gmail.com,2024,August,Wednesday,Q3,755
Jeremy,Blackburn,jeremy.blackburn@gmail.com,13732448365,Richardmouth,Liechtenstein,Male,2024-11-26,Jeremy Blackburn,gmail.com,2024,November,Tuesday,Q4,651
Ryan,Bradford,ryan.bradford@hotmail.com,2777054673,Vanessaside,Palau,Male,2025-12-13,Ryan Bradford,hotmail.com,2025,December,Saturday,Q4,269
Jon,Rasmussen,jon.rasmussen@hotmail.com,14058886810,Andersonview,Lithuania,Male,2025-11-05,Jon Rasmussen,hotmail.com,2025,November,Wednesday,Q4,307
Stephanie,Parks,stephanie.parks@hotmail.com,2803401461,North Shannonhaven,Madagascar,Female,2025-01-17,Stephanie Parks,hotmail.com,2025,January,Friday,Q1,599
David,Alexander,david.alexander@hotmail.com,2476436939,East Danielhaven,Ghana,Male,2026-02-17,David Alexander,hotmail.com,2026,February,Tuesday,Q1,203
James,Jones,james.jones@gmail.com,4137054284,North Christophershire,Palau,Male,2023-11-12,James Jones,gmail.com,2023,November,Sunday,Q4,1031
Craig,Gomez,craig.gomez@yahoo.com,12095429412,East Angela,Russian Federation,Male,2025-08-03,Craig Gomez,yahoo.com,2025,August,Sunday,Q3,401
Meghan,Archer,meghan.archer@yahoo.com,9065289513,Mitchellborough,Angola,Female,2025-12-06,Meghan Archer,yahoo.com,2025,December,Saturday,Q4,276
Ariel,Gonzalez,ariel.gonzalez@gmail.com,5934970266,South Davidport,Monaco,Female,2024-01-10,Ariel Gonzalez,gmail.com,2024,January,Wednesday,Q1,972
Juan,Wilson,juan.wilson@gmail.com,8179860577,Jonesberg,Romania,Male,2026-07-06,Juan Wilson,gmail.com,2026,July,Monday,Q3,64
Justin,Lawson,justin.lawson@gmail.com,7024875740,Lake Mary,Cote d'Ivoire,Male,2025-06-17,Justin Lawson,gmail.com,2025,June,Tuesday,Q2,448
Adam,Kim,adam.kim@hotmail.com,5198249726,Barbarachester,Lesotho,Male,2024-10-13,Adam Kim,hotmail.com,2024,October,Sunday,Q4,695
Michael,Davis,michael.davis@hotmail.com,7534752574,Penashire,Australia,Male,2024-02-29,Michael Davis,hotmail.com,2024,February,Thursday,Q1,922
Rose,Diaz,rose.diaz@gmail.com,16118567338,Kaiserstad,Bahamas,Female,2026-06-30,Rose Diaz,gmail.com,2026,June,Tuesday,Q2,70
Jason,Glenn,jason.glenn@hotmail.com,6988383193,Jacquelineburgh,Senegal,Male,2025-09-30,Jason Glenn,hotmail.com,2025,September,Tuesday,Q3,343
Erica,Benton,erica.benton@gmail.com,4455633389,Cindystad,Burundi,Female,2024-11-14,Erica Benton,gmail.com,2024,November,Thursday,Q4,663
Patricia,Hayes,patricia.hayes@yahoo.com,2555782638,West Wanda,Saint Vincent and the Grenadines,Female,2024-04-20,Patricia Hayes,yahoo.com,2024,April,Saturday,Q2,871
John,Gray,john.gray@hotmail.com,5627869747,Terrencemouth,Sao Tome and Principe,Male,2026-08-22,John Gray,hotmail.com,2026,August,Saturday,Q3,17
Cathy,Rose,cathy.rose@hotmail.com,5194229412,Port Sheilafurt,Colombia,Female,2025-03-02,Cathy Rose,hotmail.com,2025,March,Sunday,Q1,555
David,Riley,david.riley@hotmail.com,4857455418,North Jose,Afghanistan,Male,2023-11-26,David Riley,hotmail.com,2023,November,Sunday,Q4,1017
Steve,Reed,steve.reed@gmail.com,6322826735,Tonyashire,Suriname,Male,2026-01-04,Steve Reed,gmail.com,2026,January,Sunday,Q1,247
Tiffany,Ward,tiffany.ward@gmail.com,8897621325,Carterborough,French Southern Territories,Female,2025-07-19,Tiffany Ward,gmail.com,2025,July,Saturday,Q3,416
Jasmine,Jennings,jasmine.jennings@hotmail.com,14236092587,Owensborough,India,Female,2024-07-29,Jasmine Jennings,hotmail.com,2024,July,Monday,Q3,771
Angela,Harris,angela.harris@gmail.com,12465017262,Lake Pamela,Georgia,Female,2026-04-10,Angela Harris,gmail.com,2026,April,Friday,Q2,151
Anthony,Bryan,anthony.bryan@yahoo.com,13748911634,Youngfurt,Jersey,Male,2024-06-11,Anthony Bryan,yahoo.com,2024,June,Tuesday,Q2,819
William,Maddox,william.maddox@hotmail.com,4554414085,Charlesville,North Macedonia,Male,2023-09-10,William Maddox,hotmail.com,2023,September,Sunday,Q3,1094
Kayla,Rose,kayla.rose@gmail.com,8662002604,South Josemouth,Cook Islands,Female,2025-11-09,Kayla Rose,gmail.com,2025,November,Sunday,Q4,303
Sandra,Weber,sandra.weber@hotmail.com,9245410667,North Russell,Azerbaijan,Female,2024-06-10,Sandra Weber,hotmail.com,2024,June,Monday,Q2,820
Thomas,Hill,thomas.hill@gmail.com,17892354407,East Donna,Anguilla,Male,2025-02-26,Thomas Hill,gmail.com,2025,February,Wednesday,Q1,559
Margaret,Curry,margaret.curry@yahoo.com,7717485333,Jillland,Chile,Female,2026-01-29,Margaret Curry,yahoo.com,2026,January,Thursday,Q1,222
Tamara,Cline,tamara.cline@hotmail.com,3497220288,North William,Tokelau,Female,2026-07-30,Tamara Cline,hotmail.com,2026,July,Thursday,Q3,40
Heather,Rodriguez,heather.rodriguez@yahoo.com,9805126962,West Kara,Netherlands Antilles,Female,2023-12-15,Heather Rodriguez,yahoo.com,2023,December,Friday,Q4,998
Crystal,Burke,crystal.burke@gmail.com,8324502749,New Jerry,Finland,Female,2024-12-10,Crystal Burke,gmail.com,2024,December,Tuesday,Q4,637
Amber,Gaines,amber.gaines@hotmail.com,6764543999,Jotown,Comoros,Female,2024-08-22,Amber Gaines,hotmail.com,2024,August,Thursday,Q3,747
William,Mills,william.mills@hotmail.com,7142863290,Sharonhaven,Timor-Leste,Male,2025-10-16,William Mills,hotmail.com,2025,October,Thursday,Q4,327
Mary,Cook,mary.cook@gmail.com,6186237721,Armstrongbury,Montenegro,Female,2024-02-21,Mary Cook,gmail.com,2024,February,Wednesday,Q1,930
Melissa,Ruiz,melissa.ruiz@yahoo.com,7009345688,South Kelly,Fiji,Female,2026-03-26,Melissa Ruiz,yahoo.com,2026,March,Thursday,Q1,166
