OrderID,CustomerID,ProductID,OrderDate,Quantity,TotalAmount,EmployeeID
1,1519,46,2026-01-25,1,31.77,13
2,428,10,2025-11-22,2,104.3,30
3,1790,18,2025-10-28,2,75.18,33
4,411,9,2025-11-09,1,22.6,3
5,1843,6,2026-04-14,1,22.65,12
6,153,47,2025-09-20,1,50.27,31
7,1336,35,2026-06-07,3,47.82,39
8,510,10,2026-01-25,2,104.3,40
9,1608,36,2025-09-15,1,33.29,11
10,892,16,2025-09-09,2,114.5,39
11,909,48,2026-07-26,2,28.54,17
12,172,33,2026-05-22,3,71.46,28
13,1367,32,2025-11-28,2,62.1,7
14,1989,48,2026-03-07,2,28.54,9
15,1676,14,2026-07-07,3,156.87,31
16,1050,26,2026-06-11,3,163.92,19
17,490,19,2026-06-16,3,153.99,28
18,1039,2,2025-11-17,3,161.22,35
19,1831,27,2026-01-31,1,22.5,4
20,1438,6,2026-02-03,3,67.95,20
21,760,49,2026-08-02,1,44.18,9
22,1276,6,2025-11-23,2,45.3,29
23,170,21,2026-04-30,1,12.84,24
24,237,13,2025-11-07,3,52.38,26
25,756,4,2026-04-27,1,47.82,22
26,550,38,2026-03-18,1,19.63,17
27,974,6,2026-01-31,1,22.65,19
28,1405,45,2025-11-26,1,45.07,6
29,612,4,2025-09-22,1,47.82,2
30,1630,14,2026-08-02,3,156.87,23
31,384,41,2026-06-01,2,114.62,34
32,1225,40,2025-11-16,3,100.89,26
33,694,17,2026-07-04,1,23.88,28
34,1894,10,2025-11-14,1,52.15,16
35,51,36,2026-02-02,1,33.29,26
36,413,14,2026-09-01,2,104.58,17
37,1147,28,2026-02-25,3,159.39,22
38,839,7,2025-12-15,1,33.34,7
39,1695,47,2026-08-17,3,150.81,2
40,751,41,2026-03-02,1,57.31,7
41,1965,4,2026-01-19,3,143.46,7
42,821,25,2026-05-04,2,69.06,33
43,7,12,2026-07-10,3,61.98,27
44,1624,32,2026-06-07,3,93.15,38
45,1027,39,2026-01-27,1,52.22,2
46,1808,21,2025-11-03,1,12.84,38
47,716,29,2025-09-17,2,80.6,21
48,525,37,2025-12-08,2,36.04,27
49,469,3,2026-01-26,2,100.2,19
50,205,35,2025-12-09,2,31.88,15
51,923,25,2026-04-11,3,103.59,4
52,1816,21,2026-04-04,1,12.84,2
53,1843,24,2026-08-11,2,50.54,18
54,619,7,2025-10-10,2,66.68,12
55,845,18,2026-07-20,2,75.18,24
56,245,50,2026-07-10,1,18.78,15
57,1939,3,2026-06-16,1,50.1,11
58,36,17,2026-06-17,3,71.64,5
59,1888,50,2026-07-09,3,56.34,30
60,1347,37,2026-04-03,1,18.02,20
61,1761,49,2026-07-19,3,132.54,6
62,1455,11,2026-02-02,1,13.99,17
63,204,8,2025-12-21,3,53.79,31
64,985,38,2026-04-07,1,19.63,2
65,1179,40,2026-04-13,2,67.26,7
66,1008,32,2026-08-01,3,93.15,26
67,1646,1,2025-09-26,1,51.77,8
68,1942,29,2026-07-13,1,40.3,23
69,1344,2,2026-06-24,1,53.74,23
70,1010,12,2025-12-06,3,61.98,29
71,1862,13,2026-04-01,1,17.46,25
72,1711,48,2026-09-04,2,28.54,37
73,49,9,2026-07-05,2,45.2,24
74,1201,29,2026-08-20,3,120.9,30
75,175,19,2026-03-23,2,102.66,9
76,1901,34,2025-09-12,2,73.78,2
77,563,47,2025-10-12,2,100.54,12
78,954,44,2025-10-27,2,46.22,39
79,1534,37,2026-06-18,1,18.02,22
80,236,7,2026-04-24,2,66.68,7
81,82,5,2025-11-04,1,54.23,1
82,441,19,2026-01-22,2,102.66,4
83,187,4,2025-11-24,3,143.46,25
84,1117,14,2025-09-27,2,104.58,20
85,1737,31,2026-04-22,2,35.32,15
86,735,23,2026-03-10,2,61.04,24
87,1933,4,2026-05-12,2,95.64,31
88,1078,14,2026-06-04,2,104.58,35
89,412,15,2025-10-06,3,105.06,25
90,584,13,2025-09-09,3,52.38,5
91,681,40,2025-12-28,2,67.26,10
92,281,6,2026-07-07,1,22.65,8
93,1983,4,2026-02-20,1,47.82,31
94,267,20,2025-11-03,2,90.34,3
95,1531,5,2025-11-17,3,162.69,22
96,81,47,2026-03-20,3,150.81,6
97,1285,2,2026-02-24,3,161.22,15
98,336,21,2025-11-28,2,25.68,3
99,264,36,2025-12-17,3,99.87,26
100,1260,5,2025-12-22,1,54.23,32
101,321,9,2026-03-05,2,45.2,28
102,700,2,2026-02-16,2,107.48,30
103,555,35,2026-07-02,3,47.82,10
104,551,45,2026-07-01,1,45.07,16
105,1710,44,2026-05-18,2,46.22,20
106,1761,12,2026-02-10,2,41.32,30
107,340,10,2026-04-24,2,104.3,33
108,1914,24,2026-03-14,3,75.81,6
109,131,14,2026-01-30,3,156.87,3
110,1175,18,2026-04-25,2,75.18,15
111,1129,6,2026-07-15,2,45.3,10
112,945,2,2026-04-27,1,53.74,10
113,14,21,2026-06-26,2,25.68,2
114,508,32,2025-12-07,2,62.1,40
115,1255,2,2026-03-25,1,53.74,13
116,461,43,2026-02-23,2,95.22,4
117,91,29,2026-06-27,3,120.9,30
118,871,47,2026-09-03,3,150.81,10
119,64,9,2025-09-11,2,45.2,35
120,556,33,2026-02-24,3,71.46,39
121,20,14,2025-11-12,3,156.87,8
122,1736,14,2026-02-20,1,52.29,26
123,699,31,2026-05-22,2,35.32,10
124,1624,19,2026-05-15,2,102.66,21
125,1314,50,2026-07-23,3,56.34,20
126,360,8,2025-09-13,3,53.79,11
127,1284,10,2026-08-26,1,52.15,31
128,40,45,2026-05-08,2,90.14,16
129,1587,6,2026-06-28,3,67.95,6
130,1501,41,2026-06-05,1,57.31,3
131,1235,11,2026-07-03,2,27.98,31
132,70,5,2025-10-15,3,162.69,34
133,1992,33,2026-02-24,3,71.46,7
134,1370,43,2025-12-04,3,142.83,33
135,793,17,2026-08-30,3,71.64,17
136,289,47,2026-08-20,3,150.81,25
137,369,46,2026-07-20,2,63.54,3
138,651,39,2026-05-01,2,104.44,15
139,396,43,2025-09-09,1,47.61,38
140,122,42,2025-11-24,2,52.82,13
141,1344,42,2026-08-30,3,79.23,29
142,1342,28,2026-04-10,3,159.39,33
143,360,10,2025-11-25,2,104.3,30
144,453,2,2025-09-17,2,107.48,12
145,1316,15,2026-04-18,1,35.02,1
146,1334,44,2026-03-06,3,69.33,22
147,1779,5,2026-01-26,2,108.46,16
148,935,9,2026-05-24,3,67.8,29
149,1115,7,2025-12-09,3,100.02,8
150,613,37,2025-10-10,1,18.02,37
151,1616,34,2026-08-09,3,110.67,20
152,869,31,2025-11-21,1,17.66,18
153,1504,3,2026-03-21,1,50.1,2
154,741,43,2025-11-01,3,142.83,32
155,1518,39,2026-07-05,3,156.66,36
156,1476,46,2025-12-07,1,31.77,2
157,546,23,2026-07-23,2,61.04,21
158,1402,6,2026-03-28,3,67.95,1
159,44,43,2026-03-26,1,47.61,36
160,823,18,2026-05-12,2,75.18,23
161,1175,48,2025-12-21,1,14.27,3
162,744,12,2025-12-26,3,61.98,11
163,1614,40,2026-03-15,1,33.63,16
164,1199,16,2026-01-26,3,171.75,15
165,986,29,2026-03-08,2,80.6,28
166,195,17,2026-03-18,3,71.64,15
167,917,29,2025-10-21,2,80.6,21
168,516,30,2025-11-07,3,132.54,5
169,1898,8,2026-06-15,3,53.79,40
170,75,47,2026-07-25,3,150.81,21
171,555,13,2025-10-06,1,17.46,31
172,1614,46,2026-02-26,3,95.31,9
173,783,2,2025-12-29,2,107.48,2
174,790,29,2025-12-08,2,80.6,19
175,41,10,2026-09-07,1,52.15,31
176,1729,33,2026-01-03,3,71.46,9
177,455,3,2026-01-18,1,50.1,28
178,1336,49,2026-08-19,1,44.18,22
179,155,24,2025-10-02,3,75.81,11
180,1374,22,2026-06-11,2,74.64,7
181,1899,38,2025-11-15,3,58.89,38
182,595,31,2026-09-07,1,17.66,6
183,653,34,2026-04-01,1,36.89,36
184,1061,26,2025-10-01,1,54.64,16
185,1300,41,2025-09-14,2,114.62,9
186,506,30,2026-08-25,3,132.54,22
187,642,50,2025-10-03,3,56.34,40
188,1720,8,2026-05-17,3,53.79,27
189,1926,33,2026-02-10,3,71.46,9
190,1805,48,2025-11-13,1,14.27,3
191,1383,34,2026-01-25,3,110.67,20
192,1917,18,2025-09-18,3,112.77,12
193,746,8,2026-06-26,3,53.79,40
194,1954,18,2025-10-29,1,37.59,4
195,1804,42,2025-12-21,2,52.82,31
196,1289,14,2026-01-11,3,156.87,23
197,335,20,2026-06-25,2,90.34,32
198,889,17,2026-03-17,1,23.88,28
199,1018,17,2025-12-05,2,47.76,20
200,602,29,2026-01-26,2,80.6,8
201,811,29,2025-11-13,1,40.3,39
202,1825,25,2025-10-22,2,69.06,17
203,1006,11,2026-08-31,2,27.98,32
204,1745,42,2026-01-26,3,79.23,14
205,964,34,2026-09-04,2,73.78,34
206,864,20,2026-04-17,3,135.51,3
207,713,46,2026-04-03,3,95.31,18
208,1136,26,2025-12-30,3,163.92,17
209,1460,1,2026-05-27,3,155.31,35
210,1630,45,2026-07-12,2,90.14,39
211,1090,28,2026-06-07,2,106.26,37
212,376,33,2026-09-07,1,23.82,20
213,1850,39,2026-04-04,1,52.22,35
214,1029,3,2026-03-25,3,150.3,12
215,236,41,2026-01-30,3,171.93,8
216,915,44,2026-01-07,1,23.11,22
217,1926,24,2026-06-29,1,25.27,31
218,710,27,2026-01-29,3,67.5,14
219,1844,42,2025-10-14,2,52.82,37
220,1869,5,2025-09-30,3,162.69,24
221,661,8,2026-01-10,2,35.86,4
222,280,8,2026-01-04,3,53.79,14
223,1656,37,2026-02-20,2,36.04,23
224,1777,2,2026-04-22,3,161.22,35
225,1958,41,2026-04-01,1,57.31,13
226,464,43,2026-01-14,3,142.83,34
227,73,7,2025-12-30,1,33.34,32
228,578,10,2026-03-31,2,104.3,8
229,1089,10,2026-08-19,1,52.15,9
230,637,17,2026-04-26,2,47.76,6
231,928,1,2026-05-07,3,155.31,39
232,1408,29,2026-04-24,2,80.6,11
233,1843,9,2026-03-07,3,67.8,22
234,46,50,2026-04-05,2,37.56,36
235,1930,15,2026-07-10,3,105.06,34
236,474,5,2026-07-19,1,54.23,10
237,85,40,2025-12-28,3,100.89,21
238,1455,12,2025-10-23,1,20.66,3
239,1599,6,2026-07-10,2,45.3,40
240,1366,46,2026-03-22,1,31.77,40
241,1336,38,2026-07-06,1,19.63,6
242,428,42,2025-11-10,3,79.23,15
243,1143,16,2026-02-01,2,114.5,19
244,313,22,2026-02-04,2,74.64,6
245,485,47,2026-06-19,3,150.81,2
246,639,2,2026-04-17,3,161.22,13
247,1553,35,2026-01-30,3,47.82,3
248,1850,17,2026-09-01,3,71.64,30
249,1577,42,2026-08-07,1,26.41,15
250,1741,18,2026-01-25,1,37.59,29
251,1779,50,2026-04-15,2,37.56,24
252,92,27,2025-10-01,1,22.5,23
253,1948,47,2026-02-06,3,150.81,24
254,1186,22,2026-02-13,2,74.64,21
255,1240,20,2025-10-29,2,90.34,18
256,616,44,2026-01-23,2,46.22,7
257,1365,24,2026-04-07,1,25.27,18
258,1882,34,2025-10-06,3,110.67,15
259,1103,9,2026-06-20,3,67.8,12
260,1272,1,2025-11-04,3,155.31,13
261,1875,43,2025-12-09,2,95.22,21
262,426,5,2026-02-04,2,108.46,4
263,313,24,2026-06-04,2,50.54,27
264,596,36,2026-04-13,2,66.58,7
265,1616,5,2026-01-06,1,54.23,34
266,827,25,2025-12-16,1,34.53,24
267,1699,15,2026-08-07,1,35.02,28
268,843,42,2026-06-04,1,26.41,8
269,1952,12,2026-08-20,3,61.98,30
270,335,48,2025-11-24,3,42.81,7
271,1116,30,2026-05-05,1,44.18,38
272,991,36,2025-11-26,3,99.87,16
273,680,13,2025-12-12,1,17.46,9
274,977,32,2026-05-17,2,62.1,37
275,1934,23,2026-06-17,1,30.52,38
276,1965,7,2026-04-25,3,100.02,20
277,662,3,2026-05-19,3,150.3,9
278,179,18,2025-12-24,2,75.18,19
279,1217,5,2025-10-29,1,54.23,8
280,1974,4,2026-05-18,1,47.82,27
281,1394,24,2026-02-25,3,75.81,7
282,1526,31,2026-03-25,2,35.32,12
283,934,37,2025-09-30,1,18.02,33
284,1570,8,2026-04-06,1,17.93,2
285,1223,39,2026-06-09,1,52.22,31
286,1686,38,2026-05-15,1,19.63,39
287,1910,7,2026-02-15,3,100.02,39
288,1249,48,2026-02-26,2,28.54,8
289,251,16,2026-09-01,3,171.75,16
290,816,50,2026-04-01,3,56.34,31
291,1804,43,2026-05-04,2,95.22,17
292,348,50,2026-03-10,3,56.34,22
293,772,49,2025-12-28,1,44.18,24
294,224,14,2026-06-04,1,52.29,7
295,721,1,2025-10-13,3,155.31,22
296,1318,19,2026-06-04,1,51.33,30
297,865,40,2026-06-12,3,100.89,38
298,1241,28,2026-03-19,1,53.13,26
299,858,38,2026-02-16,3,58.89,1
300,222,43,2025-11-26,2,95.22,13
301,801,1,2025-11-14,3,155.31,12
302,21,49,2026-01-26,2,88.36,31
303,402,13,2026-08-09,2,34.92,5
304,1406,21,2026-05-22,3,38.52,29
305,422,20,2025-12-18,1,45.17,11
306,123,17,2026-07-11,3,71.64,20
307,263,1,2025-10-07,3,155.31,22
308,31,49,2026-03-19,1,44.18,32
309,1473,20,2025-10-10,2,90.34,12
310,647,44,2025-10-27,1,23.11,35
311,718,1,2025-12-27,1,51.77,30
312,861,27,2026-05-31,1,22.5,39
313,205,17,2026-04-15,2,47.76,23
314,1758,26,2026-05-17,2,109.28,25
315,1966,29,2026-02-25,1,40.3,12
316,311,1,2025-09-28,1,51.77,31
317,1142,28,2026-08-17,3,159.39,27
318,250,34,2026-07-15,2,73.78,39
319,292,10,2025-10-10,1,52.15,16
320,385,3,2026-01-08,2,100.2,8
321,1740,27,2026-06-04,1,22.5,39
322,1222,41,2026-04-04,3,171.93,27
323,472,3,2026-02-20,3,150.3,7
324,1545,24,2026-06-11,3,75.81,31
325,486,45,2026-02-02,1,45.07,17
326,2000,45,2025-10-13,2,90.14,30
327,1456,37,2026-07-29,1,18.02,14
328,806,29,2026-07-04,2,80.6,16
329,101,22,2025-11-07,2,74.64,33
330,1069,2,2026-03-16,2,107.48,1
331,1462,49,2026-03-11,3,132.54,31
332,493,16,2026-08-07,2,114.5,37
333,1115,46,2026-05-10,3,95.31,10
334,1352,22,2025-09-18,3,111.96,9
335,1487,50,2025-12-14,2,37.56,5
336,1088,38,2026-04-29,1,19.63,6
337,893,10,2025-10-03,3,156.45,36
338,1891,30,2025-10-14,3,132.54,2
339,558,9,2026-03-29,2,45.2,37
340,1473,14,2025-09-16,2,104.58,31
341,360,23,2026-01-04,1,30.52,37
342,209,20,2026-08-21,3,135.51,26
343,1174,11,2026-05-04,3,41.97,26
344,466,8,2026-08-29,2,35.86,25
345,1597,9,2026-04-07,2,45.2,8
346,1797,45,2026-02-24,3,135.21,21
347,1676,36,2026-03-23,2,66.58,30
348,675,36,2026-01-07,1,33.29,25
349,1443,36,2025-12-26,3,99.87,26
350,1801,37,2025-10-09,3,54.06,21
351,551,46,2026-05-23,2,63.54,14
352,1948,44,2025-12-19,2,46.22,13
353,416,23,2025-11-02,1,30.52,1
354,436,8,2026-01-21,1,17.93,25
355,789,26,2026-02-23,2,109.28,4
356,1296,34,2026-07-12,2,73.78,13
357,1039,43,2026-02-27,1,47.61,2
358,744,36,2026-07-29,3,99.87,24
359,487,8,2026-07-08,2,35.86,7
360,790,38,2026-07-20,2,39.26,9
361,1262,21,2025-10-14,2,25.68,25
362,287,25,2025-10-28,2,69.06,28
363,1589,25,2025-10-31,2,69.06,17
364,1580,44,2026-04-26,1,23.11,29
365,1590,12,2026-08-02,2,41.32,37
366,1162,3,2026-02-24,1,50.1,8
367,1725,35,2026-01-02,3,47.82,20
368,1526,14,2026-08-25,1,52.29,20
369,136,24,2025-09-17,2,50.54,5
370,461,49,2026-04-16,3,132.54,26
371,1091,20,2026-03-17,2,90.34,22
372,1736,32,2026-03-29,3,93.15,10
373,1168,50,2026-07-15,1,18.78,1
374,326,36,2025-12-21,1,33.29,22
375,1839,49,2026-01-28,3,132.54,13
376,440,1,2026-02-09,1,51.77,27
377,205,22,2025-12-13,1,37.32,35
378,693,32,2026-05-12,3,93.15,23
379,1404,50,2026-03-23,2,37.56,37
380,459,32,2025-09-19,2,62.1,5
381,1909,14,2026-02-07,2,104.58,19
382,851,33,2026-07-30,3,71.46,23
383,934,3,2026-07-28,1,50.1,4
384,1613,8,2026-06-09,3,53.79,30
385,1092,46,2025-09-29,2,63.54,13
386,1459,47,2026-08-11,3,150.81,20
387,1637,9,2026-03-01,1,22.6,19
388,294,42,2026-03-27,1,26.41,30
389,693,35,2026-08-02,1,15.94,13
390,1191,13,2025-10-27,2,34.92,29
391,1158,10,2026-01-22,2,104.3,10
392,1350,13,2025-10-08,3,52.38,13
393,6,4,2026-08-02,2,95.64,40
394,977,47,2025-09-17,2,100.54,8
395,208,22,2026-05-30,3,111.96,3
396,1956,39,2026-06-08,2,104.44,31
397,1767,34,2025-12-13,1,36.89,23
398,791,16,2026-01-18,1,57.25,5
399,193,36,2026-01-12,2,66.58,21
400,209,47,2026-06-21,2,100.54,19
401,1492,34,2026-07-02,3,110.67,4
402,1166,29,2026-05-05,1,40.3,16
403,1646,6,2026-09-04,1,22.65,21
404,1546,37,2026-03-15,1,18.02,19
405,1558,17,2025-11-18,3,71.64,2
406,1601,16,2026-08-06,2,114.5,17
407,1427,22,2026-05-30,3,111.96,37
408,722,46,2026-09-04,2,63.54,12
409,1321,19,2026-07-14,1,51.33,22
410,1727,14,2026-03-15,1,52.29,24
411,544,23,2025-11-10,3,91.56,27
412,1895,10,2026-02-02,2,104.3,8
413,1684,26,2025-12-25,2,109.28,22
414,1515,13,2025-10-28,2,34.92,21
415,1505,2,2026-06-28,3,161.22,7
416,758,27,2025-09-11,3,67.5,29
417,1685,11,2026-09-07,3,41.97,5
418,1779,25,2026-08-17,2,69.06,12
419,562,32,2026-03-30,2,62.1,24
420,1767,34,2025-09-15,2,73.78,8
421,1643,37,2026-03-25,3,54.06,36
422,272,9,2026-02-02,1,22.6,37
423,1604,19,2026-01-29,3,153.99,34
424,1104,42,2025-11-23,1,26.41,30
425,144,8,2026-07-14,1,17.93,40
426,495,43,2026-02-13,2,95.22,26
427,1995,50,2026-08-05,1,18.78,8
428,366,22,2026-05-17,1,37.32,28
429,1204,11,2026-01-28,2,27.98,31
430,1981,36,2026-05-16,1,33.29,31
431,687,31,2026-04-26,2,35.32,23
432,371,47,2026-04-23,1,50.27,37
433,538,32,2025-09-21,3,93.15,6
434,122,43,2026-04-13,1,47.61,1
435,1069,48,2026-05-03,3,42.81,35
436,1287,21,2026-06-13,1,12.84,16
437,1990,16,2026-06-16,2,114.5,39
438,1615,32,2025-09-21,3,93.15,12
439,43,23,2026-03-11,2,61.04,14
440,1243,48,2026-07-22,2,28.54,23
441,356,25,2025-10-14,3,103.59,30
442,652,13,2026-07-28,3,52.38,28
443,1275,48,2026-08-09,1,14.27,13
444,1343,22,2026-01-27,2,74.64,9
445,178,50,2026-05-09,2,37.56,32
446,85,40,2026-02-17,3,100.89,35
447,1522,33,2025-11-28,1,23.82,39
448,531,29,2026-03-20,2,80.6,35
449,1517,20,2025-09-29,1,45.17,14
450,1582,10,2026-09-06,1,52.15,9
451,1733,1,2026-06-29,1,51.77,31
452,286,32,2026-04-29,1,31.05,16
453,1649,24,2026-06-05,3,75.81,14
454,1318,32,2025-10-15,3,93.15,18
455,1143,49,2026-05-16,1,44.18,9
456,929,16,2025-11-05,2,114.5,26
457,1383,50,2026-08-27,1,18.78,27
458,857,12,2025-09-22,3,61.98,15
459,1537,14,2026-07-24,2,104.58,8
460,192,18,2025-11-17,1,37.59,38
461,1566,20,2025-11-14,3,135.51,21
462,1330,42,2026-01-03,1,26.41,35
463,200,24,2025-11-19,3,75.81,21
464,1337,12,2026-06-16,2,41.32,24
465,1771,30,2025-10-12,1,44.18,30
466,810,8,2025-11-19,3,53.79,34
467,1042,39,2026-03-26,3,156.66,11
468,41,10,2025-09-18,3,156.45,30
469,1156,21,2025-11-30,1,12.84,7
470,1242,9,2025-09-15,1,22.6,33
471,1479,12,2026-04-29,2,41.32,33
472,528,1,2025-12-31,2,103.54,8
473,1829,15,2025-11-03,1,35.02,34
474,660,43,2026-08-18,3,142.83,17
475,261,45,2025-10-09,3,135.21,35
476,1928,27,2025-11-06,3,67.5,11
477,1738,15,2025-12-25,1,35.02,8
478,1229,14,2026-07-10,1,52.29,27
479,203,33,2026-04-24,3,71.46,6
480,467,1,2025-10-23,2,103.54,20
481,1354,17,2025-10-14,2,47.76,16
482,82,7,2025-09-14,3,100.02,34
483,778,16,2026-03-29,1,57.25,9
484,282,13,2026-06-02,3,52.38,11
485,1202,5,2025-12-19,3,162.69,18
486,1564,37,2025-11-15,3,54.06,12
487,1587,36,2026-04-21,2,66.58,27
488,125,43,2025-11-07,1,47.61,36
489,1187,26,2026-03-24,1,54.64,30
490,777,33,2026-07-23,3,71.46,15
491,40,31,2025-12-18,3,52.98,37
492,486,46,2026-06-12,2,63.54,29
493,1452,3,2026-02-06,2,100.2,8
494,1532,32,2026-06-26,3,93.15,20
495,936,46,2026-04-16,3,95.31,20
496,1322,3,2026-07-30,2,100.2,29
497,1690,45,2026-08-09,1,45.07,16
498,668,48,2026-09-06,2,28.54,19
499,1686,10,2025-11-08,3,156.45,13
500,58,5,2025-12-28,2,108.46,7
501,105,13,2024-10-13,4,69.84,37
502,527,8,2026-05-21,2,35.86,2
503,496,16,2024-11-18,1,57.25,8
504,794,30,2026-02-15,2,88.36,12
505,1733,12,2025-01-30,3,61.98,1
506,173,7,2026-05-01,4,133.36,37
507,602,15,2026-07-07,2,70.04,34
508,319,25,2025-04-11,3,103.59,6
509,335,12,2026-05-31,2,41.32,15
510,937,21,2026-03-08,2,25.68,6
511,1970,5,2025-02-25,3,162.69,40
512,1420,18,2024-12-22,3,112.77,23
513,384,10,2025-09-06,3,156.45,10
514,1541,34,2025-08-22,3,110.67,25
515,1004,22,2026-02-23,1,37.32,36
516,669,31,2026-06-25,1,17.66,16
517,1402,50,2024-12-21,3,56.34,10
518,127,3,2025-03-07,4,200.4,39
519,1071,26,2026-06-10,4,218.56,26
520,313,3,2026-06-26,2,100.2,3
521,1964,13,2026-05-25,1,17.46,21
522,1701,22,2024-10-22,4,149.28,15
523,919,6,2026-07-30,4,90.6,5
524,1843,50,2025-02-11,1,18.78,20
525,70,44,2025-02-18,1,23.11,16
526,1328,15,2026-08-13,4,140.08,34
527,661,13,2025-09-19,4,69.84,9
528,922,1,2026-07-29,4,207.08,15
529,1387,2,2024-09-22,2,107.48,36
530,110,22,2026-03-12,2,74.64,31
531,839,26,2025-02-09,2,109.28,14
532,124,31,2026-01-30,2,35.32,35
533,1432,23,2026-05-29,4,122.08,29
534,252,3,2025-01-28,2,100.2,11
535,1748,47,2025-09-13,3,150.81,1
536,22,41,2026-02-14,2,114.62,15
537,1762,8,2024-12-21,2,35.86,2
538,357,9,2025-04-27,1,22.6,26
539,423,46,2026-04-05,1,31.77,6
540,1906,36,2025-10-28,4,133.16,5
541,989,44,2026-04-29,2,46.22,32
542,684,22,2025-10-16,4,149.28,1
543,1266,32,2025-01-18,1,31.05,25
544,1652,29,2025-12-31,1,40.3,4
545,1660,11,2025-07-01,1,13.99,20
546,1356,33,2026-06-02,3,71.46,18
547,719,15,2025-11-12,3,105.06,27
548,1157,14,2024-09-30,4,209.16,40
549,114,13,2025-07-29,1,17.46,26
550,1398,28,2025-08-21,4,212.52,2
551,1008,25,2026-05-03,2,69.06,19
552,461,33,2025-07-09,3,71.46,7
553,1257,4,2025-01-14,4,191.28,12
554,789,15,2025-06-28,3,105.06,17
555,1065,47,2026-08-11,3,150.81,8
556,1349,46,2024-12-02,3,95.31,6
557,1744,21,2025-11-13,2,25.68,14
558,1357,47,2026-04-20,2,100.54,7
559,192,41,2025-04-07,4,229.24,29
560,1057,47,2025-05-21,4,201.08,31
561,1187,42,2025-11-30,1,26.41,6
562,327,7,2026-08-25,3,100.02,35
563,802,47,2025-04-15,2,100.54,34
564,877,32,2024-11-16,4,124.2,27
565,133,1,2025-03-21,2,103.54,36
566,1846,42,2026-07-23,1,26.41,37
567,1789,32,2025-12-07,1,31.05,9
568,1257,39,2025-05-10,2,104.44,12
569,23,25,2025-01-14,2,69.06,34
570,899,17,2026-08-13,2,47.76,33
571,1072,38,2026-01-18,2,39.26,15
572,1636,27,2026-05-03,1,22.5,12
573,96,50,2025-11-03,2,37.56,27
574,920,24,2026-03-31,4,101.08,5
575,121,40,2025-08-03,4,134.52,19
576,1969,12,2025-01-15,4,82.64,1
577,547,36,2025-12-19,1,33.29,35
578,544,22,2025-09-19,2,74.64,40
579,1238,22,2025-02-19,4,149.28,26
580,675,26,2025-01-19,2,109.28,3
581,333,22,2025-07-17,1,37.32,11
582,834,22,2025-02-09,1,37.32,35
583,1885,37,2025-03-03,2,36.04,19
584,1353,16,2026-07-10,3,171.75,15
585,775,10,2024-11-24,4,208.6,31
586,1739,17,2026-08-11,1,23.88,23
587,1132,49,2026-02-12,1,44.18,35
588,965,9,2025-07-01,2,45.2,27
589,620,21,2025-08-05,1,12.84,38
590,1373,36,2025-06-10,2,66.58,25
591,1592,16,2025-06-20,1,57.25,17
592,147,18,2025-08-05,3,112.77,20
593,1835,18,2024-12-27,4,150.36,6
594,1106,11,2025-07-20,2,27.98,38
595,260,17,2025-10-04,2,47.76,20
596,1852,15,2026-03-18,1,35.02,12
597,1523,50,2025-09-29,4,75.12,33
598,914,39,2026-08-10,3,156.66,31
599,858,50,2025-04-15,1,18.78,22
600,1668,33,2026-06-06,2,47.64,40
601,1351,29,2025-09-22,3,120.9,3
602,1655,24,2025-06-01,2,50.54,5
603,675,1,2024-12-14,2,103.54,38
604,1634,49,2025-03-31,1,44.18,10
605,500,38,2025-07-11,1,19.63,31
606,436,12,2026-08-20,1,20.66,35
607,513,25,2025-03-19,1,34.53,3
608,1127,12,2026-05-05,2,41.32,35
609,1448,29,2025-11-23,2,80.6,34
610,658,18,2026-05-05,3,112.77,40
611,118,3,2025-06-05,4,200.4,4
612,266,29,2025-01-18,3,120.9,24
613,184,30,2025-06-17,1,44.18,7
614,48,8,2025-06-20,1,17.93,23
615,1543,33,2025-11-21,4,95.28,4
616,617,25,2025-03-23,3,103.59,38
617,1,35,2024-10-07,3,47.82,28
618,222,33,2025-05-30,1,23.82,14
619,346,19,2024-12-20,1,51.33,30
620,338,19,2024-09-14,3,153.99,30
621,179,36,2026-04-18,4,133.16,31
622,1886,44,2025-01-29,3,69.33,8
623,734,32,2025-11-29,3,93.15,19
624,1945,40,2026-08-08,3,100.89,31
625,608,1,2025-05-04,1,51.77,9
626,1412,36,2025-06-05,1,33.29,29
627,182,34,2025-05-09,1,36.89,28
628,1145,18,2024-11-17,2,75.18,18
629,1599,9,2025-04-07,4,90.4,26
630,892,11,2025-11-25,4,55.96,3
631,931,32,2025-02-18,1,31.05,30
632,1329,46,2026-01-05,2,63.54,39
633,1663,50,2026-03-16,3,56.34,17
634,1772,34,2025-03-25,3,110.67,23
635,456,19,2024-12-08,4,205.32,13
636,1527,35,2026-09-04,3,47.82,24
637,1519,29,2026-05-03,2,80.6,25
638,1231,22,2025-01-16,4,149.28,36
639,896,34,2026-03-07,3,110.67,40
640,1169,23,2026-07-03,1,30.52,7
641,851,45,2026-01-24,2,90.14,12
642,1042,39,2024-10-07,2,104.44,30
643,1220,45,2026-08-04,2,90.14,9
644,158,42,2024-09-12,3,79.23,21
645,1617,39,2025-01-18,3,156.66,26
646,528,44,2026-07-25,3,69.33,30
647,1189,3,2026-05-02,3,150.3,17
648,617,8,2025-08-20,3,53.79,9
649,373,11,2025-05-07,3,41.97,10
650,1890,25,2024-11-27,1,34.53,16
651,39,35,2024-09-24,2,31.88,9
652,1390,7,2025-03-17,4,133.36,18
653,1602,3,2026-06-18,4,200.4,31
654,1187,11,2025-11-12,2,27.98,10
655,1808,50,2025-11-11,1,18.78,21
656,641,20,2025-04-01,3,135.51,30
657,1237,24,2026-04-07,1,25.27,35
658,450,44,2026-04-03,2,46.22,32
659,1986,41,2026-08-01,2,114.62,13
660,861,7,2026-01-14,4,133.36,6
661,1345,32,2024-12-30,3,93.15,39
662,1958,5,2025-03-04,1,54.23,27
663,911,31,2025-07-19,3,52.98,33
664,812,37,2025-08-28,1,18.02,11
665,148,6,2026-08-13,2,45.3,38
666,189,22,2025-03-21,1,37.32,7
667,567,49,2025-02-15,1,44.18,30
668,411,46,2025-11-11,4,127.08,2
669,960,30,2025-06-05,2,88.36,14
670,767,33,2026-07-22,4,95.28,40
671,1659,14,2025-01-22,4,209.16,26
672,667,8,2025-02-12,2,35.86,6
673,362,38,2025-05-06,2,39.26,1
674,567,13,2025-03-14,3,52.38,16
675,372,40,2026-05-26,4,134.52,25
676,579,24,2025-05-06,3,75.81,36
677,1401,11,2024-12-10,4,55.96,24
678,1224,43,2024-11-17,3,142.83,34
679,706,6,2026-07-05,1,22.65,29
680,1749,35,2026-09-07,1,15.94,35
681,1759,49,2026-04-25,1,44.18,2
682,1613,19,2024-09-23,4,205.32,6
683,1052,34,2025-01-13,4,147.56,18
684,444,12,2024-09-21,1,20.66,35
685,619,44,2025-09-25,3,69.33,3
686,1240,40,2026-08-13,2,67.26,6
687,617,1,2025-09-20,2,103.54,17
688,855,50,2026-08-28,3,56.34,37
689,641,12,2025-08-20,2,41.32,14
690,229,22,2025-10-01,2,74.64,28
691,1510,34,2024-09-30,1,36.89,13
692,1703,15,2026-02-18,4,140.08,38
693,157,23,2025-10-07,2,61.04,9
694,958,20,2025-11-02,3,135.51,35
695,1786,19,2025-08-17,2,102.66,33
696,216,14,2025-10-05,3,156.87,37
697,466,34,2026-08-24,1,36.89,8
698,873,24,2025-04-21,1,25.27,10
699,1658,11,2024-11-23,2,27.98,19
700,917,9,2026-06-16,1,22.6,33
701,1744,38,2025-07-10,4,78.52,18
702,249,30,2024-11-01,4,176.72,8
703,1666,26,2025-01-10,4,218.56,20
704,424,5,2025-02-06,1,54.23,16
705,152,36,2025-02-22,3,99.87,38
706,988,19,2025-01-08,4,205.32,17
707,382,42,2026-07-09,2,52.82,15
708,1123,25,2024-11-25,1,34.53,3
709,1079,36,2025-06-17,3,99.87,30
710,763,11,2025-02-19,3,41.97,26
711,46,21,2026-06-03,1,12.84,35
712,1252,21,2025-08-30,4,51.36,32
713,1896,41,2026-03-23,2,114.62,30
714,997,14,2024-10-14,1,52.29,14
715,429,5,2025-11-27,2,108.46,32
716,1285,25,2024-11-27,3,103.59,39
717,1853,42,2026-09-06,3,79.23,39
718,1505,5,2024-10-14,2,108.46,37
719,1375,41,2025-08-28,4,229.24,14
720,1493,29,2024-12-30,1,40.3,31
721,1658,24,2025-05-14,3,75.81,34
722,1213,24,2026-03-02,4,101.08,16
723,404,32,2024-09-30,3,93.15,40
724,545,15,2026-01-31,4,140.08,14
725,322,46,2026-03-30,3,95.31,21
726,367,50,2025-08-20,4,75.12,6
727,1836,38,2025-08-30,4,78.52,33
728,729,40,2025-08-04,4,134.52,27
729,1181,44,2025-01-31,2,46.22,18
730,72,9,2026-01-23,4,90.4,2
731,1604,36,2025-06-03,3,99.87,31
732,1836,34,2026-08-18,3,110.67,9
733,177,43,2025-07-17,4,190.44,24
734,738,13,2026-05-17,1,17.46,30
735,135,21,2025-10-02,1,12.84,17
736,1840,1,2026-05-01,3,155.31,32
737,1334,47,2024-09-27,2,100.54,23
738,487,37,2025-05-17,4,72.08,33
739,816,3,2026-03-16,4,200.4,11
740,551,2,2025-08-16,2,107.48,17
741,1987,43,2026-01-04,1,47.61,34
742,948,18,2026-08-10,3,112.77,17
743,1699,32,2024-12-05,2,62.1,37
744,861,49,2026-06-30,4,176.72,23
745,601,39,2025-08-20,2,104.44,21
746,1776,11,2025-10-13,1,13.99,18
747,307,27,2025-07-08,2,45.0,4
748,1238,45,2025-12-02,1,45.07,10
749,1508,17,2026-07-08,2,47.76,37
750,649,5,2024-10-16,2,108.46,26
751,744,5,2025-07-21,1,54.23,2
752,1145,32,2025-10-14,2,62.1,22
753,263,29,2025-02-12,2,80.6,29
754,295,8,2025-02-09,4,71.72,27
755,834,27,2025-10-19,1,22.5,40
756,877,1,2025-03-28,3,155.31,6
757,1536,3,2025-11-28,4,200.4,21
758,1877,34,2026-06-26,1,36.89,11
759,720,20,2025-05-17,4,180.68,24
760,1025,49,2025-04-26,3,132.54,30
761,252,6,2025-02-05,1,22.65,31
762,1747,37,2025-08-01,3,54.06,11
763,841,6,2024-10-31,2,45.3,8
764,327,29,2025-04-17,2,80.6,29
765,510,8,2025-02-17,1,17.93,16
766,1873,19,2025-06-19,1,51.33,27
767,1037,11,2025-08-22,2,27.98,28
768,556,11,2026-08-16,3,41.97,8
769,757,21,2025-10-12,2,25.68,2
770,1490,22,2025-03-17,2,74.64,24
771,244,33,2025-12-27,3,71.46,27
772,1295,33,2025-07-11,2,47.64,24
773,1441,43,2025-03-09,1,47.61,19
774,1171,12,2025-10-15,4,82.64,29
775,773,18,2025-02-05,4,150.36,27
776,18,47,2025-04-07,1,50.27,25
777,1625,48,2025-01-18,2,28.54,36
778,1374,27,2024-11-10,4,90.0,14
779,1082,19,2025-03-14,3,153.99,23
780,263,47,2025-04-04,4,201.08,10
781,226,40,2024-12-14,2,67.26,38
782,25,46,2025-09-26,3,95.31,30
783,279,23,2026-04-02,1,30.52,23
784,1305,6,2025-07-03,3,67.95,8
785,1001,49,2025-08-10,1,44.18,8
786,579,35,2025-04-02,3,47.82,21
787,1938,44,2025-06-20,4,92.44,2
788,1395,17,2026-02-02,1,23.88,39
789,1608,25,2025-03-10,1,34.53,39
790,1470,6,2025-11-25,4,90.6,39
791,645,32,2025-03-03,4,124.2,13
792,1959,50,2026-01-22,2,37.56,16
793,753,20,2024-10-12,2,90.34,20
794,879,22,2025-04-16,4,149.28,27
795,709,30,2025-08-31,3,132.54,34
796,138,34,2024-09-28,1,36.89,34
797,786,7,2025-05-20,2,66.68,34
798,1435,20,2025-07-15,3,135.51,36
799,380,13,2026-04-02,1,17.46,35
800,633,43,2025-07-23,4,190.44,23
801,227,2,2026-05-08,4,214.96,23
802,1842,12,2025-08-27,3,61.98,24
803,177,28,2025-10-24,2,106.26,3
804,960,32,2024-09-20,4,124.2,8
805,1783,21,2026-05-14,4,51.36,9
806,706,28,2025-01-10,1,53.13,39
807,632,50,2025-04-15,4,75.12,18
808,1040,50,2025-01-12,2,37.56,34
809,178,14,2026-07-12,3,156.87,22
810,980,47,2025-07-24,4,201.08,33
811,1501,9,2025-06-15,2,45.2,33
812,1950,29,2025-05-08,1,40.3,34
813,154,46,2025-08-06,1,31.77,30
814,732,50,2026-03-19,4,75.12,2
815,1450,41,2025-05-08,4,229.24,31
816,992,17,2025-06-14,2,47.76,8
817,775,19,2026-06-12,2,102.66,25
818,1795,10,2026-07-19,3,156.45,23
819,1879,48,2026-01-08,1,14.27,13
820,917,22,2025-12-26,3,111.96,34
821,114,7,2025-11-28,1,33.34,12
822,1162,31,2026-06-16,4,70.64,14
823,1415,23,2026-01-23,3,91.56,29
824,1288,6,2026-01-06,1,22.65,11
825,880,10,2026-01-15,3,156.45,11
826,253,38,2024-10-29,1,19.63,8
827,570,42,2025-08-05,3,79.23,34
828,393,46,2025-11-02,1,31.77,27
829,1372,34,2024-10-23,3,110.67,19
830,508,30,2025-02-24,3,132.54,19
831,1692,2,2026-02-12,1,53.74,9
832,512,38,2025-02-27,2,39.26,32
833,1970,30,2026-01-17,1,44.18,18
834,1724,39,2025-04-12,4,208.88,19
835,594,15,2026-02-20,4,140.08,4
836,1332,13,2025-11-25,4,69.84,16
837,822,50,2026-04-03,1,18.78,25
838,807,44,2026-05-04,4,92.44,23
839,399,17,2024-11-16,2,47.76,20
840,504,5,2025-10-11,1,54.23,37
841,1456,22,2025-08-11,1,37.32,23
842,1114,31,2025-10-09,1,17.66,5
843,1383,4,2026-03-20,3,143.46,10
844,351,40,2024-12-09,2,67.26,12
845,543,16,2026-05-26,1,57.25,19
846,1110,31,2025-02-21,4,70.64,7
847,304,19,2026-05-09,1,51.33,9
848,1805,3,2024-09-09,2,100.2,9
849,548,4,2025-10-20,3,143.46,34
850,1508,29,2024-12-24,1,40.3,24
851,1210,28,2026-07-21,1,53.13,27
852,1721,46,2026-03-03,4,127.08,4
853,610,37,2024-10-03,3,54.06,29
854,120,24,2025-04-28,1,25.27,9
855,1792,14,2026-01-13,1,52.29,1
856,1949,1,2024-12-09,4,207.08,24
857,1300,39,2026-01-24,2,104.44,18
858,996,41,2026-06-17,4,229.24,32
859,1596,36,2025-01-12,4,133.16,12
860,1583,48,2025-06-21,1,14.27,39
861,937,43,2026-03-22,4,190.44,34
862,729,3,2025-05-14,4,200.4,23
863,297,22,2025-07-08,1,37.32,12
864,1278,39,2024-10-23,1,52.22,3
865,1111,18,2025-01-27,1,37.59,40
866,361,16,2026-02-15,4,229.0,4
867,1170,25,2026-05-28,4,138.12,6
868,1208,35,2026-04-13,1,15.94,31
869,768,12,2025-09-20,4,82.64,39
870,1757,48,2025-07-30,4,57.08,36
871,1148,19,2026-08-19,3,153.99,25
872,1702,32,2026-04-20,3,93.15,7
873,1216,50,2025-08-18,2,37.56,28
874,1574,44,2025-04-29,2,46.22,3
875,1972,4,2024-11-26,3,143.46,30
876,1578,18,2025-09-23,4,150.36,27
877,1973,36,2025-02-20,3,99.87,22
878,507,34,2026-03-04,3,110.67,17
879,768,13,2024-12-10,3,52.38,8
880,343,26,2025-06-09,1,54.64,31
881,248,7,2025-02-14,1,33.34,22
882,1074,9,2025-01-23,1,22.6,38
883,1152,43,2025-05-21,1,47.61,4
884,1740,27,2025-12-18,2,45.0,37
885,1523,27,2026-09-08,4,90.0,40
886,462,2,2025-02-11,3,161.22,26
887,796,16,2024-11-26,1,57.25,11
888,305,38,2025-01-18,3,58.89,6
889,273,24,2024-11-20,1,25.27,20
890,158,2,2025-10-27,2,107.48,4
891,187,46,2026-07-13,3,95.31,13
892,288,27,2026-07-12,3,67.5,26
893,865,8,2026-04-03,1,17.93,14
894,1282,5,2026-08-20,1,54.23,13
895,1573,24,2026-05-14,4,101.08,6
896,1885,13,2025-07-24,3,52.38,27
897,1216,31,2026-08-01,4,70.64,8
898,1098,47,2025-01-13,3,150.81,40
899,20,33,2026-09-07,3,71.46,4
900,1551,16,2025-08-23,1,57.25,21
901,1093,15,2024-09-29,1,35.02,7
902,172,17,2026-05-26,4,95.52,22
903,434,6,2026-02-12,2,45.3,7
904,513,7,2026-04-12,3,100.02,38
905,1097,16,2025-01-29,4,229.0,25
906,1865,2,2025-01-01,1,53.74,32
907,265,20,2025-09-07,3,135.51,5
908,909,22,2025-12-19,4,149.28,26
909,1380,8,2025-12-29,2,35.86,5
910,1422,36,2026-01-06,2,66.58,31
911,574,23,2026-09-05,4,122.08,13
912,1884,15,2026-02-21,2,70.04,9
913,1133,42,2025-10-29,1,26.41,18
914,402,43,2025-05-11,3,142.83,5
915,1503,34,2025-09-18,1,36.89,28
916,568,11,2025-09-29,2,27.98,26
917,1896,31,2025-02-27,3,52.98,27
918,128,28,2025-11-12,3,159.39,2
919,558,35,2024-09-13,2,31.88,26
920,1193,24,2025-07-21,2,50.54,4
921,1651,9,2026-09-05,1,22.6,18
922,1099,40,2026-01-07,1,33.63,35
923,1698,5,2024-12-27,4,216.92,21
924,1394,45,2025-01-09,3,135.21,20
925,1343,16,2026-02-19,4,229.0,20
926,1094,33,2024-12-31,4,95.28,30
927,1446,49,2025-07-20,4,176.72,19
928,1834,18,2026-07-30,1,37.59,28
929,1463,21,2025-11-25,3,38.52,1
930,1804,11,2025-05-15,1,13.99,36
931,1895,36,2025-08-10,2,66.58,36
932,1003,42,2026-08-27,2,52.82,16
933,961,47,2024-11-19,4,201.08,17
934,1199,14,2025-06-17,2,104.58,27
935,1658,11,2026-05-24,1,13.99,20
936,38,13,2025-03-01,2,34.92,2
937,1028,50,2026-08-31,1,18.78,17
938,860,34,2025-11-06,2,73.78,27
939,117,32,2025-05-15,1,31.05,27
940,1169,46,2026-04-05,2,63.54,7
941,1207,22,2024-12-04,4,149.28,15
942,762,17,2026-08-21,4,95.52,18
943,1484,21,2025-07-07,3,38.52,19
944,1552,10,2025-09-13,4,208.6,39
945,1474,27,2026-08-03,2,45.0,23
946,869,27,2024-09-21,4,90.0,20
947,1387,44,2025-05-06,4,92.44,23
948,1165,20,2025-06-17,3,135.51,33
949,354,45,2024-12-29,2,90.14,4
950,1887,7,2025-03-20,3,100.02,32
951,1442,49,2024-09-10,2,88.36,10
952,769,16,2025-09-26,3,171.75,35
953,280,32,2026-01-25,2,62.1,26
954,1218,7,2024-10-26,1,33.34,21
955,1545,49,2026-04-29,2,88.36,38
956,1126,2,2025-02-11,4,214.96,10
957,1676,36,2025-11-16,2,66.58,17
958,1151,32,2025-11-07,3,93.15,4
959,260,19,2024-12-03,1,51.33,37
960,174,8,2025-09-16,1,17.93,22
961,64,50,2026-08-13,1,18.78,3
962,1331,44,2025-09-18,1,23.11,26
963,635,25,2025-02-04,2,69.06,10
964,1553,45,2025-11-24,1,45.07,27
965,431,48,2026-05-10,4,57.08,37
966,1546,10,2026-08-11,2,104.3,39
967,436,28,2026-06-24,4,212.52,21
968,1499,3,2025-08-20,4,200.4,29
969,684,27,2024-11-27,1,22.5,9
970,1885,23,2025-07-20,1,30.52,36
971,1228,3,2026-03-06,3,150.3,10
972,1457,16,2025-12-09,4,229.0,7
973,1815,43,2026-04-28,3,142.83,40
974,901,45,2026-06-08,2,90.14,35
975,640,43,2026-01-02,2,95.22,18
976,1960,28,2025-12-07,1,53.13,25
977,502,39,2025-04-15,2,104.44,16
978,1295,37,2025-05-04,2,36.04,32
979,230,24,2025-06-02,4,101.08,19
980,323,1,2024-11-13,4,207.08,34
981,1269,24,2025-08-04,2,50.54,27
982,230,48,2025-10-19,1,14.27,27
983,757,20,2026-04-03,1,45.17,27
984,833,13,2025-11-15,3,52.38,29
985,1423,9,2026-01-09,4,90.4,8
986,1751,48,2026-04-21,3,42.81,7
987,410,40,2025-12-26,2,67.26,30
988,5,1,2025-03-06,4,207.08,38
989,1470,4,2025-10-23,1,47.82,32
990,917,13,2026-05-09,3,52.38,20
991,1198,34,2026-03-25,2,73.78,10
992,604,29,2026-08-25,2,80.6,25
993,647,33,2025-04-30,2,47.64,4
994,255,22,2025-04-02,4,149.28,6
995,613,11,2026-06-03,2,27.98,39
996,858,50,2024-12-03,4,75.12,11
997,693,42,2026-03-21,3,79.23,14
998,886,50,2025-04-12,4,75.12,12
999,1184,31,2024-10-03,4,70.64,39
1000,1549,45,2026-04-13,2,90.14,17
1001,1848,26,2026-04-28,4,218.56,9
1002,205,30,2026-04-13,3,132.54,30
1003,810,50,2025-05-15,1,18.78,34
1004,201,43,2025-01-30,1,47.61,33
1005,1333,9,2026-05-20,3,67.8,28
1006,509,40,2026-08-01,1,33.63,32
1007,147,28,2026-02-09,4,212.52,6
1008,916,21,2025-03-05,4,51.36,36
1009,444,18,2025-08-21,3,112.77,34
1010,814,43,2026-05-06,4,190.44,6
1011,1532,31,2025-06-19,1,17.66,1
1012,942,47,2025-10-21,3,150.81,20
1013,1469,45,2026-08-27,1,45.07,8
1014,1889,35,2026-07-02,3,47.82,39
1015,1253,49,2025-05-07,2,88.36,25
1016,1803,47,2026-06-22,3,150.81,7
1017,1857,25,2025-02-05,2,69.06,13
1018,1349,31,2026-08-19,3,52.98,16
1019,1638,47,2024-11-09,3,150.81,30
1020,46,31,2024-11-14,1,17.66,8
1021,1349,17,2025-11-25,2,47.76,4
1022,1564,36,2025-01-21,2,66.58,8
1023,169,50,2024-09-27,2,37.56,5
1024,1246,48,2025-07-05,4,57.08,32
1025,162,4,2024-09-27,3,143.46,37
1026,594,34,2025-04-24,2,73.78,6
1027,1725,1,2025-09-05,4,207.08,32
1028,1918,28,2026-07-29,2,106.26,29
1029,1749,9,2024-11-29,4,90.4,27
1030,804,42,2026-01-14,4,105.64,11
1031,1454,44,2024-11-07,2,46.22,33
1032,787,21,2025-10-05,4,51.36,5
1033,1552,3,2025-05-14,1,50.1,19
1034,1361,27,2025-11-29,2,45.0,35
1035,457,8,2024-11-03,4,71.72,25
1036,1646,1,2026-06-29,1,51.77,9
1037,1417,47,2025-06-25,4,201.08,34
1038,770,14,2024-10-04,3,156.87,10
1039,1868,2,2026-06-23,3,161.22,23
1040,1986,11,2026-07-12,2,27.98,8
1041,1128,30,2026-05-10,4,176.72,1
1042,167,3,2026-05-28,2,100.2,3
1043,769,40,2024-11-15,1,33.63,21
1044,1953,4,2026-01-27,3,143.46,8
1045,665,35,2026-07-20,1,15.94,34
1046,223,41,2024-10-31,2,114.62,9
1047,299,27,2025-11-14,1,22.5,22
1048,599,24,2026-01-04,1,25.27,39
1049,509,3,2025-05-04,1,50.1,37
1050,618,29,2026-08-17,4,161.2,21
1051,1939,42,2025-06-30,1,26.41,31
1052,875,37,2025-05-20,4,72.08,23
1053,780,48,2025-04-10,1,14.27,12
1054,723,35,2024-11-19,3,47.82,32
1055,1477,23,2026-01-19,1,30.52,22
1056,1818,22,2025-11-12,3,111.96,20
1057,421,21,2025-07-12,4,51.36,22
1058,669,17,2025-05-01,2,47.76,39
1059,1423,16,2024-09-28,2,114.5,23
1060,1705,30,2025-06-18,1,44.18,19
1061,1469,38,2025-06-27,1,19.63,13
1062,1524,33,2025-07-06,3,71.46,31
1063,378,31,2026-03-27,3,52.98,21
1064,86,42,2025-03-03,1,26.41,2
1065,578,31,2026-03-01,3,52.98,37
1066,1830,39,2025-02-02,4,208.88,25
1067,600,36,2025-12-12,4,133.16,13
1068,29,9,2024-11-11,2,45.2,9
1069,1772,22,2026-08-30,1,37.32,1
1070,1016,39,2025-04-22,3,156.66,33
1071,1696,6,2024-12-18,3,67.95,21
1072,246,13,2026-07-08,3,52.38,27
1073,1901,21,2026-06-26,3,38.52,22
1074,658,29,2025-09-24,2,80.6,24
1075,1652,22,2025-09-05,1,37.32,13
1076,1981,7,2026-06-07,4,133.36,10
1077,1549,48,2025-10-25,1,14.27,36
1078,174,50,2025-08-04,3,56.34,13
1079,1252,43,2025-01-20,4,190.44,32
1080,1480,10,2024-10-06,2,104.3,6
1081,388,33,2026-09-03,2,47.64,40
1082,770,39,2025-06-29,4,208.88,1
1083,422,1,2025-10-02,3,155.31,9
1084,363,34,2026-05-05,1,36.89,4
1085,136,42,2026-09-06,4,105.64,34
1086,891,50,2025-04-27,2,37.56,21
1087,524,38,2026-01-06,1,19.63,16
1088,533,28,2025-03-16,4,212.52,7
1089,1605,4,2025-04-11,2,95.64,11
1090,563,38,2024-11-29,2,39.26,18
1091,1300,28,2025-01-29,4,212.52,6
1092,1394,5,2025-10-30,2,108.46,21
1093,1790,35,2025-12-23,1,15.94,4
1094,1278,22,2025-05-08,1,37.32,38
1095,1544,40,2026-05-16,4,134.52,28
1096,1497,30,2025-10-10,1,44.18,33
1097,1652,48,2026-07-03,2,28.54,1
1098,1769,4,2026-07-27,4,191.28,27
1099,1914,4,2026-01-22,1,47.82,11
1100,126,28,2026-06-10,2,106.26,11
1101,573,39,2026-03-10,4,208.88,8
1102,1336,16,2025-03-15,3,171.75,40
1103,580,16,2026-07-07,2,114.5,13
1104,1888,36,2025-01-20,2,66.58,8
1105,1856,7,2026-06-16,1,33.34,6
1106,1694,11,2025-03-22,4,55.96,14
1107,1836,18,2025-06-21,2,75.18,35
1108,199,21,2025-12-30,1,12.84,32
1109,1847,21,2026-04-07,3,38.52,26
1110,1698,31,2025-03-19,4,70.64,37
1111,432,13,2025-05-04,2,34.92,19
1112,1645,31,2026-05-10,1,17.66,4
1113,1938,3,2024-10-11,3,150.3,22
1114,712,46,2026-01-21,4,127.08,20
1115,722,24,2025-10-10,3,75.81,17
1116,1889,5,2024-12-17,4,216.92,18
1117,690,30,2025-07-05,1,44.18,37
1118,388,43,2026-03-16,4,190.44,20
1119,216,11,2025-04-18,2,27.98,22
1120,964,38,2025-06-04,3,58.89,6
1121,1571,3,2024-11-19,1,50.1,19
1122,1372,29,2025-12-06,2,80.6,38
1123,1074,9,2025-11-26,3,67.8,24
1124,1854,27,2024-09-26,1,22.5,6
1125,1078,17,2026-07-09,3,71.64,26
1126,1970,36,2026-04-29,3,99.87,15
1127,1152,15,2025-01-09,3,105.06,32
1128,1183,29,2025-02-11,3,120.9,29
1129,401,28,2024-09-09,2,106.26,22
1130,1637,11,2026-05-05,4,55.96,20
1131,11,41,2026-04-11,3,171.93,10
1132,359,1,2024-11-15,1,51.77,33
1133,1523,2,2025-01-10,3,161.22,30
1134,45,13,2026-01-14,2,34.92,1
1135,683,5,2025-08-12,2,108.46,9
1136,968,25,2026-08-20,3,103.59,40
1137,906,21,2026-07-12,2,25.68,25
1138,51,6,2026-03-24,4,90.6,13
1139,586,11,2025-02-26,1,13.99,31
1140,1755,31,2026-01-09,4,70.64,14
1141,790,7,2026-09-01,4,133.36,34
1142,1065,33,2025-08-22,4,95.28,30
1143,637,27,2026-03-08,3,67.5,8
1144,267,41,2025-09-14,1,57.31,18
1145,135,47,2025-08-23,2,100.54,33
1146,1034,21,2025-12-09,3,38.52,26
1147,710,1,2026-01-31,4,207.08,23
1148,974,43,2025-09-15,2,95.22,22
1149,1451,10,2026-02-28,2,104.3,12
1150,1558,42,2026-02-05,3,79.23,21
1151,379,23,2025-01-26,4,122.08,24
1152,686,17,2025-09-14,4,95.52,24
1153,2000,25,2025-04-12,4,138.12,29
1154,304,50,2026-08-07,3,56.34,11
1155,1984,47,2025-09-24,3,150.81,12
1156,125,29,2025-08-07,3,120.9,32
1157,755,44,2025-03-07,2,46.22,18
1158,553,49,2026-06-20,4,176.72,39
1159,664,42,2025-10-31,4,105.64,12
1160,1722,26,2024-11-17,1,54.64,5
1161,666,39,2025-12-09,2,104.44,5
1162,874,5,2025-06-16,3,162.69,16
1163,123,15,2025-02-13,2,70.04,28
1164,1899,34,2026-02-01,4,147.56,32
1165,368,9,2024-10-11,3,67.8,13
1166,407,31,2026-08-22,1,17.66,24
1167,1855,19,2026-04-12,1,51.33,27
1168,587,31,2025-08-04,4,70.64,35
1169,175,45,2024-10-08,3,135.21,34
1170,672,8,2025-06-17,3,53.79,35
1171,489,41,2025-04-05,1,57.31,11
1172,1465,3,2026-07-03,2,100.2,27
1173,1069,49,2024-11-18,4,176.72,34
1174,1418,11,2025-03-13,4,55.96,39
1175,1262,24,2025-06-15,4,101.08,35
1176,753,4,2025-01-28,3,143.46,3
1177,367,37,2026-07-07,4,72.08,39
1178,1096,6,2024-11-12,4,90.6,25
1179,1294,36,2025-04-15,2,66.58,17
1180,1390,42,2024-12-05,2,52.82,13
1181,450,39,2025-04-28,1,52.22,9
1182,1572,42,2026-07-26,2,52.82,34
1183,983,19,2024-12-10,1,51.33,32
1184,115,31,2025-12-31,1,17.66,31
1185,819,41,2026-08-18,3,171.93,3
1186,1145,2,2025-01-24,4,214.96,20
1187,1917,6,2026-07-21,2,45.3,2
1188,1931,7,2026-07-15,2,66.68,30
1189,570,43,2026-02-23,1,47.61,23
1190,710,29,2026-01-26,4,161.2,26
1191,455,4,2025-12-15,4,191.28,22
1192,1157,12,2024-10-22,1,20.66,13
1193,602,15,2025-07-11,4,140.08,28
1194,1135,28,2025-08-02,4,212.52,36
1195,1100,44,2026-04-18,2,46.22,27
1196,1590,38,2025-03-03,2,39.26,37
1197,1224,13,2025-01-20,2,34.92,3
1198,1931,43,2025-01-03,3,142.83,22
1199,1039,38,2025-04-03,4,78.52,28
1200,1719,41,2025-01-28,2,114.62,28
1201,241,24,2025-05-09,4,101.08,6
1202,376,42,2025-11-30,1,26.41,11
1203,1167,38,2025-09-06,1,19.63,35
1204,556,23,2026-02-15,2,61.04,39
1205,750,10,2026-09-07,1,52.15,21
1206,1287,40,2025-03-08,1,33.63,16
1207,670,2,2026-02-07,2,107.48,9
1208,314,15,2025-07-19,1,35.02,7
1209,868,49,2024-12-30,3,132.54,12
1210,1544,8,2026-01-17,1,17.93,39
1211,1369,49,2026-08-05,3,132.54,18
1212,608,12,2025-09-29,2,41.32,34
1213,1682,3,2025-10-21,4,200.4,19
1214,1429,17,2026-07-16,3,71.64,31
1215,1184,44,2026-03-03,2,46.22,7
1216,18,36,2026-01-05,3,99.87,13
1217,928,35,2025-04-01,3,47.82,4
1218,1918,29,2026-02-12,1,40.3,34
1219,1680,39,2025-11-01,4,208.88,7
1220,723,29,2026-02-09,1,40.3,20
1221,919,24,2026-05-03,1,25.27,23
1222,1945,21,2025-02-26,2,25.68,9
1223,192,44,2025-09-22,1,23.11,25
1224,649,31,2024-11-23,2,35.32,4
1225,285,30,2024-10-20,4,176.72,20
1226,17,27,2024-09-19,4,90.0,33
1227,693,27,2025-11-14,3,67.5,1
1228,196,48,2025-02-28,3,42.81,14
1229,1151,31,2026-03-27,4,70.64,14
1230,440,14,2024-10-08,1,52.29,39
1231,25,28,2025-03-21,1,53.13,40
1232,709,20,2024-11-20,1,45.17,15
1233,1019,42,2025-03-13,2,52.82,17
1234,299,46,2024-12-09,4,127.08,29
1235,1773,36,2025-07-28,3,99.87,39
1236,1029,45,2026-05-21,4,180.28,32
1237,1727,41,2026-04-11,2,114.62,9
1238,564,4,2025-08-31,1,47.82,30
1239,1815,36,2025-09-27,3,99.87,30
1240,1565,35,2025-06-30,2,31.88,29
1241,787,49,2026-03-22,3,132.54,11
1242,370,41,2026-01-03,3,171.93,29
1243,170,39,2026-07-26,2,104.44,18
1244,700,6,2026-03-31,3,67.95,10
1245,915,23,2025-12-23,1,30.52,21
1246,1441,10,2025-11-19,2,104.3,16
1247,315,38,2026-08-12,4,78.52,4
1248,577,44,2024-12-20,4,92.44,1
1249,881,23,2026-01-18,3,91.56,31
1250,1239,45,2025-07-02,2,90.14,5
1251,765,48,2024-12-03,3,42.81,24
1252,675,10,2025-09-01,1,52.15,37
1253,688,32,2025-09-08,4,124.2,36
1254,863,47,2025-07-28,3,150.81,28
1255,1430,38,2024-11-26,4,78.52,10
1256,1708,27,2026-06-12,2,45.0,28
1257,501,36,2026-08-09,3,99.87,6
1258,1493,23,2025-03-23,3,91.56,35
1259,563,1,2024-10-01,1,51.77,28
1260,1519,1,2025-09-02,1,51.77,11
1261,1818,24,2025-10-24,3,75.81,25
1262,150,24,2026-04-01,2,50.54,19
1263,1674,28,2025-04-03,4,212.52,1
1264,1499,43,2025-08-23,4,190.44,11
1265,917,17,2024-09-16,1,23.88,37
1266,310,33,2026-03-17,3,71.46,26
1267,1927,4,2024-11-27,1,47.82,18
1268,421,35,2025-09-21,4,63.76,7
1269,1060,44,2025-04-03,2,46.22,26
1270,114,35,2025-05-21,3,47.82,2
1271,1166,13,2025-01-19,2,34.92,40
1272,1423,24,2025-02-02,3,75.81,3
1273,1711,14,2024-11-03,4,209.16,22
1274,1506,14,2026-01-31,4,209.16,38
1275,372,29,2025-05-18,2,80.6,5
1276,1937,41,2025-08-07,3,171.93,17
1277,103,29,2026-08-20,2,80.6,12
1278,741,14,2024-10-30,3,156.87,2
1279,1591,36,2024-12-23,2,66.58,33
1280,717,34,2025-12-16,3,110.67,22
1281,404,9,2025-04-20,2,45.2,1
1282,376,9,2026-09-07,3,67.8,14
1283,1296,26,2024-11-26,1,54.64,29
1284,1527,40,2026-02-15,1,33.63,19
1285,1579,35,2025-01-04,1,15.94,33
1286,353,18,2026-06-08,1,37.59,7
1287,804,35,2025-02-05,4,63.76,18
1288,711,30,2026-03-10,4,176.72,5
1289,315,44,2026-01-01,3,69.33,24
1290,962,8,2024-11-25,2,35.86,17
1291,1363,46,2025-09-27,4,127.08,20
1292,858,28,2026-01-25,2,106.26,10
1293,360,25,2026-04-24,2,69.06,10
1294,1349,26,2026-04-11,4,218.56,40
1295,1194,18,2025-10-01,3,112.77,30
1296,790,4,2025-02-12,1,47.82,4
1297,675,11,2025-09-11,1,13.99,23
1298,1426,37,2025-11-17,2,36.04,32
1299,138,7,2025-02-12,3,100.02,20
1300,1642,25,2026-03-31,1,34.53,3
1301,1021,50,2026-06-23,4,75.12,27
1302,980,11,2025-02-11,1,13.99,33
1303,1271,49,2025-05-06,1,44.18,16
1304,250,44,2025-08-04,4,92.44,36
1305,1599,32,2025-10-24,1,31.05,27
1306,797,23,2025-05-14,3,91.56,32
1307,1321,21,2025-03-02,3,38.52,35
1308,1136,15,2025-01-15,4,140.08,5
1309,839,41,2025-12-25,2,114.62,17
1310,1131,22,2025-05-10,1,37.32,6
1311,1071,42,2024-09-09,1,26.41,18
1312,124,10,2026-01-14,2,104.3,12
1313,1429,50,2024-11-23,2,37.56,37
1314,598,41,2026-04-12,3,171.93,26
1315,1733,41,2025-11-09,3,171.93,26
1316,1868,43,2025-10-15,4,190.44,4
1317,689,9,2025-10-24,1,22.6,20
1318,643,3,2025-02-16,2,100.2,22
1319,421,9,2025-04-12,4,90.4,33
1320,472,50,2025-06-15,1,18.78,5
1321,960,7,2025-01-23,4,133.36,15
1322,1320,48,2026-01-28,4,57.08,21
1323,1524,35,2025-12-06,1,15.94,37
1324,545,10,2026-06-05,3,156.45,33
1325,1258,36,2025-02-09,1,33.29,15
1326,1273,38,2026-02-28,3,58.89,5
1327,765,34,2026-09-04,3,110.67,11
1328,1703,38,2026-03-09,3,58.89,39
1329,1313,13,2026-01-07,2,34.92,37
1330,1463,8,2026-01-20,3,53.79,31
1331,1452,21,2025-03-20,2,25.68,3
1332,1315,41,2025-07-16,1,57.31,16
1333,1433,40,2024-09-23,4,134.52,28
1334,1175,27,2024-10-15,4,90.0,14
1335,1275,15,2026-03-08,4,140.08,33
1336,223,46,2026-09-01,1,31.77,36
1337,770,4,2024-11-20,1,47.82,5
1338,191,35,2025-06-18,1,15.94,33
1339,571,20,2025-03-25,4,180.68,16
1340,1879,45,2026-05-09,3,135.21,33
1341,820,19,2025-03-12,4,205.32,20
1342,391,14,2026-04-23,4,209.16,37
1343,925,8,2025-10-04,3,53.79,36
1344,1262,34,2025-08-12,3,110.67,39
1345,1410,10,2024-10-01,1,52.15,15
1346,1998,11,2025-12-29,1,13.99,2
1347,1894,33,2025-08-03,4,95.28,34
1348,136,37,2026-03-19,1,18.02,6
1349,188,43,2026-04-28,2,95.22,34
1350,720,9,2026-04-19,2,45.2,12
1351,1812,24,2024-12-07,4,101.08,29
1352,1157,31,2026-05-10,2,35.32,14
1353,764,23,2025-01-19,4,122.08,23
1354,690,21,2025-10-08,4,51.36,19
1355,51,50,2026-02-19,4,75.12,40
1356,807,1,2026-03-13,2,103.54,18
1357,1686,40,2026-04-30,2,67.26,31
1358,491,43,2025-05-15,2,95.22,6
1359,1057,28,2025-05-08,3,159.39,35
1360,1411,26,2026-03-17,2,109.28,12
1361,968,15,2026-04-22,3,105.06,27
1362,1342,19,2025-02-03,4,205.32,29
1363,1907,5,2026-01-25,1,54.23,39
1364,1664,21,2025-05-22,4,51.36,26
1365,1721,42,2024-11-23,4,105.64,10
1366,1709,2,2026-07-26,3,161.22,31
1367,1852,34,2025-11-25,1,36.89,2
1368,1568,23,2025-09-19,4,122.08,9
1369,427,48,2025-06-29,4,57.08,33
1370,1119,41,2025-12-19,1,57.31,26
1371,1244,26,2026-06-22,2,109.28,13
1372,1689,8,2025-09-01,2,35.86,11
1373,1868,27,2025-10-27,4,90.0,20
1374,1309,27,2025-02-19,4,90.0,32
1375,1133,44,2026-02-28,2,46.22,17
1376,1677,34,2025-05-26,1,36.89,11
1377,1314,41,2025-03-13,4,229.24,19
1378,892,39,2024-10-28,3,156.66,3
1379,556,23,2025-04-04,4,122.08,31
1380,606,10,2025-06-28,3,156.45,15
1381,1188,22,2026-05-05,4,149.28,18
1382,48,11,2025-07-22,2,27.98,38
1383,1231,31,2024-12-03,4,70.64,14
1384,767,4,2026-02-24,3,143.46,39
1385,535,33,2025-02-12,1,23.82,40
1386,1889,50,2024-11-09,2,37.56,40
1387,1151,42,2025-03-16,3,79.23,20
1388,1143,31,2025-05-18,3,52.98,16
1389,698,1,2025-06-24,4,207.08,33
1390,389,40,2025-07-03,4,134.52,2
1391,1021,12,2024-11-07,3,61.98,19
1392,1426,3,2024-10-20,4,200.4,28
1393,1905,13,2025-10-22,3,52.38,38
1394,1702,27,2026-03-12,3,67.5,3
1395,1871,33,2025-06-26,4,95.28,35
1396,767,24,2026-09-04,4,101.08,4
1397,1653,12,2026-03-03,2,41.32,23
1398,387,44,2026-02-25,4,92.44,20
1399,863,6,2025-08-23,2,45.3,32
1400,1929,3,2025-04-22,2,100.2,13
1401,1946,29,2024-09-24,4,161.2,6
1402,524,14,2025-02-16,1,52.29,10
1403,1531,4,2025-05-05,3,143.46,1
1404,1821,5,2026-07-19,4,216.92,22
1405,1315,17,2026-08-18,4,95.52,39
1406,165,38,2026-04-07,3,58.89,19
1407,1938,29,2025-07-10,2,80.6,34
1408,1712,15,2025-03-14,3,105.06,1
1409,1513,29,2026-02-14,3,120.9,22
1410,409,7,2025-07-12,3,100.02,26
1411,514,31,2025-02-20,1,17.66,7
1412,315,5,2025-09-11,3,162.69,20
1413,1135,45,2025-08-25,1,45.07,9
1414,1118,41,2025-05-06,3,171.93,22
1415,1708,6,2026-07-08,1,22.65,18
1416,1750,26,2024-11-02,1,54.64,8
1417,1323,31,2026-08-11,1,17.66,11
1418,471,6,2024-09-15,1,22.65,16
1419,831,7,2026-04-26,2,66.68,26
1420,1074,26,2025-03-29,1,54.64,3
1421,1859,12,2025-01-17,4,82.64,33
1422,598,30,2025-01-03,3,132.54,31
1423,485,5,2025-09-02,1,54.23,12
1424,1983,36,2026-03-14,2,66.58,7
1425,378,34,2026-03-21,3,110.67,9
1426,1523,35,2026-07-05,4,63.76,17
1427,147,39,2026-01-24,2,104.44,16
1428,1373,31,2025-01-01,3,52.98,7
1429,736,35,2026-02-15,2,31.88,39
1430,177,31,2026-03-07,3,52.98,14
1431,1795,30,2026-02-10,1,44.18,20
1432,184,36,2024-10-11,2,66.58,35
1433,688,35,2026-04-05,2,31.88,29
1434,404,48,2026-08-26,2,28.54,33
1435,1030,9,2026-07-05,1,22.6,27
1436,162,41,2026-05-29,4,229.24,10
1437,350,15,2025-07-20,2,70.04,38
1438,289,43,2025-01-08,3,142.83,35
1439,603,15,2024-11-20,3,105.06,2
1440,1427,8,2025-04-04,1,17.93,9
1441,606,42,2025-03-29,2,52.82,30
1442,1417,29,2025-12-17,4,161.2,23
1443,1907,22,2024-09-26,4,149.28,37
1444,571,44,2025-08-07,4,92.44,13
1445,55,43,2025-11-22,4,190.44,25
1446,781,21,2025-05-31,1,12.84,4
1447,882,29,2026-02-17,2,80.6,5
1448,1836,43,2025-11-02,4,190.44,10
1449,1768,27,2026-02-13,2,45.0,31
1450,1427,38,2024-12-19,1,19.63,35
1451,1587,43,2026-03-17,3,142.83,32
1452,140,17,2026-06-22,1,23.88,34
1453,1647,46,2025-09-08,2,63.54,13
1454,52,9,2026-04-04,2,45.2,1
1455,1748,34,2025-04-29,4,147.56,21
1456,1129,44,2025-09-27,2,46.22,9
1457,1031,48,2026-05-13,2,28.54,29
1458,390,27,2026-02-17,4,90.0,10
1459,1621,27,2026-03-23,4,90.0,28
1460,1949,17,2025-01-10,3,71.64,4
1461,753,42,2025-11-10,3,79.23,25
1462,1873,35,2024-10-17,1,15.94,17
1463,659,22,2025-06-11,4,149.28,39
1464,242,29,2026-04-16,4,161.2,27
1465,169,18,2026-04-11,2,75.18,10
1466,924,5,2025-05-30,3,162.69,1
1467,1772,10,2026-04-27,2,104.3,9
1468,1210,30,2025-10-20,3,132.54,31
1469,1396,1,2025-02-19,2,103.54,14
1470,1884,23,2025-06-16,3,91.56,15
1471,960,43,2025-12-21,1,47.61,29
1472,848,1,2025-02-13,3,155.31,26
1473,821,17,2025-04-28,1,23.88,33
1474,116,37,2026-02-26,3,54.06,26
1475,1252,18,2025-01-25,3,112.77,39
1476,426,26,2024-09-12,2,109.28,33
1477,662,32,2025-01-13,4,124.2,37
1478,1336,33,2026-04-02,3,71.46,4
1479,473,28,2026-05-29,2,106.26,3
1480,35,25,2025-02-14,4,138.12,31
1481,595,26,2025-01-01,1,54.64,22
1482,248,33,2025-06-16,1,23.82,36
1483,357,26,2025-08-04,4,218.56,39
1484,1690,31,2024-09-22,1,17.66,10
1485,497,41,2026-06-08,1,57.31,18
1486,1055,2,2026-06-07,3,161.22,18
1487,683,43,2026-08-10,4,190.44,9
1488,232,21,2026-07-14,1,12.84,5
1489,1787,42,2024-10-30,4,105.64,17
1490,501,33,2026-01-30,3,71.46,22
1491,1060,10,2025-02-22,4,208.6,26
1492,505,44,2025-05-05,2,46.22,32
1493,1692,33,2025-02-24,4,95.28,6
1494,547,10,2025-10-29,4,208.6,1
1495,330,3,2026-02-07,4,200.4,39
1496,327,37,2026-08-02,2,36.04,28
1497,1460,14,2026-04-14,3,156.87,40
1498,381,1,2025-12-05,2,103.54,9
1499,737,36,2026-08-01,2,66.58,7
1500,970,12,2026-04-12,1,20.66,4
1501,974,28,2026-09-05,2,106.26,40
1502,282,34,2024-09-10,2,73.78,16
1503,1151,4,2025-10-09,2,95.64,23
1504,132,43,2025-03-25,3,142.83,16
1505,673,10,2025-11-30,3,156.45,27
1506,1806,23,2025-11-17,2,61.04,9
1507,1650,14,2025-09-12,4,209.16,10
1508,1666,14,2025-06-18,1,52.29,28
1509,1597,34,2025-08-17,1,36.89,14
1510,488,17,2025-12-15,2,47.76,3
1511,1917,50,2025-02-15,1,18.78,34
1512,1899,33,2026-07-10,3,71.46,17
1513,1179,30,2025-07-13,1,44.18,33
1514,49,40,2026-09-06,3,100.89,4
1515,1893,21,2026-09-04,3,38.52,15
1516,134,18,2025-02-07,2,75.18,28
1517,545,50,2024-12-28,3,56.34,20
1518,661,45,2025-08-14,1,45.07,36
1519,951,42,2025-05-19,1,26.41,37
1520,322,17,2025-09-06,1,23.88,27
1521,1739,26,2026-09-01,4,218.56,1
1522,489,31,2026-01-05,1,17.66,38
1523,1829,40,2026-06-28,2,67.26,4
1524,1526,5,2026-07-28,3,162.69,2
1525,622,23,2025-07-05,3,91.56,10
1526,773,17,2026-01-31,4,95.52,3
1527,1985,18,2025-12-02,3,112.77,8
1528,782,19,2026-02-23,4,205.32,19
1529,24,49,2026-08-10,4,176.72,40
1530,366,23,2026-06-17,1,30.52,10
1531,1317,33,2026-09-07,4,95.28,23
1532,144,11,2026-04-17,1,13.99,8
1533,527,46,2025-06-19,1,31.77,6
1534,287,39,2025-07-12,3,156.66,27
1535,728,10,2025-02-14,1,52.15,23
1536,776,1,2026-08-10,4,207.08,15
1537,813,37,2025-09-20,1,18.02,27
1538,1306,7,2025-03-04,1,33.34,22
1539,398,43,2026-05-17,3,142.83,28
1540,1838,46,2025-10-17,2,63.54,32
1541,1032,39,2025-04-12,2,104.44,19
1542,143,41,2025-01-23,1,57.31,28
1543,676,36,2025-05-09,1,33.29,8
1544,1852,8,2025-07-10,1,17.93,9
1545,913,45,2026-06-14,2,90.14,15
1546,1394,19,2026-09-06,4,205.32,23
1547,1294,2,2025-11-26,3,161.22,2
1548,891,13,2024-10-05,2,34.92,23
1549,565,22,2025-08-22,3,111.96,36
1550,1064,11,2025-10-26,3,41.97,33
1551,1176,7,2026-08-24,4,133.36,25
1552,1861,22,2025-12-31,2,74.64,31
1553,702,24,2026-04-29,3,75.81,25
1554,1472,19,2024-12-12,3,153.99,13
1555,1745,30,2026-04-18,4,176.72,22
1556,1933,9,2025-06-27,3,67.8,9
1557,1304,24,2025-08-19,3,75.81,29
1558,220,15,2026-03-07,4,140.08,24
1559,1765,6,2025-06-23,1,22.65,17
1560,1013,39,2026-07-24,1,52.22,19
1561,830,39,2024-10-26,4,208.88,1
1562,1150,16,2024-11-08,1,57.25,32
1563,234,27,2026-06-29,1,22.5,13
1564,51,35,2025-06-07,3,47.82,7
1565,208,4,2026-07-16,1,47.82,1
1566,1858,37,2026-03-18,1,18.02,13
1567,530,12,2025-12-14,2,41.32,17
1568,1100,20,2024-10-04,3,135.51,11
1569,789,15,2024-12-11,1,35.02,12
1570,1473,40,2025-09-15,4,134.52,5
1571,1794,14,2025-01-03,3,156.87,40
1572,825,11,2025-02-01,1,13.99,4
1573,69,25,2025-03-30,2,69.06,15
1574,1789,49,2025-03-10,1,44.18,17
1575,459,13,2025-06-01,2,34.92,27
1576,1078,50,2025-02-18,1,18.78,19
1577,1833,12,2026-07-14,4,82.64,13
1578,768,24,2026-03-04,3,75.81,10
1579,728,45,2024-10-30,2,90.14,15
1580,229,27,2025-08-12,1,22.5,24
1581,1503,22,2026-05-24,2,74.64,6
1582,1149,47,2026-04-01,2,100.54,26
1583,210,31,2025-10-02,4,70.64,39
1584,329,30,2024-12-28,4,176.72,35
1585,980,29,2025-12-12,1,40.3,37
1586,1580,39,2024-11-15,1,52.22,20
1587,229,35,2026-02-10,1,15.94,12
1588,8,5,2025-12-28,2,108.46,40
1589,1091,36,2026-06-13,3,99.87,38
1590,1430,6,2026-07-04,4,90.6,38
1591,1414,45,2025-03-31,1,45.07,33
1592,715,15,2026-06-28,1,35.02,16
1593,1082,16,2025-08-30,2,114.5,36
1594,1999,22,2025-03-17,2,74.64,6
1595,994,19,2026-07-29,2,102.66,24
1596,1979,43,2025-06-08,4,190.44,25
1597,1215,19,2026-08-17,2,102.66,7
1598,1531,35,2026-07-29,3,47.82,40
1599,714,18,2026-07-19,2,75.18,36
1600,1920,35,2025-03-11,1,15.94,26
1601,1010,24,2026-05-01,2,50.54,8
1602,1673,14,2025-09-07,2,104.58,8
1603,1709,36,2025-04-12,2,66.58,14
1604,1916,46,2025-04-01,3,95.31,15
1605,1203,18,2026-08-30,2,75.18,39
1606,1742,28,2025-04-25,2,106.26,26
1607,11,44,2024-11-09,3,69.33,19
1608,914,49,2026-04-01,1,44.18,32
1609,489,48,2025-07-25,1,14.27,33
1610,1000,38,2026-06-30,4,78.52,14
1611,283,16,2025-09-24,4,229.0,32
1612,1360,23,2026-01-04,2,61.04,23
1613,765,44,2025-03-06,4,92.44,5
1614,1953,2,2026-01-08,4,214.96,15
1615,166,18,2025-09-12,2,75.18,24
1616,254,7,2025-07-16,1,33.34,3
1617,74,3,2025-04-12,1,50.1,34
1618,203,45,2026-02-23,1,45.07,17
1619,1032,40,2025-05-11,3,100.89,36
1620,1918,33,2026-08-15,4,95.28,36
1621,1930,32,2026-06-19,3,93.15,8
1622,1257,14,2024-11-19,2,104.58,36
1623,1340,16,2026-05-17,1,57.25,19
1624,376,6,2026-04-15,2,45.3,27
1625,1709,33,2025-04-25,3,71.46,20
1626,1850,17,2025-05-31,1,23.88,20
1627,1165,23,2024-11-15,4,122.08,9
1628,167,16,2026-08-04,1,57.25,28
1629,1666,48,2025-03-08,2,28.54,32
1630,1152,13,2025-02-16,4,69.84,13
1631,1589,24,2025-06-21,4,101.08,31
1632,517,8,2026-03-28,3,53.79,18
1633,836,33,2026-06-25,4,95.28,15
1634,129,29,2025-03-06,1,40.3,40
1635,1808,40,2025-04-28,1,33.63,34
1636,1719,13,2025-10-28,2,34.92,9
1637,405,42,2025-02-06,1,26.41,19
1638,586,22,2026-01-25,1,37.32,3
1639,1514,6,2026-03-30,4,90.6,4
1640,1671,29,2025-05-16,3,120.9,6
1641,28,17,2024-11-18,3,71.64,34
1642,450,37,2024-10-15,1,18.02,31
1643,450,43,2025-08-04,4,190.44,38
1644,275,29,2024-11-13,4,161.2,13
1645,905,39,2026-06-16,4,208.88,24
1646,1553,49,2025-02-28,1,44.18,4
1647,1111,34,2026-08-05,3,110.67,26
1648,239,11,2026-09-02,2,27.98,13
1649,1968,18,2025-11-27,3,112.77,18
1650,692,35,2026-07-29,3,47.82,36
1651,444,32,2026-06-19,2,62.1,18
1652,1194,31,2025-03-03,2,35.32,34
1653,897,8,2025-03-05,2,35.86,5
1654,1407,23,2025-04-17,3,91.56,29
1655,656,42,2025-01-19,1,26.41,13
1656,959,44,2026-08-01,1,23.11,10
1657,981,34,2026-07-30,1,36.89,4
1658,835,43,2025-01-06,1,47.61,5
1659,1607,23,2024-12-14,2,61.04,11
1660,1295,46,2026-02-27,2,63.54,23
1661,77,25,2024-12-13,4,138.12,1
1662,89,9,2024-10-06,1,22.6,38
1663,1841,49,2026-05-19,2,88.36,25
1664,1885,47,2025-04-28,3,150.81,16
1665,865,43,2025-09-27,4,190.44,31
1666,1456,6,2026-09-03,1,22.65,37
1667,196,24,2026-03-29,2,50.54,37
1668,1104,46,2024-10-08,4,127.08,21
1669,1928,10,2025-02-18,1,52.15,1
1670,416,24,2024-12-02,1,25.27,27
1671,475,43,2024-09-10,3,142.83,2
1672,210,49,2025-07-16,4,176.72,2
1673,380,41,2025-08-14,3,171.93,40
1674,633,26,2026-08-19,2,109.28,16
1675,374,2,2025-01-28,1,53.74,21
1676,330,13,2026-07-25,4,69.84,5
1677,1572,23,2025-01-26,1,30.52,30
1678,324,12,2025-02-18,2,41.32,33
1679,515,49,2025-06-10,4,176.72,27
1680,1219,12,2025-05-16,2,41.32,13
1681,1500,7,2024-10-24,2,66.68,21
1682,1050,46,2025-07-01,4,127.08,34
1683,179,19,2026-04-23,2,102.66,24
1684,774,43,2026-01-26,2,95.22,28
1685,1787,49,2025-08-26,2,88.36,16
1686,1202,39,2025-07-29,1,52.22,10
1687,926,19,2024-11-04,4,205.32,33
1688,1830,22,2025-09-09,1,37.32,18
1689,856,17,2025-01-18,2,47.76,5
1690,1799,41,2025-05-03,2,114.62,16
1691,449,26,2026-05-19,3,163.92,8
1692,618,27,2026-03-21,1,22.5,34
1693,530,39,2025-06-13,4,208.88,34
1694,1079,13,2025-01-18,3,52.38,11
1695,285,32,2026-01-27,4,124.2,32
1696,903,6,2026-08-14,3,67.95,6
1697,238,19,2025-11-18,1,51.33,5
1698,1941,9,2025-07-19,2,45.2,17
1699,284,20,2025-03-06,1,45.17,37
1700,478,1,2025-03-07,1,51.77,23
1701,1987,28,2024-11-03,1,53.13,26
1702,437,2,2024-09-10,2,107.48,25
1703,444,31,2025-05-29,4,70.64,8
1704,695,7,2026-08-15,1,33.34,18
1705,1529,28,2026-06-30,1,53.13,26
1706,605,21,2025-08-20,1,12.84,30
1707,1165,42,2025-09-19,2,52.82,38
1708,8,45,2024-12-09,4,180.28,17
1709,786,24,2024-11-07,3,75.81,15
1710,1186,20,2025-06-18,4,180.68,34
1711,1246,17,2025-10-19,3,71.64,25
1712,742,31,2026-08-30,1,17.66,12
1713,1272,21,2025-09-23,2,25.68,22
1714,1314,47,2026-07-14,3,150.81,5
1715,1301,2,2025-02-22,1,53.74,24
1716,1833,25,2025-09-25,1,34.53,25
1717,933,16,2026-07-16,2,114.5,38
1718,1973,40,2025-11-30,1,33.63,7
1719,712,30,2026-08-17,3,132.54,6
1720,1522,33,2026-02-24,1,23.82,1
1721,1254,26,2026-03-16,1,54.64,13
1722,826,21,2026-07-04,1,12.84,18
1723,681,6,2025-11-19,2,45.3,3
1724,1004,27,2025-02-25,3,67.5,32
1725,343,12,2025-07-08,3,61.98,6
1726,650,50,2026-06-05,1,18.78,2
1727,1680,27,2024-10-13,3,67.5,13
1728,1671,31,2024-11-07,2,35.32,33
1729,1226,12,2025-06-12,4,82.64,6
1730,561,34,2026-01-17,1,36.89,15
1731,1985,26,2025-03-12,2,109.28,18
1732,693,39,2025-11-27,4,208.88,39
1733,1533,31,2024-12-28,1,17.66,33
1734,1730,45,2025-10-06,3,135.21,5
1735,1206,12,2025-12-03,4,82.64,10
1736,568,43,2024-09-23,1,47.61,24
1737,1281,46,2026-02-13,2,63.54,6
1738,837,31,2026-02-28,3,52.98,1
1739,1090,9,2026-02-27,4,90.4,33
1740,1792,44,2024-12-23,4,92.44,7
1741,1745,20,2026-02-14,2,90.34,17
1742,1071,47,2025-09-27,4,201.08,26
1743,138,26,2026-04-10,1,54.64,7
1744,1531,50,2024-11-21,4,75.12,19
1745,1894,24,2025-05-14,2,50.54,30
1746,709,3,2025-10-09,3,150.3,9
1747,1622,43,2026-08-03,2,95.22,1
1748,1397,15,2026-02-28,3,105.06,3
1749,1954,48,2026-04-28,4,57.08,35
1750,544,2,2025-11-01,1,53.74,2
1751,591,8,2026-04-13,4,71.72,11
1752,1188,19,2025-09-02,1,51.33,36
1753,635,4,2024-09-27,4,191.28,3
1754,229,7,2025-10-20,2,66.68,35
1755,1467,39,2025-07-14,1,52.22,36
1756,499,32,2025-10-03,2,62.1,31
1757,1325,1,2025-03-13,3,155.31,33
1758,1189,34,2025-02-27,1,36.89,4
1759,889,40,2025-04-14,4,134.52,8
1760,1250,8,2025-03-30,1,17.93,2
1761,98,49,2025-01-16,2,88.36,10
1762,397,44,2025-09-17,3,69.33,4
1763,1781,38,2024-12-10,3,58.89,8
1764,367,29,2024-11-08,1,40.3,5
1765,1981,30,2024-11-19,4,176.72,37
1766,1213,10,2026-01-28,1,52.15,24
1767,1709,39,2025-07-26,3,156.66,40
1768,1339,50,2025-04-06,3,56.34,18
1769,1640,27,2024-10-22,2,45.0,38
1770,1011,32,2025-11-30,2,62.1,11
1771,1572,8,2025-05-19,1,17.93,36
1772,537,28,2025-03-13,4,212.52,21
1773,1456,31,2025-04-04,3,52.98,32
1774,1441,49,2026-08-22,3,132.54,35
1775,1735,12,2025-02-20,3,61.98,7
1776,1403,47,2026-08-08,2,100.54,3
1777,1475,9,2025-03-15,2,45.2,40
1778,604,16,2025-10-05,1,57.25,34
1779,1880,6,2025-07-18,1,22.65,2
1780,1968,13,2025-10-28,4,69.84,22
1781,1046,34,2024-12-14,1,36.89,3
1782,666,12,2025-12-06,3,61.98,29
1783,1358,9,2026-02-12,1,22.6,1
1784,1416,8,2025-07-18,2,35.86,31
1785,480,24,2025-01-06,4,101.08,13
1786,929,32,2026-08-30,3,93.15,7
1787,1023,19,2026-04-13,2,102.66,26
1788,192,42,2025-11-08,1,26.41,30
1789,1801,30,2025-09-08,1,44.18,36
1790,1057,25,2025-04-23,2,69.06,30
1791,313,20,2025-07-02,3,135.51,17
1792,1992,8,2026-07-11,4,71.72,20
1793,842,14,2025-01-24,4,209.16,2
1794,1654,25,2026-08-07,2,69.06,9
1795,1850,43,2026-03-08,1,47.61,15
1796,1743,2,2025-02-10,2,107.48,39
1797,120,29,2025-05-31,2,80.6,1
1798,862,35,2026-05-21,2,31.88,18
1799,389,12,2025-04-25,1,20.66,8
1800,616,27,2025-01-25,4,90.0,12
1801,912,28,2025-08-05,4,212.52,28
1802,798,4,2025-10-05,2,95.64,22
1803,21,18,2024-09-26,1,37.59,34
1804,354,25,2024-09-16,3,103.59,11
1805,1691,8,2024-12-30,2,35.86,22
1806,1028,6,2026-01-06,1,22.65,23
1807,90,44,2025-01-10,1,23.11,20
1808,502,9,2025-04-19,4,90.4,32
1809,597,48,2025-04-02,4,57.08,5
1810,1359,37,2026-03-06,4,72.08,26
1811,1048,29,2024-11-01,3,120.9,27
1812,31,11,2026-03-19,4,55.96,16
1813,1300,34,2024-12-02,4,147.56,2
1814,749,24,2026-08-22,2,50.54,19
1815,224,13,2025-10-18,2,34.92,4
1816,1390,35,2026-04-16,4,63.76,18
1817,355,22,2026-01-19,4,149.28,3
1818,626,30,2025-08-24,3,132.54,37
1819,318,48,2026-06-05,2,28.54,7
1820,1393,7,2025-06-30,1,33.34,23
1821,1777,16,2026-04-10,1,57.25,39
1822,321,47,2025-12-19,4,201.08,38
1823,1597,48,2025-07-13,3,42.81,34
1824,674,12,2026-04-03,2,41.32,16
1825,308,10,2025-08-02,2,104.3,2
1826,790,25,2026-04-05,2,69.06,30
1827,1183,42,2026-07-08,3,79.23,20
1828,1268,2,2024-11-22,4,214.96,12
1829,1607,13,2025-03-02,3,52.38,13
1830,1663,23,2024-10-11,1,30.52,2
1831,1281,40,2025-09-10,1,33.63,9
1832,1713,21,2025-04-26,2,25.68,1
1833,400,7,2025-08-24,4,133.36,6
1834,812,8,2026-02-27,3,53.79,6
1835,1771,20,2025-06-06,1,45.17,1
1836,61,42,2024-11-05,2,52.82,5
1837,1337,30,2025-06-21,1,44.18,15
1838,1663,46,2026-08-14,3,95.31,16
1839,887,40,2026-02-07,2,67.26,37
1840,1362,3,2026-05-18,2,100.2,19
1841,1763,9,2026-01-25,3,67.8,40
1842,87,30,2025-06-05,3,132.54,30
1843,1681,3,2026-06-13,3,150.3,37
1844,164,40,2024-11-20,1,33.63,8
1845,40,48,2025-03-11,1,14.27,13
1846,339,47,2025-06-24,3,150.81,12
1847,480,17,2025-11-28,2,47.76,9
1848,1051,20,2025-01-26,1,45.17,9
1849,754,39,2025-12-23,1,52.22,10
1850,513,41,2026-08-10,2,114.62,35
1851,543,24,2025-11-23,4,101.08,18
1852,660,47,2025-12-16,3,150.81,23
1853,1407,50,2025-08-01,2,37.56,28
1854,1735,37,2025-04-28,4,72.08,32
1855,264,21,2026-02-28,1,12.84,3
1856,767,16,2025-05-01,4,229.0,21
1857,1112,4,2026-02-07,1,47.82,18
1858,108,1,2025-05-25,4,207.08,14
1859,1173,10,2024-09-26,3,156.45,1
1860,996,49,2024-12-03,4,176.72,36
1861,1952,35,2026-05-10,4,63.76,38
1862,1328,11,2025-08-21,1,13.99,34
1863,532,27,2025-01-13,2,45.0,25
1864,1768,36,2025-08-18,4,133.16,9
1865,583,18,2024-11-14,3,112.77,14
1866,1340,20,2025-04-28,2,90.34,4
1867,1516,9,2025-01-08,1,22.6,12
1868,1020,41,2025-10-31,3,171.93,27
1869,316,39,2024-09-19,1,52.22,5
1870,1216,14,2024-12-21,3,156.87,16
1871,1530,1,2025-03-21,4,207.08,20
1872,738,40,2025-06-20,2,67.26,12
1873,198,13,2024-12-25,2,34.92,3
1874,332,36,2025-01-13,3,99.87,2
1875,1757,28,2025-04-30,2,106.26,6
1876,151,13,2025-12-24,2,34.92,28
1877,112,16,2025-05-19,2,114.5,8
1878,36,26,2025-10-25,4,218.56,1
1879,93,11,2024-12-13,4,55.96,18
1880,90,26,2025-07-21,1,54.64,16
1881,82,15,2024-10-27,3,105.06,14
1882,84,48,2024-10-30,1,14.27,24
1883,809,16,2026-06-12,2,114.5,35
1884,1526,47,2025-07-26,3,150.81,21
1885,509,31,2026-03-20,1,17.66,15
1886,1260,38,2024-11-30,2,39.26,11
1887,750,48,2026-02-04,4,57.08,29
1888,1188,22,2025-04-07,2,74.64,38
1889,945,38,2025-05-30,1,19.63,31
1890,137,5,2024-12-21,1,54.23,8
1891,515,47,2024-11-15,4,201.08,1
1892,1795,15,2025-06-06,2,70.04,34
1893,1220,12,2024-09-12,3,61.98,10
1894,1830,8,2024-09-24,1,17.93,36
1895,975,22,2025-03-23,2,74.64,31
1896,1266,18,2024-11-13,4,150.36,18
1897,656,34,2025-02-20,2,73.78,36
1898,212,42,2025-01-21,3,79.23,23
1899,1092,49,2026-01-22,1,44.18,18
1900,1047,19,2026-05-11,4,205.32,34
1901,1420,40,2026-05-22,1,33.63,33
1902,1642,7,2025-02-23,1,33.34,7
1903,126,38,2026-02-13,1,19.63,18
1904,1510,12,2026-07-17,2,41.32,24
1905,1286,1,2025-03-22,4,207.08,29
1906,88,2,2025-09-01,3,161.22,30
1907,1771,10,2025-12-18,2,104.3,4
1908,1580,27,2026-08-03,3,67.5,28
1909,1181,15,2025-08-17,4,140.08,26
1910,1233,23,2025-04-15,1,30.52,2
1911,1963,7,2026-04-21,1,33.34,5
1912,1734,11,2025-07-07,3,41.97,8
1913,631,34,2026-05-09,1,36.89,4
1914,1136,43,2025-08-09,1,47.61,31
1915,910,48,2026-04-14,3,42.81,8
1916,674,38,2025-10-04,2,39.26,13
1917,1985,12,2024-09-19,2,41.32,21
1918,1524,17,2025-01-06,3,71.64,21
1919,1697,42,2026-06-25,2,52.82,16
1920,1899,31,2026-03-15,3,52.98,29
1921,978,19,2026-04-18,1,51.33,1
1922,1832,39,2024-09-12,1,52.22,9
1923,390,14,2025-05-11,4,209.16,10
1924,134,9,2025-05-08,3,67.8,31
1925,1849,31,2026-06-04,4,70.64,4
1926,1480,41,2025-06-18,4,229.24,22
1927,768,40,2026-04-03,4,134.52,11
1928,631,17,2026-02-16,1,23.88,3
1929,1410,5,2026-03-27,4,216.92,9
1930,1276,4,2025-08-26,4,191.28,23
1931,810,35,2026-01-24,2,31.88,17
1932,880,3,2024-11-30,3,150.3,7
1933,1234,1,2026-08-11,1,51.77,12
1934,1697,41,2026-03-05,2,114.62,22
1935,372,4,2025-10-23,4,191.28,14
1936,409,6,2025-07-12,4,90.6,14
1937,1311,49,2025-07-10,1,44.18,16
1938,263,31,2025-11-07,4,70.64,35
1939,817,20,2025-01-12,3,135.51,12
1940,458,21,2025-05-18,3,38.52,23
1941,1943,2,2026-09-05,3,161.22,23
1942,155,26,2025-04-01,1,54.64,39
1943,528,23,2025-01-06,1,30.52,1
1944,451,37,2025-04-14,1,18.02,26
1945,389,21,2026-07-03,3,38.52,34
1946,1636,21,2026-04-04,3,38.52,27
1947,1194,8,2024-12-02,4,71.72,31
1948,1433,29,2025-03-12,3,120.9,30
1949,682,13,2025-10-11,3,52.38,32
1950,1680,15,2026-03-08,1,35.02,21
1951,554,4,2025-12-18,3,143.46,14
1952,849,38,2025-08-31,3,58.89,38
1953,575,15,2026-01-16,2,70.04,24
1954,263,38,2025-10-08,3,58.89,21
1955,1276,36,2025-10-03,2,66.58,5
1956,1151,11,2024-12-09,1,13.99,22
1957,1790,36,2024-12-07,2,66.58,15
1958,1272,49,2026-04-28,2,88.36,10
1959,1272,37,2025-09-21,1,18.02,19
1960,171,26,2025-04-11,4,218.56,27
1961,914,38,2025-02-18,3,58.89,27
1962,177,24,2026-07-14,3,75.81,22
1963,396,16,2025-08-18,1,57.25,12
1964,1751,17,2026-06-16,4,95.52,9
1965,1711,13,2026-03-18,3,52.38,9
1966,1657,33,2025-10-30,2,47.64,30
1967,817,49,2025-01-13,3,132.54,11
1968,55,10,2026-01-04,4,208.6,33
1969,249,3,2024-12-10,2,100.2,3
1970,856,10,2025-05-09,3,156.45,23
1971,1284,45,2025-12-08,1,45.07,35
1972,1546,39,2026-07-17,3,156.66,34
1973,269,21,2025-11-25,4,51.36,10
1974,1837,2,2025-04-16,2,107.48,16
1975,117,30,2025-11-28,1,44.18,35
1976,787,28,2025-04-21,3,159.39,30
1977,486,13,2025-03-02,2,34.92,16
1978,362,40,2026-02-23,1,33.63,36
1979,72,4,2024-10-23,2,95.64,36
1980,202,35,2025-03-13,2,31.88,18
1981,1398,35,2026-09-06,2,31.88,17
1982,948,18,2025-03-19,3,112.77,26
1983,462,40,2026-02-24,1,33.63,14
1984,619,17,2025-06-15,3,71.64,14
1985,1307,34,2026-01-20,1,36.89,34
1986,219,37,2026-06-25,4,72.08,40
1987,272,4,2025-04-12,1,47.82,13
1988,1259,21,2026-02-27,1,12.84,21
1989,429,47,2024-09-16,3,150.81,4
1990,1012,33,2025-05-01,3,71.46,37
1991,1603,14,2025-03-07,1,52.29,40
1992,1387,8,2025-09-27,2,35.86,34
1993,1815,34,2025-01-31,4,147.56,31
1994,829,25,2025-10-11,4,138.12,4
1995,94,20,2025-04-01,2,90.34,39
1996,625,20,2024-10-16,2,90.34,31
1997,1102,35,2026-05-17,4,63.76,3
1998,1402,18,2024-12-22,1,37.59,22
1999,1833,10,2024-11-24,3,156.45,25
2000,407,34,2024-11-11,3,110.67,35
2001,1180,20,2025-10-03,4,180.68,14
2002,1515,44,2026-07-01,4,92.44,25
2003,1053,17,2025-07-25,2,47.76,26
2004,929,47,2026-05-14,1,50.27,18
2005,1986,48,2025-05-28,1,14.27,31
2006,1595,36,2026-08-05,2,66.58,32
2007,1689,29,2026-01-03,4,161.2,37
2008,1089,24,2026-05-06,3,75.81,3
2009,631,28,2025-12-25,4,212.52,2
2010,778,38,2026-01-29,1,19.63,17
2011,1676,32,2025-05-16,4,124.2,39
2012,1905,5,2026-05-09,1,54.23,13
2013,1097,2,2026-08-01,4,214.96,27
2014,1723,9,2025-10-06,4,90.4,19
2015,674,34,2025-09-08,4,147.56,34
2016,1916,38,2025-06-07,3,58.89,8
2017,1663,11,2026-07-11,3,41.97,20
2018,569,1,2025-11-23,1,51.77,27
2019,476,33,2026-08-30,4,95.28,1
2020,1461,50,2024-12-03,3,56.34,25
2021,1458,25,2025-01-10,2,69.06,16
2022,1266,40,2025-06-21,2,67.26,15
2023,277,10,2026-06-29,1,52.15,30
2024,847,16,2025-05-28,2,114.5,39
2025,1404,15,2024-10-21,3,105.06,39
2026,991,46,2026-07-23,3,95.31,13
2027,1853,21,2024-11-25,4,51.36,23
2028,1691,6,2025-05-08,4,90.6,18
2029,122,44,2025-10-10,1,23.11,36
2030,175,8,2025-03-01,1,17.93,40
2031,234,31,2024-11-08,2,35.32,3
2032,381,12,2026-06-13,4,82.64,7
2033,784,11,2025-03-28,2,27.98,24
2034,45,24,2024-11-04,1,25.27,34
2035,1184,41,2025-02-19,1,57.31,40
2036,1278,31,2024-12-14,3,52.98,17
2037,1132,16,2026-03-14,4,229.0,30
2038,733,13,2025-11-24,1,17.46,23
2039,1418,19,2026-04-06,2,102.66,31
2040,1635,31,2025-05-10,2,35.32,20
2041,25,8,2026-03-15,4,71.72,31
2042,459,20,2025-05-18,1,45.17,27
2043,1950,42,2025-05-05,4,105.64,36
2044,1255,26,2025-12-08,4,218.56,33
2045,1592,31,2026-03-21,2,35.32,35
2046,268,18,2025-04-27,1,37.59,5
2047,346,20,2026-01-05,1,45.17,24
2048,729,49,2025-06-26,4,176.72,39
2049,755,11,2025-05-05,3,41.97,28
2050,819,26,2025-08-02,1,54.64,26
2051,87,42,2026-05-23,1,26.41,17
2052,28,37,2025-06-22,3,54.06,34
2053,784,36,2025-10-09,4,133.16,39
2054,663,43,2026-03-04,1,47.61,37
2055,1633,16,2024-10-27,4,229.0,40
2056,202,44,2025-02-17,3,69.33,19
2057,1125,48,2026-03-15,1,14.27,14
2058,1499,22,2025-01-18,1,37.32,24
2059,42,31,2025-08-18,1,17.66,26
2060,880,1,2026-07-27,3,155.31,33
2061,399,38,2024-12-03,1,19.63,36
2062,1399,26,2025-10-12,4,218.56,18
2063,338,32,2025-01-03,4,124.2,21
2064,1502,30,2025-05-01,2,88.36,24
2065,618,44,2026-06-15,3,69.33,15
2066,309,46,2025-04-12,1,31.77,27
2067,1680,44,2026-03-28,4,92.44,37
2068,704,23,2025-08-28,4,122.08,19
2069,1762,26,2026-01-29,1,54.64,13
2070,1200,37,2026-04-04,2,36.04,39
2071,974,10,2025-06-27,2,104.3,7
2072,628,50,2026-03-13,3,56.34,13
2073,1552,43,2026-04-30,2,95.22,36
2074,210,21,2024-09-23,2,25.68,40
2075,204,10,2025-07-23,2,104.3,12
2076,840,10,2026-03-10,1,52.15,35
2077,166,2,2025-05-23,2,107.48,40
2078,1434,17,2026-02-04,2,47.76,17
2079,1834,44,2026-07-09,1,23.11,33
2080,1294,21,2025-01-13,1,12.84,6
2081,247,48,2026-03-13,2,28.54,28
2082,1151,2,2026-02-18,4,214.96,25
2083,1555,33,2025-09-29,1,23.82,20
2084,1071,10,2025-10-03,3,156.45,27
2085,416,50,2025-06-20,3,56.34,33
2086,1255,16,2025-08-22,3,171.75,33
2087,1216,50,2025-03-01,4,75.12,17
2088,1931,19,2025-07-10,4,205.32,18
2089,305,26,2025-02-21,2,109.28,28
2090,976,41,2025-03-06,2,114.62,16
2091,1626,18,2026-05-30,3,112.77,29
2092,477,16,2026-08-03,1,57.25,27
2093,1097,15,2025-04-28,2,70.04,22
2094,639,38,2026-06-02,1,19.63,38
2095,1480,1,2025-05-26,1,51.77,14
2096,1903,17,2026-01-10,1,23.88,19
2097,51,28,2025-11-03,4,212.52,38
2098,1779,12,2026-05-21,4,82.64,21
2099,1671,10,2026-05-06,4,208.6,29
2100,732,12,2025-12-30,4,82.64,31
2101,1325,45,2025-03-31,3,135.21,12
2102,1338,32,2026-09-06,2,62.1,34
2103,393,33,2025-11-08,3,71.46,19
2104,1020,44,2026-05-17,2,46.22,34
2105,349,24,2025-04-24,2,50.54,20
2106,541,48,2025-11-30,2,28.54,27
2107,663,12,2025-04-12,4,82.64,26
2108,269,50,2026-04-25,3,56.34,2
2109,761,49,2025-09-04,4,176.72,28
2110,898,33,2025-03-10,1,23.82,31
2111,1522,34,2024-11-21,2,73.78,20
2112,1394,6,2026-07-19,2,45.3,12
2113,1398,21,2026-06-09,4,51.36,26
2114,509,30,2024-12-23,2,88.36,7
2115,630,47,2026-09-04,1,50.27,3
2116,1118,25,2025-05-08,4,138.12,7
2117,1372,46,2025-09-07,2,63.54,6
2118,1593,14,2026-02-08,2,104.58,2
2119,697,34,2026-02-18,4,147.56,37
2120,1202,19,2024-10-09,2,102.66,16
2121,335,31,2026-03-09,2,35.32,18
2122,964,1,2025-03-28,3,155.31,19
2123,574,29,2024-09-19,4,161.2,34
2124,260,28,2026-02-08,2,106.26,21
2125,498,23,2026-07-21,2,61.04,31
2126,1579,34,2026-02-28,2,73.78,24
2127,1106,47,2026-04-05,2,100.54,2
2128,937,2,2025-12-21,1,53.74,16
2129,1594,18,2024-12-13,1,37.59,16
2130,358,46,2025-10-02,4,127.08,31
2131,1929,35,2025-05-31,4,63.76,6
2132,634,33,2025-03-27,4,95.28,1
2133,963,5,2026-04-03,2,108.46,4
2134,832,38,2026-02-10,3,58.89,23
2135,645,34,2025-03-02,1,36.89,16
2136,1944,17,2024-09-14,4,95.52,29
2137,1514,48,2026-07-31,2,28.54,17
2138,442,30,2025-06-03,2,88.36,32
2139,1300,37,2025-08-24,1,18.02,37
2140,987,5,2025-02-09,3,162.69,38
2141,289,21,2025-06-03,1,12.84,39
2142,939,15,2026-04-30,3,105.06,14
2143,1736,42,2025-08-31,1,26.41,25
2144,1133,29,2025-09-20,1,40.3,14
2145,454,12,2026-01-11,2,41.32,8
2146,206,5,2025-11-24,3,162.69,13
2147,1423,48,2025-03-12,3,42.81,24
2148,250,22,2025-04-14,3,111.96,10
2149,474,41,2025-07-13,2,114.62,36
2150,600,14,2025-08-19,1,52.29,5
2151,7,14,2024-10-04,4,209.16,31
2152,1161,9,2025-08-02,2,45.2,6
2153,734,38,2026-07-01,4,78.52,13
2154,1202,44,2025-10-11,4,92.44,1
2155,908,26,2026-06-17,1,54.64,24
2156,311,10,2026-05-07,1,52.15,18
2157,443,29,2025-09-22,2,80.6,8
2158,1797,6,2026-03-15,3,67.95,17
2159,538,11,2026-03-14,4,55.96,40
2160,833,18,2025-11-15,1,37.59,6
2161,1753,41,2025-01-22,4,229.24,28
2162,1448,8,2025-02-06,3,53.79,14
2163,1568,29,2025-05-23,2,80.6,32
2164,1622,22,2025-09-08,4,149.28,16
2165,925,14,2026-03-05,1,52.29,6
2166,1681,38,2025-08-07,2,39.26,10
2167,1470,33,2025-04-14,4,95.28,4
2168,1316,13,2025-05-30,3,52.38,10
2169,1622,50,2025-09-08,4,75.12,5
2170,343,39,2025-01-05,2,104.44,18
2171,403,6,2026-04-04,3,67.95,14
2172,1720,31,2025-01-26,2,35.32,23
2173,1393,22,2024-09-17,3,111.96,13
2174,563,12,2025-12-30,4,82.64,30
2175,1768,6,2025-10-02,3,67.95,37
2176,142,4,2024-12-18,2,95.64,2
2177,1829,10,2025-04-27,2,104.3,18
2178,62,22,2025-01-21,3,111.96,33
2179,1356,31,2024-12-23,2,35.32,33
2180,764,3,2026-05-21,3,150.3,32
2181,1664,23,2025-12-15,1,30.52,4
2182,514,46,2025-08-23,2,63.54,40
2183,1825,37,2024-10-06,2,36.04,40
2184,1275,14,2026-06-24,2,104.58,24
2185,1890,13,2026-05-13,1,17.46,30
2186,522,2,2025-02-14,2,107.48,31
2187,140,19,2026-02-12,1,51.33,26
2188,1455,44,2026-06-17,1,23.11,3
2189,556,42,2025-01-17,4,105.64,13
2190,1594,6,2025-11-26,3,67.95,16
2191,925,30,2026-07-02,4,176.72,35
2192,1255,43,2025-01-13,3,142.83,15
2193,1804,6,2025-07-28,4,90.6,21
2194,877,32,2025-03-10,1,31.05,8
2195,1751,21,2025-02-12,3,38.52,30
2196,842,20,2025-08-17,4,180.68,3
2197,693,44,2024-09-21,2,46.22,18
2198,1499,40,2025-12-01,2,67.26,29
2199,1258,25,2026-06-15,1,34.53,14
2200,1563,24,2025-10-10,2,50.54,27
2201,1181,31,2025-05-24,3,52.98,40
2202,58,42,2025-01-15,3,79.23,4
2203,1329,29,2026-01-26,3,120.9,36
2204,1444,18,2024-11-26,4,150.36,11
2205,1532,41,2025-09-26,1,57.31,21
2206,1929,50,2025-01-14,2,37.56,11
2207,708,12,2025-06-19,2,41.32,34
2208,1160,27,2025-03-28,1,22.5,37
2209,1247,16,2024-12-04,4,229.0,23
2210,874,13,2024-11-16,1,17.46,34
2211,1500,12,2025-06-21,1,20.66,9
2212,835,20,2025-11-02,4,180.68,19
2213,1432,3,2026-07-21,2,100.2,30
2214,1852,23,2025-08-12,2,61.04,40
2215,918,31,2024-10-09,1,17.66,21
2216,844,4,2025-05-12,1,47.82,27
2217,1824,38,2025-09-08,2,39.26,39
2218,1426,28,2025-07-10,3,159.39,14
2219,792,2,2025-02-21,1,53.74,32
2220,216,11,2024-11-11,1,13.99,17
2221,60,11,2026-06-11,3,41.97,9
2222,398,23,2026-06-16,1,30.52,7
2223,715,41,2025-11-09,4,229.24,29
2224,502,46,2025-05-19,3,95.31,30
2225,1155,2,2024-11-25,3,161.22,6
2226,1924,19,2026-01-28,1,51.33,5
2227,375,21,2026-05-01,1,12.84,11
2228,944,27,2026-08-08,3,67.5,21
2229,1736,43,2025-04-17,1,47.61,27
2230,391,8,2026-03-10,4,71.72,33
2231,489,8,2026-05-08,4,71.72,25
2232,1233,50,2026-06-15,3,56.34,37
2233,1919,39,2026-07-12,2,104.44,4
2234,443,44,2026-05-17,3,69.33,38
2235,368,32,2024-09-18,3,93.15,33
2236,1301,50,2025-07-24,1,18.78,20
2237,900,47,2026-03-11,4,201.08,18
2238,1496,50,2024-11-20,4,75.12,7
2239,1151,30,2025-04-22,1,44.18,15
2240,692,44,2026-01-06,4,92.44,33
2241,888,46,2025-08-29,4,127.08,17
2242,205,43,2025-10-27,4,190.44,19
2243,1446,9,2025-11-17,1,22.6,13
2244,215,33,2026-01-23,1,23.82,32
2245,616,6,2025-08-16,4,90.6,27
2246,1994,47,2025-01-31,4,201.08,34
2247,396,12,2025-07-11,4,82.64,38
2248,1738,3,2025-05-18,2,100.2,27
2249,1225,11,2025-08-17,4,55.96,39
2250,915,6,2024-11-08,4,90.6,29
2251,846,44,2026-09-06,1,23.11,3
2252,1682,25,2025-11-14,4,138.12,15
2253,1330,36,2025-02-12,3,99.87,16
2254,1370,28,2026-05-28,1,53.13,13
2255,1051,33,2025-11-14,4,95.28,16
2256,1655,37,2025-05-21,3,54.06,29
2257,1605,34,2026-04-28,2,73.78,38
2258,498,12,2026-04-25,3,61.98,9
2259,904,33,2024-12-15,3,71.46,26
2260,945,8,2026-05-26,2,35.86,32
2261,143,6,2026-04-02,2,45.3,3
2262,1681,38,2026-05-13,3,58.89,1
2263,991,15,2026-04-07,3,105.06,8
2264,800,44,2026-03-10,2,46.22,37
2265,734,36,2025-11-20,1,33.29,9
2266,239,36,2025-07-17,2,66.58,7
2267,1574,38,2025-06-07,2,39.26,15
2268,1378,20,2025-02-02,3,135.51,15
2269,1359,22,2026-05-10,2,74.64,24
2270,1814,13,2026-06-17,3,52.38,12
2271,279,25,2025-05-13,2,69.06,20
2272,398,22,2025-11-12,4,149.28,37
2273,1902,7,2024-09-19,3,100.02,29
2274,1967,45,2025-09-30,2,90.14,25
2275,1239,14,2025-10-21,2,104.58,28
2276,380,17,2025-06-30,1,23.88,34
2277,956,50,2025-04-19,1,18.78,24
2278,1386,24,2025-11-13,1,25.27,35
2279,857,41,2025-06-21,2,114.62,8
2280,1172,37,2026-03-17,2,36.04,7
2281,1800,25,2026-05-27,1,34.53,25
2282,403,46,2025-08-28,2,63.54,34
2283,1240,44,2026-06-21,2,46.22,8
2284,814,37,2026-01-31,4,72.08,14
2285,1650,26,2026-02-11,1,54.64,22
2286,1239,28,2026-09-06,1,53.13,12
2287,1725,39,2025-09-05,1,52.22,23
2288,1997,50,2025-05-17,1,18.78,26
2289,573,32,2025-07-27,3,93.15,18
2290,1905,16,2025-02-10,1,57.25,3
2291,605,4,2025-02-28,2,95.64,25
2292,199,25,2025-08-22,2,69.06,39
2293,970,30,2026-03-19,4,176.72,3
2294,1819,3,2025-11-07,2,100.2,37
2295,1664,23,2026-01-16,2,61.04,35
2296,676,36,2026-05-04,4,133.16,37
2297,1250,26,2024-09-22,3,163.92,10
2298,1274,19,2025-11-15,2,102.66,3
2299,1611,13,2025-12-10,4,69.84,28
2300,145,36,2026-08-08,2,66.58,4
2301,241,43,2026-01-30,2,95.22,40
2302,47,40,2026-04-20,4,134.52,27
2303,981,36,2024-10-02,1,33.29,2
2304,794,50,2025-04-30,4,75.12,11
2305,1314,21,2025-05-31,1,12.84,9
2306,1468,38,2026-01-14,1,19.63,40
2307,514,44,2026-05-10,2,46.22,16
2308,1509,50,2026-07-22,4,75.12,6
2309,1409,42,2025-12-27,2,52.82,14
2310,392,12,2025-06-05,4,82.64,12
2311,743,12,2025-02-19,2,41.32,27
2312,681,36,2025-04-18,2,66.58,31
2313,1401,9,2024-10-05,2,45.2,19
2314,628,46,2024-12-18,4,127.08,4
2315,361,20,2025-10-22,2,90.34,4
2316,708,11,2025-04-04,3,41.97,33
2317,1727,24,2025-07-25,3,75.81,32
2318,132,21,2025-10-27,4,51.36,28
2319,199,21,2026-05-23,3,38.52,40
2320,117,26,2026-02-06,4,218.56,7
2321,493,50,2026-02-28,1,18.78,8
2322,61,31,2025-06-21,3,52.98,7
2323,364,29,2024-12-10,2,80.6,18
2324,302,7,2025-02-27,4,133.36,15
2325,386,15,2026-02-26,3,105.06,33
2326,1141,17,2025-10-02,3,71.64,24
2327,1710,15,2025-08-23,3,105.06,22
2328,211,31,2025-05-10,4,70.64,33
2329,1828,48,2026-05-08,2,28.54,38
2330,831,14,2025-03-08,4,209.16,40
2331,102,47,2026-04-18,1,50.27,20
2332,369,12,2025-08-09,1,20.66,28
2333,876,30,2024-09-30,3,132.54,27
2334,1185,8,2026-02-07,1,17.93,25
2335,402,33,2025-08-05,4,95.28,27
2336,903,41,2025-03-07,3,171.93,16
2337,1551,27,2025-01-12,4,90.0,6
2338,245,19,2025-02-26,1,51.33,7
2339,1769,9,2024-10-28,1,22.6,9
2340,1247,37,2025-10-17,3,54.06,14
2341,944,3,2026-06-18,2,100.2,27
2342,730,15,2025-12-21,4,140.08,31
2343,838,24,2026-07-31,4,101.08,8
2344,544,18,2026-07-19,3,112.77,14
2345,1608,49,2025-11-29,4,176.72,4
2346,1268,19,2025-04-10,4,205.32,6
2347,176,44,2025-09-28,1,23.11,28
2348,1643,39,2025-09-28,3,156.66,39
2349,70,36,2026-06-12,4,133.16,15
2350,1916,34,2026-04-27,2,73.78,20
2351,1015,36,2025-11-04,4,133.16,11
2352,105,31,2026-07-13,4,70.64,22
2353,34,48,2025-03-25,1,14.27,27
2354,1894,29,2026-01-04,2,80.6,31
2355,621,15,2025-08-18,4,140.08,30
2356,33,24,2026-06-19,3,75.81,23
2357,435,40,2026-01-29,4,134.52,31
2358,1257,36,2025-03-08,1,33.29,10
2359,1350,10,2025-08-10,1,52.15,8
2360,336,15,2025-11-11,1,35.02,18
2361,297,8,2025-08-29,2,35.86,10
2362,720,45,2025-06-13,4,180.28,27
2363,527,13,2025-11-19,2,34.92,32
2364,1884,29,2025-06-16,1,40.3,28
2365,958,16,2025-04-13,3,171.75,13
2366,155,35,2025-09-23,2,31.88,27
2367,909,15,2026-03-04,3,105.06,13
2368,1614,22,2024-09-09,2,74.64,28
2369,998,28,2025-10-22,1,53.13,6
2370,1524,34,2026-08-12,2,73.78,21
2371,869,22,2026-06-03,1,37.32,13
2372,47,13,2026-07-14,2,34.92,38
2373,189,47,2025-09-04,1,50.27,5
2374,706,25,2025-07-20,2,69.06,30
2375,1193,8,2025-01-26,4,71.72,31
2376,245,40,2025-04-21,1,33.63,25
2377,237,2,2026-05-21,3,161.22,11
2378,177,20,2025-08-21,2,90.34,21
2379,197,48,2025-10-20,2,28.54,8
2380,1860,25,2026-02-15,3,103.59,5
2381,780,21,2025-01-22,2,25.68,13
2382,420,49,2025-10-20,4,176.72,21
2383,860,37,2025-12-21,1,18.02,17
2384,61,33,2024-11-11,1,23.82,12
2385,589,47,2025-06-19,2,100.54,36
2386,301,25,2026-02-23,2,69.06,5
2387,1235,31,2026-07-14,3,52.98,19
2388,1525,10,2024-12-24,2,104.3,38
2389,1440,9,2024-10-26,2,45.2,15
2390,577,13,2026-02-15,2,34.92,34
2391,1893,20,2026-07-14,3,135.51,6
2392,1542,47,2025-08-15,2,100.54,6
2393,1280,12,2024-09-23,1,20.66,36
2394,1960,13,2026-09-07,4,69.84,26
2395,946,11,2025-10-18,3,41.97,1
2396,1894,26,2024-09-17,4,218.56,28
2397,206,19,2025-04-16,3,153.99,25
2398,90,27,2025-07-05,2,45.0,29
2399,1016,21,2025-07-28,2,25.68,18
2400,1022,49,2026-08-14,1,44.18,33
2401,1201,12,2024-09-27,2,41.32,29
2402,748,41,2026-02-20,4,229.24,29
2403,1667,44,2024-10-08,3,69.33,27
2404,262,42,2025-12-30,4,105.64,33
2405,164,2,2024-09-30,3,161.22,28
2406,317,3,2025-08-18,1,50.1,24
2407,453,37,2025-07-05,2,36.04,6
2408,1092,47,2025-05-15,2,100.54,5
2409,1012,25,2026-04-02,1,34.53,24
2410,1468,27,2025-10-22,1,22.5,33
2411,1786,27,2025-11-04,1,22.5,38
2412,827,3,2025-12-28,3,150.3,35
2413,1227,34,2026-06-11,2,73.78,23
2414,1042,9,2026-03-25,1,22.6,21
2415,1592,33,2026-07-06,3,71.46,29
2416,184,21,2025-03-30,1,12.84,10
2417,968,12,2026-01-28,4,82.64,18
2418,1218,45,2024-11-24,3,135.21,34
2419,1052,13,2026-07-07,4,69.84,16
2420,654,26,2025-04-29,4,218.56,16
2421,1273,22,2025-10-27,4,149.28,4
2422,320,48,2026-04-26,1,14.27,40
2423,2000,9,2025-10-19,3,67.8,18
2424,685,7,2025-06-24,1,33.34,39
2425,205,12,2024-12-09,2,41.32,8
2426,652,17,2025-08-27,1,23.88,18
2427,456,43,2025-05-17,2,95.22,22
2428,978,18,2024-11-14,4,150.36,13
2429,388,46,2025-09-02,1,31.77,40
2430,374,50,2025-03-16,4,75.12,1
2431,903,37,2025-12-11,1,18.02,21
2432,565,1,2025-10-28,2,103.54,21
2433,1475,20,2025-02-05,4,180.68,19
2434,111,47,2026-08-25,1,50.27,10
2435,1460,1,2024-09-11,1,51.77,13
2436,1694,32,2025-04-02,2,62.1,6
2437,849,25,2026-07-14,4,138.12,24
2438,1115,40,2025-03-25,3,100.89,10
2439,1387,10,2025-12-03,2,104.3,32
2440,497,5,2026-03-17,2,108.46,8
2441,1118,46,2025-06-09,1,31.77,3
2442,594,38,2025-12-17,1,19.63,16
2443,811,40,2026-05-01,2,67.26,17
2444,88,26,2024-12-28,1,54.64,37
2445,826,46,2025-02-11,1,31.77,34
2446,1185,6,2024-11-01,2,45.3,38
2447,1140,23,2025-06-27,1,30.52,20
2448,1727,40,2025-08-06,4,134.52,10
2449,362,33,2026-01-19,2,47.64,33
2450,1880,25,2025-11-16,4,138.12,11
2451,58,33,2025-03-03,4,95.28,39
2452,348,45,2024-10-17,3,135.21,5
2453,1966,8,2026-01-18,1,17.93,12
2454,460,5,2025-12-30,2,108.46,26
2455,778,27,2026-07-31,1,22.5,40
2456,1438,35,2024-10-10,2,31.88,7
2457,1176,26,2026-05-22,1,54.64,33
2458,67,28,2026-09-02,4,212.52,29
2459,1221,26,2025-05-26,1,54.64,34
2460,1014,34,2026-07-12,2,73.78,8
2461,1874,27,2024-12-27,3,67.5,11
2462,1177,47,2025-04-25,1,50.27,16
2463,1635,32,2024-12-26,2,62.1,32
2464,1860,25,2025-03-14,1,34.53,31
2465,1619,13,2025-06-28,4,69.84,15
2466,1154,34,2025-07-06,3,110.67,39
2467,410,12,2026-06-13,1,20.66,16
2468,577,16,2025-12-24,2,114.5,14
2469,1257,6,2026-05-17,2,45.3,25
2470,832,34,2025-03-24,2,73.78,4
2471,1590,48,2025-04-14,3,42.81,10
2472,86,44,2025-10-29,1,23.11,25
2473,378,14,2025-11-12,1,52.29,37
2474,245,36,2025-05-21,4,133.16,24
2475,1881,12,2026-01-13,3,61.98,10
2476,752,45,2026-07-15,2,90.14,27
2477,1230,2,2025-01-07,4,214.96,31
2478,1741,7,2026-06-22,2,66.68,7
2479,1688,42,2026-02-10,3,79.23,34
2480,1589,15,2025-05-27,2,70.04,29
2481,1561,38,2025-03-11,1,19.63,23
2482,331,19,2025-03-18,1,51.33,21
2483,1194,2,2025-03-27,3,161.22,26
2484,71,6,2026-03-17,3,67.95,9
2485,383,44,2025-10-08,1,23.11,5
2486,121,30,2026-08-27,1,44.18,23
2487,374,49,2025-06-25,3,132.54,27
2488,1257,42,2024-12-14,2,52.82,36
2489,328,19,2025-03-04,3,153.99,19
2490,981,34,2024-11-10,3,110.67,10
2491,1024,44,2026-02-14,1,23.11,28
2492,495,40,2026-03-10,4,134.52,22
2493,1385,12,2025-01-13,3,61.98,25
2494,633,33,2025-10-16,3,71.46,38
2495,1664,24,2024-10-11,2,50.54,19
2496,1961,4,2025-09-09,3,143.46,20
2497,1723,7,2026-07-03,4,133.36,30
2498,795,47,2025-07-19,3,150.81,3
2499,1317,37,2025-02-28,2,36.04,5
2500,1194,3,2025-06-08,2,100.2,8
2501,1323,43,2024-08-23,3,142.83,34
2502,513,18,2025-07-14,2,75.18,2
2503,1932,14,2024-07-30,1,52.29,12
2504,526,8,2024-10-17,5,89.65,16
2505,1738,25,2025-02-26,2,69.06,27
2506,435,29,2024-04-13,2,80.6,18
2507,984,28,2025-11-27,5,265.65,4
2508,10,9,2025-12-22,4,90.4,3
2509,727,10,2024-11-13,2,104.3,7
2510,1949,50,2023-10-14,2,37.56,25
2511,1017,41,2025-06-01,5,286.55,28
2512,827,38,2025-12-08,5,98.15,29
2513,299,20,2026-06-28,2,90.34,1
2514,1456,21,2024-09-03,1,12.84,32
2515,806,14,2026-02-12,1,52.29,30
2516,60,38,2024-01-01,2,39.26,14
2517,1280,45,2023-10-12,3,135.21,1
2518,701,22,2025-03-01,1,37.32,28
2519,599,33,2024-09-26,4,95.28,36
2520,29,36,2025-01-19,4,133.16,33
2521,1021,11,2024-10-25,5,69.95,37
2522,1765,2,2026-03-22,4,214.96,2
2523,325,48,2026-01-02,1,14.27,7
2524,934,1,2024-05-06,2,103.54,19
2525,1680,8,2024-05-15,3,53.79,24
2526,1636,1,2025-01-10,4,207.08,35
2527,759,26,2024-11-26,1,54.64,33
2528,111,46,2024-04-10,1,31.77,2
2529,680,47,2024-03-25,1,50.27,2
2530,1470,30,2026-04-19,2,88.36,2
2531,1569,42,2024-07-07,3,79.23,11
2532,1051,27,2026-08-24,5,112.5,5
2533,1561,45,2026-03-17,2,90.14,4
2534,1316,7,2024-10-01,4,133.36,31
2535,71,13,2024-07-20,4,69.84,21
2536,436,36,2025-10-17,3,99.87,16
2537,66,13,2025-05-20,1,17.46,1
2538,655,18,2025-11-21,4,150.36,10
2539,392,27,2024-06-14,2,45.0,31
2540,1054,15,2025-08-17,2,70.04,11
2541,1236,22,2025-02-16,2,74.64,22
2542,473,38,2023-12-12,2,39.26,7
2543,1334,18,2023-10-28,5,187.95,19
2544,885,24,2024-01-21,4,101.08,2
2545,445,10,2024-10-08,1,52.15,22
2546,515,19,2025-08-11,2,102.66,11
2547,677,42,2024-03-23,2,52.82,36
2548,329,27,2024-05-13,1,22.5,38
2549,698,8,2025-09-27,5,89.65,34
2550,67,47,2023-10-11,5,251.35,26
2551,1269,39,2024-08-17,1,52.22,31
2552,1081,6,2023-10-16,4,90.6,14
2553,1893,45,2024-08-13,4,180.28,25
2554,815,26,2026-08-13,3,163.92,24
2555,792,15,2025-03-10,1,35.02,15
2556,1721,6,2024-11-22,4,90.6,31
2557,27,34,2023-12-14,1,36.89,14
2558,839,32,2025-10-31,4,124.2,34
2559,860,21,2024-08-06,2,25.68,8
2560,234,16,2026-04-21,2,114.5,23
2561,1560,33,2026-01-06,4,95.28,31
2562,1608,45,2025-10-17,1,45.07,10
2563,1165,38,2025-11-10,1,19.63,2
2564,1427,33,2024-09-11,2,47.64,38
2565,1560,16,2026-04-03,3,171.75,5
2566,794,16,2026-07-03,2,114.5,3
2567,1013,39,2024-06-24,5,261.1,2
2568,1409,6,2024-12-12,1,22.65,36
2569,1708,15,2026-01-22,1,35.02,7
2570,1271,15,2025-12-20,3,105.06,23
2571,1410,5,2024-02-19,2,108.46,4
2572,1824,18,2025-02-27,4,150.36,23
2573,1013,17,2023-11-02,4,95.52,3
2574,1218,35,2025-02-27,3,47.82,29
2575,1422,22,2024-10-27,2,74.64,14
2576,896,48,2024-03-31,4,57.08,21
2577,531,26,2026-07-14,4,218.56,13
2578,771,11,2025-03-15,1,13.99,2
2579,992,32,2026-06-23,4,124.2,20
2580,1249,47,2026-08-14,4,201.08,7
2581,1180,26,2023-12-18,5,273.2,20
2582,536,31,2026-07-12,2,35.32,36
2583,363,31,2026-04-28,3,52.98,35
2584,1685,42,2023-12-12,4,105.64,39
2585,154,7,2024-10-08,3,100.02,2
2586,601,24,2026-02-21,4,101.08,4
2587,1066,10,2025-03-15,3,156.45,33
2588,1246,17,2024-04-12,5,119.4,24
2589,323,43,2025-11-21,4,190.44,36
2590,1492,2,2026-01-18,5,268.7,3
2591,852,34,2024-07-14,4,147.56,6
2592,334,8,2025-12-05,3,53.79,23
2593,1010,20,2026-05-10,3,135.51,24
2594,1783,29,2026-08-29,3,120.9,40
2595,702,23,2024-07-05,4,122.08,23
2596,96,24,2026-06-27,1,25.27,11
2597,1110,49,2025-01-08,4,176.72,34
2598,192,20,2025-02-03,4,180.68,21
2599,1609,28,2026-05-29,2,106.26,5
2600,718,44,2025-01-22,5,115.55,6
2601,1184,15,2024-05-01,2,70.04,32
2602,820,6,2023-12-10,4,90.6,6
2603,493,32,2024-05-08,1,31.05,7
2604,837,9,2023-09-21,2,45.2,39
2605,1716,41,2026-03-17,2,114.62,10
2606,1404,13,2023-12-09,4,69.84,34
2607,181,48,2026-05-02,1,14.27,28
2608,1669,24,2024-08-29,5,126.35,40
2609,1328,13,2025-05-06,2,34.92,16
2610,522,45,2024-06-06,5,225.35,39
2611,45,9,2025-11-26,2,45.2,2
2612,357,8,2024-08-29,2,35.86,20
2613,1003,40,2026-09-04,3,100.89,8
2614,958,6,2024-02-02,1,22.65,29
2615,1533,50,2023-11-16,3,56.34,20
2616,761,47,2024-06-22,2,100.54,12
2617,1847,10,2023-12-14,1,52.15,38
2618,1463,3,2025-01-31,3,150.3,39
2619,1824,29,2026-06-09,5,201.5,24
2620,265,47,2026-08-31,3,150.81,33
2621,1147,8,2024-06-07,5,89.65,10
2622,1536,2,2024-07-23,1,53.74,8
2623,1953,41,2026-08-07,4,229.24,33
2624,900,9,2024-07-24,4,90.4,30
2625,142,12,2025-01-26,1,20.66,8
2626,475,10,2024-06-02,3,156.45,22
2627,175,33,2024-01-18,4,95.28,38
2628,1704,33,2025-07-21,5,119.1,15
2629,43,27,2024-02-12,5,112.5,31
2630,979,33,2024-10-15,3,71.46,26
2631,811,46,2025-03-17,2,63.54,35
2632,1941,24,2024-12-30,3,75.81,14
2633,1248,36,2024-08-23,2,66.58,23
2634,672,6,2025-12-23,4,90.6,10
2635,476,44,2026-04-29,4,92.44,21
2636,1086,16,2024-05-23,2,114.5,35
2637,1935,1,2024-02-28,4,207.08,21
2638,605,3,2023-12-08,2,100.2,15
2639,426,8,2025-12-20,1,17.93,25
2640,1750,37,2026-07-26,3,54.06,28
2641,1094,45,2026-03-29,5,225.35,17
2642,279,28,2025-12-26,5,265.65,14
2643,1353,33,2025-03-28,2,47.64,29
2644,125,4,2024-12-23,5,239.1,15
2645,321,27,2026-08-25,2,45.0,5
2646,922,35,2025-07-31,1,15.94,17
2647,1082,43,2026-04-25,4,190.44,36
2648,1611,15,2024-03-28,3,105.06,5
2649,1663,37,2025-02-11,3,54.06,39
2650,1547,14,2025-03-18,1,52.29,22
2651,655,45,2024-05-19,3,135.21,3
2652,1468,16,2026-01-22,4,229.0,37
2653,296,23,2026-01-24,2,61.04,12
2654,1905,9,2026-06-30,4,90.4,23
2655,1534,12,2026-01-24,4,82.64,12
2656,621,29,2024-07-21,4,161.2,32
2657,1894,34,2025-08-18,5,184.45,33
2658,943,15,2025-11-20,3,105.06,24
2659,578,18,2025-11-08,2,75.18,18
2660,1815,10,2026-03-12,2,104.3,35
2661,388,50,2025-10-18,4,75.12,14
2662,1488,16,2026-02-06,1,57.25,29
2663,1448,6,2026-08-07,4,90.6,32
2664,1132,35,2024-12-20,1,15.94,2
2665,777,15,2024-09-30,4,140.08,20
2666,1170,35,2026-04-11,1,15.94,7
2667,329,27,2024-12-16,3,67.5,18
2668,1494,37,2025-03-19,2,36.04,15
2669,1331,5,2026-05-23,5,271.15,11
2670,1428,5,2025-08-06,5,271.15,40
2671,294,21,2024-02-08,3,38.52,3
2672,380,39,2024-05-21,2,104.44,33
2673,255,45,2026-06-27,5,225.35,15
2674,823,25,2026-06-12,2,69.06,1
2675,1921,24,2026-01-20,5,126.35,22
2676,36,11,2024-09-17,3,41.97,30
2677,2,24,2024-06-01,2,50.54,20
2678,1237,26,2023-12-04,4,218.56,1
2679,340,31,2026-04-21,5,88.3,17
2680,1766,12,2024-08-29,5,103.3,8
2681,1048,2,2024-02-22,2,107.48,28
2682,1903,15,2025-08-11,3,105.06,4
2683,820,33,2024-12-14,4,95.28,25
2684,1388,48,2025-02-25,3,42.81,27
2685,869,4,2023-09-16,2,95.64,19
2686,1963,3,2025-04-15,4,200.4,23
2687,1334,26,2026-07-01,4,218.56,24
2688,1521,19,2024-12-23,2,102.66,5
2689,1983,22,2026-06-08,4,149.28,16
2690,1854,39,2026-04-25,1,52.22,25
2691,1983,18,2025-04-22,2,75.18,14
2692,1717,16,2023-11-24,4,229.0,26
2693,833,4,2024-06-10,1,47.82,5
2694,1477,12,2024-05-14,5,103.3,4
2695,972,12,2024-04-30,3,61.98,17
2696,1635,41,2024-12-04,4,229.24,28
2697,132,3,2025-03-19,5,250.5,6
2698,1155,35,2026-01-12,1,15.94,3
2699,1251,15,2024-06-18,1,35.02,33
2700,719,25,2024-07-11,5,172.65,16
2701,186,49,2026-04-14,3,132.54,21
2702,1321,28,2024-02-21,1,53.13,11
2703,13,1,2024-10-12,4,207.08,17
2704,526,9,2025-07-02,3,67.8,5
2705,803,22,2025-11-17,2,74.64,18
2706,1491,48,2025-03-08,1,14.27,5
2707,1085,44,2025-12-25,1,23.11,3
2708,733,35,2025-12-14,2,31.88,36
2709,373,39,2024-04-09,1,52.22,20
2710,1135,3,2024-03-17,5,250.5,17
2711,1908,30,2026-01-09,1,44.18,24
2712,41,47,2025-01-08,1,50.27,9
2713,354,48,2026-03-14,4,57.08,31
2714,119,24,2026-07-30,5,126.35,22
2715,1142,45,2023-12-28,2,90.14,4
2716,1237,18,2026-08-29,3,112.77,35
2717,1165,23,2025-09-15,5,152.6,17
2718,956,50,2024-10-18,2,37.56,24
2719,1701,38,2026-05-07,4,78.52,33
2720,1626,13,2026-08-01,5,87.3,11
2721,664,17,2025-10-20,2,47.76,39
2722,1557,33,2024-08-18,4,95.28,15
2723,69,11,2025-03-18,2,27.98,34
2724,1263,27,2025-03-15,5,112.5,38
2725,990,14,2026-06-08,1,52.29,7
2726,1214,33,2023-10-15,4,95.28,12
2727,1919,17,2025-08-01,4,95.52,22
2728,1105,44,2024-12-03,1,23.11,13
2729,1857,14,2025-11-24,4,209.16,15
2730,1772,17,2026-08-15,3,71.64,28
2731,1389,16,2024-05-25,2,114.5,4
2732,469,23,2025-12-14,1,30.52,34
2733,1910,40,2024-12-09,1,33.63,22
2734,58,30,2025-01-25,2,88.36,19
2735,931,14,2026-07-07,3,156.87,19
2736,1621,34,2025-07-18,5,184.45,5
2737,1585,25,2023-12-02,1,34.53,2
2738,1560,38,2024-03-04,1,19.63,34
2739,174,11,2024-02-08,4,55.96,4
2740,42,34,2023-11-23,1,36.89,32
2741,1774,27,2024-09-07,1,22.5,37
2742,927,28,2024-11-16,3,159.39,14
2743,894,49,2025-05-17,5,220.9,21
2744,1055,26,2026-02-06,3,163.92,5
2745,1242,38,2024-01-06,1,19.63,31
2746,427,5,2023-09-22,3,162.69,38
2747,474,35,2025-01-07,2,31.88,24
2748,1150,40,2024-10-02,1,33.63,37
2749,1030,36,2025-08-28,2,66.58,17
2750,1576,31,2026-08-12,4,70.64,2
2751,48,6,2026-03-06,1,22.65,23
2752,177,21,2024-12-27,1,12.84,27
2753,583,15,2025-05-02,5,175.1,6
2754,1521,3,2024-05-16,1,50.1,5
2755,1103,12,2026-05-28,2,41.32,10
2756,723,1,2025-04-07,2,103.54,2
2757,146,39,2026-01-23,4,208.88,9
2758,536,42,2026-08-05,5,132.05,12
2759,1495,9,2024-12-28,4,90.4,7
2760,1514,4,2023-10-20,2,95.64,1
2761,1368,45,2024-04-23,3,135.21,39
2762,1082,29,2024-12-05,3,120.9,39
2763,267,21,2025-12-22,4,51.36,8
2764,1802,49,2026-01-10,2,88.36,7
2765,811,17,2024-05-30,2,47.76,5
2766,990,8,2024-09-16,2,35.86,30
2767,1695,18,2026-01-08,2,75.18,29
2768,207,45,2024-11-23,2,90.14,1
2769,353,28,2023-11-03,3,159.39,32
2770,1813,47,2026-01-28,5,251.35,29
2771,214,45,2024-10-11,4,180.28,8
2772,1225,16,2024-04-21,4,229.0,32
2773,140,29,2025-11-02,5,201.5,11
2774,345,34,2025-07-10,1,36.89,4
2775,971,42,2025-10-29,5,132.05,26
2776,1180,36,2026-02-28,4,133.16,23
2777,850,2,2023-10-04,2,107.48,14
2778,1884,29,2024-09-15,4,161.2,10
2779,1667,14,2025-07-15,4,209.16,27
2780,1126,34,2024-06-24,5,184.45,33
2781,1918,36,2025-12-28,2,66.58,6
2782,1186,11,2025-11-29,3,41.97,3
2783,1238,39,2024-11-11,4,208.88,9
2784,1781,38,2025-05-18,3,58.89,22
2785,572,46,2023-09-16,4,127.08,8
2786,383,44,2023-11-21,1,23.11,40
2787,855,41,2025-03-10,1,57.31,11
2788,325,47,2024-12-02,2,100.54,14
2789,677,38,2024-01-29,2,39.26,18
2790,452,47,2026-01-03,2,100.54,27
2791,426,24,2025-01-07,1,25.27,6
2792,1589,43,2024-04-26,3,142.83,32
2793,1074,6,2025-11-10,5,113.25,30
2794,35,26,2025-01-22,1,54.64,40
2795,496,43,2026-03-30,2,95.22,19
2796,1466,4,2024-10-15,5,239.1,11
2797,692,8,2026-07-10,1,17.93,9
2798,875,42,2024-08-16,5,132.05,25
2799,251,46,2024-06-09,3,95.31,22
2800,1919,12,2024-10-12,2,41.32,32
2801,476,47,2026-04-24,4,201.08,22
2802,1709,13,2026-04-24,2,34.92,8
2803,665,20,2025-01-23,2,90.34,22
2804,754,21,2023-11-22,3,38.52,30
2805,896,5,2025-02-25,3,162.69,32
2806,87,28,2023-12-06,3,159.39,39
2807,1051,21,2025-01-13,5,64.2,19
2808,942,28,2026-04-05,3,159.39,34
2809,1727,15,2024-08-17,1,35.02,37
2810,1978,24,2025-01-05,1,25.27,23
2811,348,22,2025-02-16,5,186.6,19
2812,1107,36,2026-07-25,3,99.87,13
2813,1471,11,2024-01-21,1,13.99,7
2814,1065,21,2026-06-20,3,38.52,29
2815,1217,26,2026-04-22,2,109.28,14
2816,616,37,2024-12-24,1,18.02,35
2817,453,1,2025-05-19,4,207.08,21
2818,1724,50,2025-10-09,4,75.12,8
2819,1792,16,2023-09-14,3,171.75,10
2820,1913,30,2025-09-17,3,132.54,30
2821,1046,13,2024-10-18,5,87.3,32
2822,1274,11,2024-05-23,1,13.99,27
2823,528,50,2025-03-24,3,56.34,40
2824,900,11,2026-06-26,4,55.96,36
2825,1819,40,2025-05-12,2,67.26,25
2826,841,2,2024-10-22,4,214.96,10
2827,1012,3,2024-06-12,5,250.5,5
2828,1568,21,2024-08-30,2,25.68,38
2829,1034,4,2024-06-06,1,47.82,24
2830,1592,43,2025-08-28,2,95.22,35
2831,135,30,2025-07-08,4,176.72,11
2832,1408,48,2026-05-22,1,14.27,40
2833,1792,1,2023-09-24,3,155.31,39
2834,1887,19,2025-05-02,3,153.99,40
2835,377,50,2024-05-12,4,75.12,36
2836,1151,32,2026-05-03,5,155.25,28
2837,1388,2,2025-09-22,2,107.48,28
2838,1492,24,2023-09-20,5,126.35,34
2839,1414,18,2025-07-25,5,187.95,35
2840,1844,15,2024-07-08,2,70.04,37
2841,1400,49,2024-06-03,1,44.18,4
2842,687,44,2024-02-26,2,46.22,2
2843,1640,49,2024-11-01,2,88.36,8
2844,955,31,2024-08-12,1,17.66,25
2845,334,9,2024-04-30,4,90.4,20
2846,932,18,2023-12-18,2,75.18,3
2847,1179,46,2025-01-14,4,127.08,40
2848,1870,19,2024-10-17,5,256.65,5
2849,1163,18,2026-05-20,1,37.59,40
2850,1416,50,2026-06-23,2,37.56,7
2851,443,18,2025-07-13,4,150.36,26
2852,1951,15,2023-10-15,4,140.08,1
2853,743,15,2023-12-02,3,105.06,19
2854,1740,46,2025-10-17,2,63.54,10
2855,1107,49,2024-06-16,5,220.9,33
2856,7,37,2026-07-01,2,36.04,31
2857,533,25,2025-07-04,4,138.12,3
2858,293,49,2024-04-20,1,44.18,21
2859,1381,3,2026-08-26,5,250.5,36
2860,151,20,2025-05-09,1,45.17,34
2861,484,26,2026-05-26,5,273.2,25
2862,1247,6,2023-11-14,3,67.95,28
2863,1809,7,2025-12-06,1,33.34,30
2864,1656,44,2026-04-06,3,69.33,3
2865,1724,39,2026-03-01,2,104.44,11
2866,63,30,2023-10-24,5,220.9,27
2867,1151,45,2025-03-16,3,135.21,11
2868,1024,29,2025-12-06,2,80.6,13
2869,734,27,2024-08-05,4,90.0,22
2870,1546,45,2024-09-22,1,45.07,36
2871,1830,37,2024-01-07,2,36.04,26
2872,480,41,2025-01-15,1,57.31,37
2873,1844,10,2025-11-23,5,260.75,3
2874,640,47,2026-07-01,1,50.27,6
2875,979,31,2024-09-01,1,17.66,8
2876,432,47,2024-12-17,5,251.35,26
2877,434,44,2024-02-07,4,92.44,8
2878,518,6,2025-01-09,4,90.6,7
2879,1148,36,2024-10-04,3,99.87,36
2880,99,42,2026-04-27,5,132.05,14
2881,1269,24,2026-07-14,2,50.54,31
2882,669,14,2025-08-01,5,261.45,4
2883,1945,40,2026-06-05,3,100.89,14
2884,808,46,2025-05-15,1,31.77,25
2885,1558,35,2023-12-20,1,15.94,35
2886,452,47,2025-12-24,5,251.35,3
2887,1519,9,2026-08-07,2,45.2,39
2888,999,16,2024-12-31,5,286.25,14
2889,1193,20,2026-05-01,2,90.34,31
2890,1545,25,2025-12-10,1,34.53,25
2891,1920,29,2026-07-08,2,80.6,14
2892,566,16,2024-05-13,4,229.0,4
2893,562,12,2025-10-21,3,61.98,21
2894,328,39,2023-09-28,2,104.44,31
2895,548,44,2024-07-19,4,92.44,14
2896,1534,46,2023-11-21,4,127.08,33
2897,1869,28,2023-12-15,3,159.39,1
2898,77,3,2026-06-15,4,200.4,40
2899,155,44,2024-02-11,2,46.22,21
2900,623,6,2025-10-05,5,113.25,3
2901,809,29,2026-03-24,5,201.5,29
2902,1629,18,2025-01-31,3,112.77,28
2903,1737,9,2025-06-30,1,22.6,34
2904,717,9,2026-01-26,4,90.4,1
2905,1272,10,2025-06-09,2,104.3,25
2906,1201,41,2024-08-03,3,171.93,27
2907,1874,37,2025-12-15,5,90.1,40
2908,167,24,2024-01-18,2,50.54,18
2909,1663,13,2024-08-09,3,52.38,31
2910,1559,31,2024-01-18,2,35.32,20
2911,329,7,2026-05-04,5,166.7,36
2912,36,10,2024-02-03,1,52.15,9
2913,233,7,2025-10-13,4,133.36,31
2914,1453,16,2026-04-16,4,229.0,14
2915,385,1,2025-05-15,1,51.77,25
2916,401,30,2023-09-26,4,176.72,25
2917,1064,23,2026-03-06,3,91.56,29
2918,1745,26,2023-09-26,2,109.28,17
2919,1901,49,2025-07-05,4,176.72,7
2920,1757,37,2026-04-06,2,36.04,35
2921,986,33,2024-07-24,2,47.64,9
2922,605,20,2024-02-07,5,225.85,8
2923,1936,43,2023-10-23,1,47.61,21
2924,1162,40,2025-05-30,3,100.89,30
2925,542,48,2025-01-02,4,57.08,12
2926,1758,2,2026-04-07,3,161.22,39
2927,1781,2,2025-08-07,2,107.48,1
2928,840,6,2026-07-25,4,90.6,39
2929,247,28,2024-09-11,3,159.39,13
2930,1076,19,2026-08-17,4,205.32,31
2931,1593,9,2025-05-14,3,67.8,37
2932,1992,33,2025-09-12,4,95.28,39
2933,656,33,2025-10-26,2,47.64,34
2934,342,36,2026-03-29,4,133.16,26
2935,77,27,2024-10-12,4,90.0,32
2936,308,45,2025-06-26,2,90.14,10
2937,366,15,2026-05-01,1,35.02,26
2938,867,4,2026-01-23,4,191.28,19
2939,99,41,2026-05-05,4,229.24,14
2940,142,7,2024-09-19,1,33.34,25
2941,1087,14,2024-11-28,2,104.58,39
2942,1254,22,2024-02-08,2,74.64,24
2943,1808,26,2024-11-05,5,273.2,14
2944,1585,24,2025-02-03,5,126.35,22
2945,680,36,2026-05-11,2,66.58,1
2946,1379,24,2024-05-08,5,126.35,3
2947,822,48,2024-12-13,4,57.08,15
2948,165,48,2026-02-17,5,71.35,3
2949,1602,7,2024-10-14,1,33.34,17
2950,964,28,2025-06-12,5,265.65,28
2951,1043,23,2026-08-05,3,91.56,36
2952,404,47,2023-09-24,3,150.81,38
2953,824,25,2026-02-04,3,103.59,39
2954,278,1,2023-12-18,2,103.54,26
2955,1899,31,2024-03-23,4,70.64,11
2956,113,15,2025-06-02,2,70.04,37
2957,523,36,2024-06-17,2,66.58,11
2958,685,7,2026-03-04,5,166.7,35
2959,228,11,2026-04-21,2,27.98,18
2960,319,19,2023-10-20,3,153.99,7
2961,577,17,2025-06-14,4,95.52,18
2962,456,11,2024-07-16,1,13.99,40
2963,959,18,2024-04-06,1,37.59,30
2964,1782,40,2025-12-21,3,100.89,1
2965,995,32,2026-07-28,4,124.2,11
2966,1804,35,2025-09-12,5,79.7,11
2967,654,20,2024-12-05,5,225.85,2
2968,11,16,2024-10-05,4,229.0,8
2969,1007,3,2026-08-28,5,250.5,9
2970,290,22,2023-12-28,3,111.96,9
2971,1630,5,2024-02-04,4,216.92,40
2972,1735,25,2024-11-15,2,69.06,11
2973,1002,25,2026-07-13,4,138.12,26
2974,787,13,2024-11-01,3,52.38,18
2975,920,8,2026-01-11,5,89.65,24
2976,505,17,2025-06-16,1,23.88,17
2977,1420,14,2024-05-05,1,52.29,33
2978,957,38,2024-07-07,1,19.63,18
2979,320,45,2024-09-14,1,45.07,16
2980,1835,27,2026-04-30,2,45.0,4
2981,721,38,2024-02-17,3,58.89,5
2982,57,5,2025-02-11,2,108.46,4
2983,1253,2,2025-08-14,1,53.74,32
2984,1344,14,2025-07-11,3,156.87,6
2985,1635,25,2025-04-02,2,69.06,7
2986,1373,23,2024-08-16,3,91.56,2
2987,1676,8,2024-08-27,2,35.86,33
2988,672,32,2025-09-11,3,93.15,28
2989,1494,35,2024-10-17,1,15.94,38
2990,1336,23,2023-12-14,2,61.04,30
2991,2,36,2026-05-23,4,133.16,40
2992,259,28,2025-03-14,4,212.52,8
2993,1488,23,2024-07-06,5,152.6,36
2994,888,12,2026-06-12,2,41.32,8
2995,1594,2,2026-01-11,5,268.7,30
2996,1129,12,2023-10-24,1,20.66,30
2997,680,30,2023-12-31,5,220.9,6
2998,1066,20,2025-01-26,1,45.17,33
2999,1967,10,2024-03-21,5,260.75,7
3000,594,26,2025-11-12,3,163.92,7
3001,404,35,2024-03-11,1,15.94,31
3002,1862,44,2024-07-07,3,69.33,3
3003,1238,11,2025-09-20,3,41.97,7
3004,879,6,2025-11-10,3,67.95,35
3005,1863,37,2025-06-06,1,18.02,33
3006,916,28,2024-02-10,1,53.13,2
3007,833,48,2026-06-28,1,14.27,17
3008,520,4,2024-02-27,2,95.64,21
3009,1402,26,2026-06-26,4,218.56,20
3010,1792,39,2024-04-23,3,156.66,26
3011,337,1,2024-08-06,5,258.85,36
3012,1637,15,2024-02-20,5,175.1,9
3013,1257,36,2024-07-01,4,133.16,4
3014,590,47,2024-03-18,2,100.54,31
3015,1969,34,2024-09-20,1,36.89,6
3016,152,7,2024-06-19,1,33.34,33
3017,1018,30,2026-03-13,4,176.72,13
3018,1047,45,2025-02-05,4,180.28,33
3019,834,40,2024-07-01,2,67.26,23
3020,201,4,2025-09-22,1,47.82,30
3021,1950,20,2024-06-11,1,45.17,35
3022,1148,46,2025-07-24,1,31.77,17
3023,1447,31,2026-01-22,2,35.32,18
3024,312,15,2026-04-12,2,70.04,15
3025,181,4,2023-10-26,2,95.64,13
3026,777,26,2026-03-21,1,54.64,16
3027,652,41,2025-01-05,1,57.31,5
3028,540,25,2023-09-11,1,34.53,21
3029,982,21,2024-12-27,5,64.2,11
3030,1135,47,2026-07-26,5,251.35,12
3031,1148,29,2024-07-03,2,80.6,25
3032,379,13,2025-09-16,4,69.84,30
3033,1818,2,2023-11-21,3,161.22,6
3034,835,14,2026-05-22,3,156.87,15
3035,132,30,2023-10-20,1,44.18,38
3036,1644,7,2024-11-08,1,33.34,10
3037,313,10,2025-02-11,2,104.3,13
3038,808,50,2025-06-25,5,93.9,34
3039,715,14,2025-02-19,3,156.87,8
3040,1635,43,2026-07-09,4,190.44,10
3041,720,11,2026-04-20,5,69.95,34
3042,857,14,2024-10-18,2,104.58,39
3043,1610,12,2025-01-17,1,20.66,22
3044,925,12,2024-04-26,4,82.64,1
3045,167,24,2024-11-13,3,75.81,14
3046,1887,43,2025-11-12,1,47.61,27
3047,74,46,2023-12-13,1,31.77,12
3048,1623,39,2025-08-18,4,208.88,26
3049,183,32,2024-01-13,1,31.05,23
3050,699,47,2026-07-26,1,50.27,16
3051,1993,26,2024-10-12,3,163.92,34
3052,858,40,2023-09-27,4,134.52,3
3053,884,3,2026-07-06,5,250.5,11
3054,1857,43,2025-05-01,5,238.05,3
3055,471,50,2025-01-17,2,37.56,4
3056,1494,38,2025-01-29,3,58.89,7
3057,1863,17,2025-10-28,3,71.64,6
3058,1982,7,2026-06-06,3,100.02,17
3059,751,47,2026-01-26,4,201.08,2
3060,1192,32,2024-11-03,4,124.2,18
3061,629,32,2025-11-24,4,124.2,5
3062,101,23,2025-11-21,2,61.04,9
3063,1994,49,2025-09-29,1,44.18,25
3064,335,4,2023-11-17,1,47.82,26
3065,1148,10,2026-08-14,5,260.75,38
3066,718,47,2026-07-01,4,201.08,35
3067,168,27,2026-06-16,2,45.0,24
3068,588,5,2023-12-22,4,216.92,14
3069,800,41,2025-04-27,4,229.24,20
3070,1133,35,2025-08-10,3,47.82,1
3071,364,11,2026-03-25,5,69.95,16
3072,1327,38,2023-12-01,3,58.89,30
3073,1991,14,2025-08-28,3,156.87,18
3074,1253,7,2026-06-29,3,100.02,16
3075,559,46,2024-02-17,3,95.31,7
3076,1889,36,2026-01-20,1,33.29,39
3077,1698,45,2024-03-19,5,225.35,31
3078,1807,17,2024-10-30,3,71.64,13
3079,539,4,2024-07-26,4,191.28,26
3080,1542,37,2024-09-18,3,54.06,16
3081,1966,49,2026-05-13,3,132.54,2
3082,700,29,2025-03-27,4,161.2,2
3083,130,38,2025-05-11,4,78.52,8
3084,299,8,2026-07-01,4,71.72,13
3085,1423,40,2023-10-13,5,168.15,29
3086,488,8,2024-08-09,4,71.72,12
3087,512,40,2024-12-12,5,168.15,37
3088,1743,5,2025-12-27,5,271.15,34
3089,308,27,2026-09-01,2,45.0,2
3090,474,32,2025-05-24,1,31.05,22
3091,253,18,2025-11-16,5,187.95,21
3092,677,17,2026-05-04,2,47.76,29
3093,1579,2,2024-05-18,4,214.96,15
3094,344,31,2026-06-23,1,17.66,16
3095,531,27,2025-02-09,2,45.0,39
3096,1679,42,2026-02-22,1,26.41,7
3097,786,36,2025-07-09,1,33.29,11
3098,1088,42,2025-01-27,1,26.41,5
3099,563,18,2023-10-30,5,187.95,4
3100,869,48,2025-09-16,3,42.81,6
3101,276,2,2026-06-24,3,161.22,28
3102,1750,19,2024-07-10,4,205.32,1
3103,1818,16,2026-05-05,1,57.25,39
3104,819,32,2025-04-08,3,93.15,7
3105,162,6,2024-10-10,5,113.25,7
3106,505,10,2024-03-19,2,104.3,18
3107,3,3,2025-08-13,2,100.2,16
3108,653,20,2025-01-16,3,135.51,25
3109,1898,25,2026-06-11,4,138.12,18
3110,1512,13,2026-06-17,3,52.38,8
3111,400,48,2024-02-22,1,14.27,35
3112,1448,11,2025-09-17,5,69.95,12
3113,1174,42,2024-07-30,1,26.41,21
3114,758,9,2026-02-23,5,113.0,35
3115,447,27,2023-12-30,3,67.5,25
3116,1000,41,2026-02-11,2,114.62,3
3117,198,25,2025-12-24,3,103.59,21
3118,778,8,2023-09-12,1,17.93,33
3119,1283,9,2025-03-07,3,67.8,29
3120,274,8,2025-12-09,1,17.93,28
3121,11,47,2024-05-22,2,100.54,32
3122,703,15,2025-10-24,3,105.06,24
3123,831,24,2024-09-05,2,50.54,40
3124,1341,38,2025-12-10,3,58.89,33
3125,234,23,2025-07-31,1,30.52,27
3126,1844,28,2026-08-23,4,212.52,36
3127,457,19,2025-10-07,3,153.99,24
3128,1940,19,2023-11-07,5,256.65,23
3129,86,32,2025-11-05,4,124.2,18
3130,169,16,2026-07-30,5,286.25,30
3131,1129,15,2024-04-19,4,140.08,38
3132,23,19,2026-07-12,2,102.66,24
3133,1135,11,2025-06-06,1,13.99,32
3134,598,5,2024-07-29,1,54.23,27
3135,545,14,2025-05-27,3,156.87,21
3136,528,33,2024-10-25,2,47.64,11
3137,1458,24,2023-10-22,1,25.27,10
3138,452,16,2026-08-26,1,57.25,30
3139,1830,47,2023-11-02,1,50.27,35
3140,1158,14,2024-03-17,5,261.45,35
3141,1913,15,2026-03-15,2,70.04,31
3142,1117,1,2025-08-03,4,207.08,22
3143,84,25,2025-01-11,2,69.06,27
3144,1244,24,2026-08-07,3,75.81,2
3145,1106,2,2024-06-30,1,53.74,26
3146,1859,30,2026-07-29,1,44.18,25
3147,1815,37,2024-04-11,4,72.08,7
3148,553,25,2024-09-04,1,34.53,31
3149,14,41,2025-08-07,4,229.24,21
3150,1199,4,2024-10-25,3,143.46,20
3151,1072,15,2025-08-03,4,140.08,24
3152,1566,46,2023-12-28,5,158.85,39
3153,585,2,2026-08-03,4,214.96,4
3154,235,25,2025-09-09,3,103.59,20
3155,1269,3,2024-06-13,3,150.3,16
3156,980,2,2025-08-25,5,268.7,2
3157,1247,13,2025-12-02,1,17.46,5
3158,1922,7,2025-08-13,1,33.34,6
3159,1805,15,2026-06-25,4,140.08,39
3160,1301,24,2025-10-30,5,126.35,35
3161,1123,8,2025-10-27,1,17.93,24
3162,1527,35,2026-01-11,1,15.94,40
3163,560,44,2025-10-07,3,69.33,27
3164,1915,8,2026-06-10,2,35.86,39
3165,333,13,2023-11-15,3,52.38,29
3166,1800,49,2025-01-25,2,88.36,14
3167,407,20,2024-10-02,4,180.68,18
3168,948,16,2024-03-17,5,286.25,31
3169,1118,27,2024-08-11,1,22.5,21
3170,1385,24,2024-10-17,2,50.54,11
3171,289,43,2026-04-03,1,47.61,35
3172,1669,39,2025-11-22,5,261.1,26
3173,660,27,2025-12-20,4,90.0,17
3174,706,27,2026-06-01,3,67.5,39
3175,842,11,2024-02-09,1,13.99,26
3176,1579,20,2024-07-12,4,180.68,25
3177,415,13,2026-04-08,1,17.46,34
3178,1574,31,2025-08-07,3,52.98,3
3179,1496,43,2023-09-25,5,238.05,36
3180,818,20,2025-10-12,3,135.51,13
3181,11,22,2024-11-30,3,111.96,15
3182,1501,46,2025-05-26,2,63.54,35
3183,1839,46,2025-03-07,4,127.08,35
3184,309,23,2025-09-21,4,122.08,31
3185,181,47,2023-09-23,3,150.81,22
3186,1129,14,2025-12-22,4,209.16,5
3187,730,39,2024-07-18,2,104.44,1
3188,1159,24,2026-03-11,4,101.08,18
3189,476,16,2025-12-03,2,114.5,36
3190,1038,13,2024-07-28,3,52.38,24
3191,912,14,2026-08-06,4,209.16,18
3192,668,34,2025-03-17,2,73.78,27
3193,569,31,2024-06-05,5,88.3,28
3194,1691,17,2025-05-27,3,71.64,21
3195,1644,2,2026-01-30,2,107.48,6
3196,1998,17,2024-10-22,5,119.4,28
3197,413,6,2026-03-01,2,45.3,28
3198,1056,49,2025-02-05,4,176.72,7
3199,1744,1,2024-02-25,1,51.77,24
3200,1441,4,2024-08-12,3,143.46,35
3201,555,49,2024-11-23,5,220.9,26
3202,1585,50,2026-07-23,3,56.34,26
3203,1665,24,2025-12-06,2,50.54,25
3204,300,1,2025-07-11,3,155.31,23
3205,202,43,2024-07-30,5,238.05,6
3206,144,39,2024-08-04,3,156.66,24
3207,198,38,2023-10-07,2,39.26,31
3208,463,28,2024-04-13,4,212.52,3
3209,826,38,2025-10-07,2,39.26,23
3210,362,40,2026-03-06,1,33.63,39
3211,262,50,2026-08-01,5,93.9,15
3212,707,50,2025-08-10,1,18.78,37
3213,1536,45,2026-05-09,3,135.21,35
3214,1735,14,2026-06-11,5,261.45,26
3215,1975,16,2025-08-06,4,229.0,35
3216,292,6,2025-06-24,5,113.25,13
3217,461,39,2026-05-16,1,52.22,27
3218,867,2,2024-01-06,5,268.7,9
3219,1215,50,2026-02-20,2,37.56,36
3220,1639,9,2024-06-01,3,67.8,21
3221,1895,6,2024-06-22,5,113.25,32
3222,1436,46,2025-11-16,5,158.85,11
3223,830,9,2025-07-27,2,45.2,24
3224,479,6,2024-04-18,2,45.3,20
3225,1846,27,2024-01-07,1,22.5,6
3226,1824,50,2024-01-09,4,75.12,21
3227,744,2,2025-06-11,2,107.48,9
3228,1842,11,2024-02-07,4,55.96,32
3229,886,29,2026-05-24,2,80.6,31
3230,1997,14,2024-01-12,5,261.45,14
3231,895,7,2026-04-20,3,100.02,38
3232,575,30,2025-05-16,5,220.9,25
3233,1446,17,2025-11-04,5,119.4,39
3234,651,16,2024-02-16,4,229.0,27
3235,1519,40,2024-04-25,5,168.15,12
3236,1697,48,2024-10-05,1,14.27,3
3237,1449,42,2026-08-06,3,79.23,14
3238,1615,10,2025-09-12,4,208.6,5
3239,713,19,2026-08-10,1,51.33,19
3240,53,43,2026-04-03,2,95.22,4
3241,828,26,2026-08-16,4,218.56,38
3242,1207,21,2025-04-08,1,12.84,13
3243,1524,2,2025-03-24,2,107.48,15
3244,871,12,2025-03-27,4,82.64,25
3245,1073,22,2024-02-13,3,111.96,18
3246,153,35,2026-03-18,5,79.7,23
3247,162,36,2023-11-22,2,66.58,10
3248,1209,47,2023-12-13,1,50.27,2
3249,1050,47,2026-03-23,2,100.54,5
3250,137,4,2026-08-30,3,143.46,36
3251,395,48,2025-10-29,4,57.08,8
3252,931,37,2025-03-31,1,18.02,29
3253,567,24,2024-12-23,3,75.81,34
3254,193,48,2023-11-11,4,57.08,16
3255,285,45,2026-03-20,2,90.14,20
3256,1478,33,2023-10-21,4,95.28,11
3257,192,22,2024-03-22,3,111.96,23
3258,443,19,2026-06-11,1,51.33,2
3259,919,40,2024-10-06,3,100.89,8
3260,580,19,2023-09-27,1,51.33,10
3261,16,48,2024-06-29,5,71.35,33
3262,1178,34,2025-11-21,2,73.78,11
3263,11,28,2025-03-08,4,212.52,12
3264,1406,39,2026-01-27,2,104.44,29
3265,871,17,2024-02-07,4,95.52,5
3266,407,44,2024-04-21,1,23.11,23
3267,1696,31,2026-07-21,1,17.66,4
3268,1779,16,2024-05-11,1,57.25,17
3269,1264,19,2025-07-09,4,205.32,30
3270,36,18,2024-01-17,1,37.59,14
3271,714,36,2024-12-23,5,166.45,29
3272,467,11,2024-05-16,4,55.96,36
3273,34,2,2024-08-30,2,107.48,3
3274,686,43,2024-08-02,1,47.61,35
3275,992,12,2023-09-12,3,61.98,18
3276,872,29,2025-05-03,4,161.2,39
3277,624,19,2025-02-20,1,51.33,2
3278,126,30,2026-03-19,1,44.18,1
3279,154,17,2026-05-11,4,95.52,11
3280,1883,9,2025-08-31,4,90.4,15
3281,1114,23,2024-02-19,5,152.6,37
3282,397,35,2024-02-05,1,15.94,8
3283,1074,30,2023-12-14,5,220.9,30
3284,441,27,2025-08-12,2,45.0,5
3285,1981,6,2024-05-30,3,67.95,33
3286,850,36,2025-10-09,4,133.16,9
3287,1052,39,2026-06-01,4,208.88,32
3288,1269,18,2024-11-24,1,37.59,4
3289,1220,14,2024-12-03,3,156.87,31
3290,396,6,2024-04-05,1,22.65,33
3291,888,13,2024-12-13,5,87.3,32
3292,387,4,2023-11-07,3,143.46,28
3293,618,20,2025-05-27,4,180.68,12
3294,1090,15,2025-04-15,1,35.02,33
3295,1890,19,2024-04-04,3,153.99,17
3296,154,46,2024-05-31,1,31.77,19
3297,1698,35,2025-01-06,4,63.76,23
3298,1617,43,2025-01-26,3,142.83,34
3299,550,49,2023-10-13,1,44.18,10
3300,1176,2,2024-03-21,4,214.96,38
3301,1795,31,2026-09-08,5,88.3,10
3302,1013,27,2026-07-21,5,112.5,34
3303,226,49,2025-02-28,4,176.72,9
3304,22,14,2024-01-30,2,104.58,18
3305,1684,22,2025-03-03,1,37.32,23
3306,1742,35,2025-04-27,3,47.82,16
3307,45,43,2026-06-21,1,47.61,25
3308,1784,10,2026-05-24,5,260.75,37
3309,1122,4,2025-03-17,4,191.28,14
3310,535,5,2025-10-01,1,54.23,36
3311,1121,18,2023-11-21,5,187.95,20
3312,445,21,2024-11-19,3,38.52,35
3313,1456,45,2024-03-06,3,135.21,28
3314,1585,24,2024-11-10,2,50.54,23
3315,864,18,2025-12-17,5,187.95,20
3316,1272,46,2023-12-14,5,158.85,18
3317,125,43,2024-10-20,3,142.83,26
3318,1028,38,2024-01-06,1,19.63,13
3319,763,7,2024-09-13,1,33.34,17
3320,816,36,2024-04-14,2,66.58,17
3321,141,5,2024-05-26,1,54.23,30
3322,581,39,2025-07-14,1,52.22,39
3323,1606,31,2025-06-03,2,35.32,32
3324,590,39,2024-01-15,4,208.88,35
3325,987,28,2023-12-22,3,159.39,26
3326,932,15,2025-11-05,4,140.08,5
3327,62,33,2025-01-19,1,23.82,7
3328,121,40,2025-12-04,3,100.89,13
3329,1472,35,2024-08-03,3,47.82,17
3330,562,36,2025-12-31,4,133.16,26
3331,514,2,2025-04-19,5,268.7,39
3332,1384,23,2023-11-14,4,122.08,40
3333,985,9,2026-04-01,2,45.2,29
3334,1645,1,2024-07-21,3,155.31,3
3335,76,5,2025-10-04,3,162.69,22
3336,1757,44,2023-10-21,4,92.44,36
3337,1406,27,2024-11-30,5,112.5,27
3338,585,27,2024-11-28,4,90.0,9
3339,1426,21,2024-12-20,5,64.2,12
3340,909,43,2023-10-02,5,238.05,34
3341,1150,28,2026-04-04,4,212.52,28
3342,438,27,2026-08-05,3,67.5,6
3343,1734,38,2026-01-21,2,39.26,18
3344,1421,32,2024-05-20,2,62.1,1
3345,1075,19,2025-03-29,5,256.65,7
3346,1935,6,2025-05-20,3,67.95,28
3347,705,11,2026-05-21,1,13.99,23
3348,1087,33,2026-07-04,4,95.28,11
3349,1133,13,2025-10-01,5,87.3,29
3350,1342,49,2026-07-09,5,220.9,11
3351,203,49,2024-06-10,4,176.72,39
3352,1311,34,2025-05-26,2,73.78,15
3353,1402,32,2024-08-19,4,124.2,28
3354,1006,11,2026-01-24,1,13.99,9
3355,1822,35,2026-02-05,4,63.76,38
3356,281,36,2024-12-05,5,166.45,24
3357,1847,32,2024-02-02,5,155.25,40
3358,916,40,2024-10-25,2,67.26,40
3359,327,19,2025-08-27,2,102.66,34
3360,517,33,2026-09-01,4,95.28,28
3361,1080,37,2025-05-25,3,54.06,18
3362,1361,21,2024-11-22,4,51.36,27
3363,1537,9,2025-08-11,4,90.4,22
3364,1420,29,2023-11-27,4,161.2,12
3365,1326,43,2025-05-19,3,142.83,29
3366,672,47,2025-05-09,1,50.27,17
3367,802,40,2023-11-28,2,67.26,18
3368,1735,32,2024-08-10,5,155.25,26
3369,1719,19,2024-12-13,5,256.65,29
3370,1260,13,2026-08-09,2,34.92,6
3371,547,8,2025-06-24,5,89.65,21
3372,477,3,2025-03-14,1,50.1,2
3373,13,29,2026-09-08,2,80.6,31
3374,738,36,2023-10-02,2,66.58,12
3375,120,7,2024-08-14,4,133.36,10
3376,1878,32,2025-05-31,2,62.1,17
3377,570,38,2025-09-12,5,98.15,4
3378,1671,3,2024-08-02,4,200.4,16
3379,1408,48,2023-10-30,3,42.81,23
3380,1146,23,2026-08-18,5,152.6,28
3381,1106,17,2026-02-21,1,23.88,33
3382,1299,1,2025-12-21,1,51.77,28
3383,433,14,2024-05-16,4,209.16,15
3384,1235,27,2025-06-30,4,90.0,29
3385,751,26,2025-10-01,2,109.28,23
3386,219,24,2024-12-28,5,126.35,40
3387,506,28,2025-06-16,1,53.13,35
3388,871,11,2023-11-25,1,13.99,22
3389,1700,24,2025-03-30,2,50.54,31
3390,1419,22,2025-04-17,1,37.32,40
3391,640,13,2025-06-15,5,87.3,21
3392,1960,21,2026-07-30,1,12.84,2
3393,1808,42,2025-04-20,4,105.64,14
3394,952,22,2024-11-13,5,186.6,34
3395,1926,39,2023-10-25,4,208.88,15
3396,406,29,2023-09-16,2,80.6,3
3397,669,2,2026-06-20,3,161.22,23
3398,1768,25,2026-04-23,3,103.59,17
3399,1391,13,2026-04-13,2,34.92,36
3400,423,36,2024-11-14,1,33.29,28
3401,426,15,2025-09-05,4,140.08,39
3402,1529,17,2024-05-06,2,47.76,12
3403,1352,30,2024-08-27,4,176.72,13
3404,497,38,2025-10-28,5,98.15,19
3405,1649,26,2025-06-29,4,218.56,6
3406,1621,21,2026-06-25,2,25.68,40
3407,1645,47,2025-04-04,1,50.27,35
3408,118,6,2025-11-21,4,90.6,40
3409,853,48,2024-09-25,2,28.54,14
3410,1905,6,2025-05-22,2,45.3,7
3411,1156,17,2024-06-01,1,23.88,33
3412,1836,36,2023-10-13,3,99.87,8
3413,279,26,2026-07-05,3,163.92,33
3414,1916,36,2024-10-27,1,33.29,34
3415,705,14,2024-12-06,3,156.87,37
3416,1758,26,2024-10-13,5,273.2,30
3417,1252,48,2024-03-20,4,57.08,21
3418,1104,4,2023-10-13,3,143.46,29
3419,1765,4,2023-10-25,3,143.46,15
3420,1386,19,2023-11-19,5,256.65,36
3421,1280,19,2025-05-30,3,153.99,29
3422,283,22,2025-02-05,5,186.6,15
3423,819,46,2025-06-12,1,31.77,19
3424,472,39,2026-06-20,5,261.1,12
3425,424,30,2025-10-12,1,44.18,25
3426,127,7,2025-04-10,4,133.36,16
3427,643,23,2026-05-24,2,61.04,36
3428,356,16,2026-02-11,2,114.5,6
3429,1265,24,2024-05-19,3,75.81,30
3430,1595,14,2024-02-21,1,52.29,25
3431,384,36,2025-04-18,2,66.58,40
3432,1370,30,2026-06-09,2,88.36,23
3433,1801,39,2024-06-12,2,104.44,38
3434,1189,33,2023-11-29,4,95.28,40
3435,1600,6,2026-02-20,5,113.25,35
3436,1027,41,2026-06-06,2,114.62,2
3437,259,5,2025-04-08,5,271.15,15
3438,621,44,2024-04-30,4,92.44,10
3439,903,5,2025-12-23,5,271.15,20
3440,1162,45,2024-01-31,5,225.35,17
3441,927,28,2026-01-02,1,53.13,11
3442,560,5,2024-05-11,2,108.46,24
3443,63,48,2024-10-31,2,28.54,5
3444,1705,33,2025-03-21,2,47.64,11
3445,1572,27,2024-05-17,3,67.5,9
3446,1284,36,2023-12-06,5,166.45,27
3447,95,1,2024-07-02,3,155.31,17
3448,510,10,2024-08-23,4,208.6,28
3449,324,27,2024-02-20,4,90.0,7
3450,1770,37,2023-10-06,2,36.04,19
3451,795,21,2026-01-06,3,38.52,8
3452,1145,1,2024-08-10,4,207.08,1
3453,1331,41,2023-12-19,4,229.24,6
3454,896,30,2025-03-15,4,176.72,28
3455,710,2,2023-10-09,4,214.96,34
3456,1882,25,2024-03-20,1,34.53,31
3457,129,22,2026-07-20,4,149.28,39
3458,1235,43,2024-10-26,3,142.83,14
3459,1806,10,2025-05-12,1,52.15,28
3460,1178,41,2025-01-18,2,114.62,21
3461,1312,18,2024-09-19,4,150.36,1
3462,967,11,2023-12-25,4,55.96,18
3463,547,12,2024-05-23,5,103.3,21
3464,1816,27,2024-11-15,2,45.0,6
3465,981,45,2026-04-13,5,225.35,17
3466,462,42,2024-12-23,2,52.82,14
3467,464,21,2026-05-17,1,12.84,5
3468,955,39,2025-06-26,4,208.88,23
3469,159,2,2025-09-24,1,53.74,31
3470,1416,37,2024-05-11,4,72.08,12
3471,898,19,2025-03-08,5,256.65,33
3472,1598,24,2025-10-02,1,25.27,12
3473,783,13,2025-03-10,3,52.38,33
3474,121,36,2025-06-18,5,166.45,7
3475,1157,1,2024-11-17,4,207.08,22
3476,1085,36,2025-03-27,3,99.87,1
3477,1645,47,2026-05-10,4,201.08,37
3478,793,38,2024-09-11,4,78.52,39
3479,122,18,2024-11-27,1,37.59,33
3480,407,45,2026-08-23,3,135.21,14
3481,1854,38,2025-01-31,1,19.63,31
3482,680,8,2025-03-16,1,17.93,17
3483,1719,17,2025-06-03,2,47.76,39
3484,671,38,2024-08-28,1,19.63,6
3485,295,9,2023-09-11,2,45.2,15
3486,1914,32,2025-08-30,4,124.2,22
3487,69,47,2026-01-27,3,150.81,32
3488,126,7,2024-10-15,2,66.68,16
3489,724,25,2026-02-25,5,172.65,2
3490,136,17,2026-04-13,4,95.52,19
3491,897,34,2026-06-04,5,184.45,1
3492,461,31,2024-05-30,5,88.3,40
3493,427,4,2024-10-25,2,95.64,19
3494,337,34,2024-05-16,1,36.89,18
3495,758,38,2026-03-01,5,98.15,38
3496,1441,3,2023-11-20,2,100.2,33
3497,774,32,2026-06-08,5,155.25,1
3498,1524,5,2026-06-22,3,162.69,40
3499,1612,17,2024-08-14,5,119.4,28
3500,1985,47,2025-06-07,1,50.27,21
3501,804,31,2026-09-07,3,52.98,6
3502,663,22,2024-01-20,4,149.28,29
3503,429,17,2024-03-05,2,47.76,22
3504,1839,46,2026-02-09,2,63.54,22
3505,1262,22,2026-01-24,2,74.64,18
3506,822,40,2024-05-08,5,168.15,19
3507,727,13,2025-12-11,1,17.46,38
3508,366,32,2025-02-09,2,62.1,20
3509,1731,22,2024-07-16,2,74.64,19
3510,43,25,2024-10-19,1,34.53,27
3511,1704,30,2026-07-03,3,132.54,5
3512,1362,46,2023-12-31,4,127.08,14
3513,1523,27,2024-06-15,2,45.0,16
3514,1691,32,2025-03-28,1,31.05,21
3515,1335,41,2024-12-23,3,171.93,22
3516,1855,27,2024-12-06,2,45.0,30
3517,1738,32,2026-01-17,4,124.2,26
3518,837,22,2026-05-05,3,111.96,5
3519,1782,41,2025-02-07,4,229.24,23
3520,508,10,2024-02-07,4,208.6,11
3521,534,31,2026-09-08,4,70.64,39
3522,1617,23,2025-04-04,3,91.56,3
3523,65,3,2026-02-11,1,50.1,22
3524,847,19,2025-12-11,3,153.99,21
3525,1166,48,2025-02-01,2,28.54,5
3526,226,49,2024-03-04,5,220.9,8
3527,280,15,2024-01-29,5,175.1,7
3528,1524,16,2024-07-13,5,286.25,26
3529,211,12,2025-03-09,3,61.98,19
3530,1204,34,2025-11-21,3,110.67,32
3531,520,31,2024-04-27,2,35.32,31
3532,1773,15,2025-05-29,2,70.04,18
3533,1979,37,2025-08-26,5,90.1,6
3534,320,5,2023-09-22,3,162.69,11
3535,1841,40,2024-07-22,1,33.63,17
3536,1040,28,2024-11-30,4,212.52,29
3537,231,13,2024-05-01,2,34.92,11
3538,672,37,2023-12-11,4,72.08,24
3539,163,17,2023-12-16,5,119.4,18
3540,1988,1,2026-05-20,3,155.31,17
3541,297,46,2026-05-25,4,127.08,4
3542,382,35,2025-02-21,1,15.94,7
3543,1313,17,2024-09-22,4,95.52,8
3544,1739,7,2024-05-10,2,66.68,9
3545,1438,50,2026-04-02,4,75.12,7
3546,1352,12,2025-03-11,3,61.98,36
3547,1798,2,2025-02-12,4,214.96,29
3548,1947,12,2024-03-17,5,103.3,1
3549,1036,43,2024-10-18,2,95.22,25
3550,299,36,2024-07-21,3,99.87,21
3551,1616,30,2024-05-02,2,88.36,25
3552,1673,43,2026-07-23,2,95.22,29
3553,1484,36,2024-03-17,1,33.29,2
3554,380,34,2025-02-03,4,147.56,22
3555,591,47,2025-10-25,1,50.27,4
3556,1998,26,2023-12-15,3,163.92,31
3557,602,41,2025-07-20,3,171.93,26
3558,442,15,2026-02-10,1,35.02,6
3559,84,34,2024-07-19,2,73.78,25
3560,1103,6,2025-02-07,2,45.3,27
3561,1420,40,2026-01-29,3,100.89,11
3562,677,35,2024-02-22,2,31.88,16
3563,1457,4,2025-03-02,1,47.82,28
3564,1152,14,2024-09-26,4,209.16,30
3565,753,6,2026-02-13,4,90.6,7
3566,960,41,2025-07-11,5,286.55,13
3567,30,5,2026-04-20,5,271.15,5
3568,1244,8,2024-07-29,3,53.79,5
3569,1420,19,2024-02-19,1,51.33,17
3570,1378,18,2024-06-10,3,112.77,5
3571,56,45,2026-03-29,3,135.21,36
3572,1966,15,2025-02-14,5,175.1,31
3573,64,35,2024-01-07,5,79.7,21
3574,1235,43,2024-03-14,3,142.83,6
3575,1910,39,2025-05-04,1,52.22,6
3576,277,34,2026-09-05,3,110.67,11
3577,1921,18,2025-06-06,3,112.77,2
3578,450,32,2025-02-07,3,93.15,21
3579,695,28,2025-10-18,2,106.26,6
3580,1205,6,2024-06-28,2,45.3,4
3581,1531,19,2026-03-06,5,256.65,16
3582,50,44,2026-01-02,3,69.33,21
3583,1636,11,2025-08-20,5,69.95,12
3584,102,11,2026-07-01,2,27.98,33
3585,1512,31,2025-03-14,4,70.64,9
3586,1884,35,2024-12-02,2,31.88,27
3587,196,7,2025-10-01,3,100.02,35
3588,1782,10,2025-05-01,3,156.45,23
3589,1302,50,2025-02-10,2,37.56,22
3590,924,1,2025-04-17,5,258.85,2
3591,1468,13,2025-01-02,2,34.92,31
3592,433,7,2024-04-16,4,133.36,12
3593,1543,38,2023-10-30,2,39.26,19
3594,1217,37,2024-06-27,5,90.1,39
3595,151,14,2024-01-03,5,261.45,4
3596,601,19,2024-03-11,2,102.66,28
3597,263,18,2024-11-11,2,75.18,33
3598,79,26,2023-11-24,3,163.92,24
3599,793,37,2024-02-03,4,72.08,27
3600,583,44,2023-10-25,3,69.33,2
3601,623,7,2025-01-04,5,166.7,32
3602,436,8,2024-08-24,1,17.93,17
3603,1096,44,2026-06-14,1,23.11,2
3604,125,31,2026-07-14,1,17.66,25
3605,384,11,2025-06-02,3,41.97,10
3606,1760,7,2023-11-25,1,33.34,21
3607,1487,39,2025-08-24,4,208.88,28
3608,765,16,2024-06-11,2,114.5,1
3609,1204,24,2025-01-13,2,50.54,21
3610,1866,44,2024-05-12,5,115.55,2
3611,1429,49,2026-03-01,2,88.36,30
3612,1326,16,2024-08-16,4,229.0,9
3613,770,27,2026-01-12,1,22.5,3
3614,1356,12,2026-06-10,5,103.3,22
3615,288,12,2024-05-23,5,103.3,24
3616,687,46,2025-05-28,3,95.31,26
3617,429,21,2025-05-11,1,12.84,12
3618,1818,40,2024-05-20,3,100.89,5
3619,909,41,2026-09-08,1,57.31,28
3620,152,49,2026-08-21,5,220.9,10
3621,411,10,2024-01-12,4,208.6,3
3622,42,43,2025-03-07,2,95.22,33
3623,1144,18,2024-05-18,5,187.95,37
3624,802,33,2024-05-25,1,23.82,4
3625,231,48,2024-05-11,4,57.08,25
3626,1366,16,2026-04-10,4,229.0,11
3627,227,24,2025-08-24,4,101.08,36
3628,1558,50,2026-09-08,4,75.12,11
3629,1030,48,2023-12-11,3,42.81,15
3630,536,37,2025-10-18,2,36.04,38
3631,1839,25,2024-11-19,5,172.65,13
3632,803,10,2025-12-18,2,104.3,15
3633,1847,30,2025-08-23,5,220.9,22
3634,757,46,2024-04-27,1,31.77,19
3635,1609,29,2023-11-21,1,40.3,29
3636,1102,8,2025-06-23,3,53.79,8
3637,1615,5,2024-01-11,1,54.23,6
3638,1680,40,2025-12-07,5,168.15,8
3639,1519,8,2025-06-20,5,89.65,31
3640,480,2,2024-08-15,1,53.74,14
3641,812,34,2024-11-15,4,147.56,8
3642,1471,13,2026-08-16,5,87.3,39
3643,995,23,2025-07-26,4,122.08,23
3644,847,1,2024-06-23,5,258.85,33
3645,1489,38,2024-10-27,4,78.52,12
3646,456,3,2026-07-22,3,150.3,22
3647,1028,21,2024-11-16,4,51.36,18
3648,907,34,2026-05-05,2,73.78,27
3649,1923,1,2026-04-29,1,51.77,35
3650,361,33,2023-11-04,1,23.82,39
3651,860,17,2024-05-25,2,47.76,30
3652,721,40,2026-04-06,3,100.89,35
3653,1976,9,2023-11-10,1,22.6,18
3654,999,6,2025-05-04,3,67.95,16
3655,17,50,2024-01-30,1,18.78,25
3656,1622,25,2024-12-24,3,103.59,26
3657,2,42,2025-02-02,1,26.41,40
3658,457,32,2024-12-20,5,155.25,26
3659,1780,30,2026-05-27,2,88.36,7
3660,1890,24,2025-08-14,1,25.27,1
3661,1193,6,2025-01-16,4,90.6,1
3662,1501,42,2026-04-05,1,26.41,7
3663,1343,18,2025-03-06,4,150.36,17
3664,170,26,2024-07-10,3,163.92,25
3665,699,21,2026-01-30,4,51.36,9
3666,1743,39,2026-08-05,5,261.1,16
3667,1494,21,2025-05-25,4,51.36,8
3668,1035,37,2023-11-20,2,36.04,6
3669,499,16,2024-10-29,3,171.75,24
3670,786,17,2025-05-06,4,95.52,23
3671,1373,32,2025-12-08,4,124.2,11
3672,302,34,2024-04-23,1,36.89,5
3673,1904,47,2024-08-27,3,150.81,36
3674,333,41,2025-02-01,4,229.24,36
3675,1210,29,2026-05-16,4,161.2,38
3676,111,34,2023-10-25,1,36.89,8
3677,958,28,2024-09-22,3,159.39,34
3678,1541,17,2026-08-26,2,47.76,9
3679,1499,6,2024-03-22,1,22.65,12
3680,1291,6,2024-10-08,2,45.3,14
3681,1694,16,2024-07-05,2,114.5,38
3682,1305,47,2024-11-12,4,201.08,8
3683,1508,20,2024-05-05,2,90.34,17
3684,1558,12,2023-10-07,5,103.3,9
3685,385,13,2025-07-18,1,17.46,39
3686,371,1,2025-01-19,3,155.31,6
3687,1115,13,2024-02-11,5,87.3,3
3688,753,46,2025-06-03,1,31.77,23
3689,1037,36,2024-10-19,3,99.87,40
3690,1020,34,2025-05-09,5,184.45,35
3691,21,29,2023-12-08,1,40.3,24
3692,1995,42,2026-07-09,5,132.05,20
3693,1339,44,2026-03-13,3,69.33,9
3694,473,33,2024-12-20,2,47.64,4
3695,1048,29,2025-01-09,3,120.9,18
3696,1806,29,2025-01-28,2,80.6,20
3697,472,26,2025-06-10,5,273.2,19
3698,813,11,2026-02-24,1,13.99,29
3699,1534,33,2023-11-28,3,71.46,5
3700,910,50,2023-11-19,2,37.56,24
3701,977,35,2024-08-21,3,47.82,1
3702,476,16,2025-02-06,1,57.25,24
3703,816,5,2024-06-20,2,108.46,36
3704,1291,4,2025-01-08,1,47.82,28
3705,765,8,2025-01-10,3,53.79,4
3706,544,37,2023-12-24,4,72.08,36
3707,1587,28,2024-07-31,4,212.52,14
3708,1200,32,2024-10-21,4,124.2,5
3709,1203,45,2024-03-01,5,225.35,6
3710,462,29,2024-03-18,5,201.5,6
3711,1099,9,2024-01-13,3,67.8,17
3712,339,13,2026-08-07,5,87.3,10
3713,708,23,2023-10-25,5,152.6,26
3714,923,36,2024-04-17,3,99.87,1
3715,1147,27,2026-08-09,4,90.0,38
3716,732,18,2024-01-23,5,187.95,25
3717,975,7,2025-06-03,4,133.36,33
3718,274,49,2026-01-16,1,44.18,30
3719,263,33,2026-02-27,5,119.1,13
3720,1584,8,2024-10-14,2,35.86,38
3721,1231,49,2025-08-04,3,132.54,15
3722,1760,8,2024-08-18,3,53.79,18
3723,1793,34,2025-01-31,5,184.45,25
3724,1716,39,2024-11-18,3,156.66,33
3725,722,48,2023-09-21,1,14.27,34
3726,1872,2,2025-10-14,3,161.22,40
3727,1754,34,2025-10-19,1,36.89,35
3728,1249,19,2026-08-13,4,205.32,11
3729,1101,32,2025-01-19,3,93.15,15
3730,687,19,2024-11-11,5,256.65,20
3731,1738,21,2024-08-21,3,38.52,14
3732,444,5,2026-05-27,3,162.69,9
3733,1149,30,2026-07-04,5,220.9,14
3734,24,27,2026-04-13,5,112.5,34
3735,430,38,2026-06-03,3,58.89,26
3736,756,13,2026-03-05,2,34.92,32
3737,868,18,2026-02-14,5,187.95,1
3738,1245,25,2025-11-22,2,69.06,23
3739,1780,24,2026-07-10,2,50.54,9
3740,1452,2,2025-06-29,3,161.22,29
3741,1441,11,2026-05-04,3,41.97,13
3742,683,18,2026-02-05,3,112.77,15
3743,1409,16,2024-11-12,3,171.75,3
3744,1741,13,2023-12-11,5,87.3,21
3745,1429,45,2025-07-12,4,180.28,4
3746,1921,35,2025-03-07,4,63.76,14
3747,558,39,2026-08-03,2,104.44,9
3748,725,11,2024-01-07,1,13.99,17
3749,1287,37,2025-12-19,1,18.02,21
3750,724,31,2024-04-22,5,88.3,35
3751,1227,9,2023-11-23,4,90.4,6
3752,833,2,2024-10-09,5,268.7,15
3753,866,32,2026-03-21,4,124.2,1
3754,631,5,2026-03-02,1,54.23,39
3755,754,12,2024-01-31,5,103.3,11
3756,686,50,2025-05-02,3,56.34,16
3757,214,26,2024-10-13,3,163.92,9
3758,1026,21,2023-09-28,2,25.68,30
3759,209,9,2025-10-21,4,90.4,33
3760,350,21,2024-02-27,2,25.68,40
3761,1918,47,2026-05-24,5,251.35,14
3762,840,48,2025-08-27,5,71.35,34
3763,69,23,2025-04-18,3,91.56,21
3764,1457,40,2026-07-02,5,168.15,12
3765,1386,36,2024-07-23,4,133.16,15
3766,1977,12,2025-03-18,3,61.98,21
3767,998,43,2024-04-28,4,190.44,11
3768,1534,30,2024-07-09,1,44.18,6
3769,831,15,2024-01-16,5,175.1,39
3770,1805,38,2024-02-19,3,58.89,30
3771,1936,42,2024-03-04,5,132.05,36
3772,494,23,2025-10-10,3,91.56,22
3773,905,15,2023-10-03,3,105.06,36
3774,352,14,2024-06-30,4,209.16,15
3775,708,20,2024-08-24,5,225.85,31
3776,1933,24,2024-10-09,4,101.08,8
3777,196,30,2025-12-31,5,220.9,17
3778,1165,20,2025-06-19,1,45.17,22
3779,545,10,2025-06-25,4,208.6,40
3780,1280,41,2025-02-09,2,114.62,22
3781,1024,27,2024-08-28,5,112.5,26
3782,499,11,2026-07-22,5,69.95,35
3783,1914,29,2026-08-20,5,201.5,20
3784,1832,41,2026-07-21,4,229.24,8
3785,519,36,2025-03-25,3,99.87,27
3786,1740,41,2024-02-11,3,171.93,21
3787,1816,32,2025-11-28,3,93.15,6
3788,861,32,2026-01-07,4,124.2,2
3789,561,40,2023-12-15,4,134.52,38
3790,1400,24,2024-03-08,3,75.81,19
3791,1917,27,2026-06-01,2,45.0,29
3792,1919,11,2025-10-11,4,55.96,34
3793,443,3,2024-01-03,1,50.1,24
3794,1778,10,2024-05-05,5,260.75,23
3795,1846,33,2024-07-03,5,119.1,6
3796,530,43,2024-12-26,1,47.61,37
3797,383,33,2023-11-20,5,119.1,21
3798,1343,4,2025-12-10,4,191.28,25
3799,978,39,2025-03-05,3,156.66,8
3800,1687,8,2025-12-30,1,17.93,7
3801,90,28,2024-10-14,3,159.39,5
3802,524,32,2026-05-03,1,31.05,19
3803,1846,50,2025-09-09,3,56.34,14
3804,508,48,2026-06-05,2,28.54,32
3805,988,38,2025-03-30,4,78.52,32
3806,517,18,2025-02-27,4,150.36,33
3807,286,33,2026-03-27,4,95.28,31
3808,438,9,2026-02-20,2,45.2,6
3809,605,33,2026-07-03,2,47.64,19
3810,835,2,2025-12-12,2,107.48,31
3811,1242,46,2025-01-05,4,127.08,20
3812,17,12,2025-10-23,2,41.32,23
3813,365,38,2024-10-02,1,19.63,18
3814,200,42,2024-09-01,3,79.23,39
3815,979,29,2026-04-20,3,120.9,4
3816,1665,43,2025-11-10,1,47.61,23
3817,120,9,2023-09-23,5,113.0,38
3818,610,28,2025-09-16,4,212.52,16
3819,1322,8,2024-09-17,3,53.79,5
3820,1393,19,2024-12-31,5,256.65,17
3821,1547,31,2025-11-07,5,88.3,3
3822,760,26,2026-07-16,5,273.2,16
3823,1121,11,2025-11-26,4,55.96,16
3824,1875,39,2026-01-20,1,52.22,22
3825,854,22,2026-07-04,1,37.32,31
3826,423,32,2023-11-19,4,124.2,3
3827,349,5,2024-11-14,3,162.69,12
3828,1566,20,2026-08-23,5,225.85,19
3829,887,29,2025-08-10,3,120.9,17
3830,880,49,2026-04-02,1,44.18,5
3831,1285,38,2026-02-12,2,39.26,27
3832,1453,2,2024-01-11,2,107.48,19
3833,257,47,2024-10-18,2,100.54,33
3834,1436,50,2024-04-14,1,18.78,27
3835,460,27,2025-09-07,2,45.0,10
3836,1327,43,2024-12-24,3,142.83,21
3837,1032,23,2023-10-25,3,91.56,5
3838,1646,7,2025-03-06,5,166.7,24
3839,1038,30,2025-02-14,4,176.72,1
3840,1165,31,2023-09-23,5,88.3,32
3841,877,32,2026-06-12,5,155.25,2
3842,1067,18,2024-12-27,5,187.95,5
3843,565,8,2026-06-02,1,17.93,9
3844,1530,24,2024-11-04,4,101.08,37
3845,1544,47,2025-12-19,2,100.54,24
3846,440,13,2024-01-13,4,69.84,3
3847,1804,13,2024-05-18,1,17.46,10
3848,128,35,2025-01-27,2,31.88,29
3849,1120,10,2024-03-29,3,156.45,40
3850,678,13,2024-05-28,1,17.46,29
3851,1209,32,2024-06-08,2,62.1,20
3852,342,47,2026-08-01,3,150.81,15
3853,205,22,2026-05-22,1,37.32,23
3854,1515,6,2024-07-30,2,45.3,28
3855,1706,34,2026-02-14,1,36.89,29
3856,1988,39,2025-12-25,1,52.22,20
3857,318,40,2026-05-28,2,67.26,12
3858,486,33,2025-05-24,1,23.82,32
3859,1677,43,2023-11-27,3,142.83,40
3860,824,25,2024-10-10,4,138.12,27
3861,161,33,2025-07-08,1,23.82,12
3862,116,38,2024-11-28,1,19.63,29
3863,138,10,2025-02-09,5,260.75,20
3864,1541,31,2026-02-01,3,52.98,22
3865,357,3,2024-01-21,4,200.4,18
3866,1285,24,2025-10-18,1,25.27,18
3867,1168,39,2026-03-18,4,208.88,16
3868,1092,5,2025-04-16,1,54.23,40
3869,1485,19,2024-09-03,1,51.33,20
3870,159,11,2025-11-26,2,27.98,35
3871,1435,45,2024-07-07,2,90.14,4
3872,316,18,2025-09-06,4,150.36,34
3873,1980,32,2024-04-15,2,62.1,4
3874,1887,3,2026-08-06,1,50.1,39
3875,408,49,2026-03-04,2,88.36,31
3876,912,43,2024-01-17,3,142.83,38
3877,907,29,2026-05-31,1,40.3,40
3878,495,49,2023-10-18,3,132.54,16
3879,696,6,2026-02-14,5,113.25,14
3880,1766,10,2026-03-13,3,156.45,6
3881,1509,42,2025-10-09,2,52.82,31
3882,821,47,2024-01-24,3,150.81,4
3883,1372,15,2026-02-18,1,35.02,2
3884,1387,9,2025-12-14,3,67.8,2
3885,731,35,2024-03-17,4,63.76,23
3886,882,9,2024-08-04,5,113.0,21
3887,1124,43,2025-04-28,4,190.44,30
3888,1171,44,2024-05-24,4,92.44,22
3889,747,26,2024-07-16,4,218.56,6
3890,1303,26,2024-09-27,3,163.92,7
3891,508,39,2024-03-26,5,261.1,5
3892,1274,14,2025-09-30,4,209.16,16
3893,1269,13,2025-01-24,3,52.38,20
3894,475,46,2026-02-21,4,127.08,21
3895,1311,6,2026-07-06,1,22.65,10
3896,909,43,2024-11-29,5,238.05,20
3897,42,21,2025-09-07,2,25.68,20
3898,998,1,2024-10-31,2,103.54,6
3899,1163,48,2025-12-12,3,42.81,21
3900,82,17,2024-03-22,1,23.88,37
3901,1890,13,2025-03-30,3,52.38,27
3902,1823,23,2023-11-01,3,91.56,4
3903,679,42,2023-11-17,2,52.82,14
3904,1912,42,2026-01-10,2,52.82,40
3905,934,47,2024-02-28,3,150.81,19
3906,7,40,2025-12-13,4,134.52,20
3907,1040,46,2024-02-18,3,95.31,39
3908,29,9,2025-07-31,4,90.4,19
3909,2000,27,2024-01-25,4,90.0,3
3910,1864,35,2026-04-11,1,15.94,3
3911,554,13,2024-09-17,3,52.38,31
3912,1888,10,2025-08-13,2,104.3,23
3913,1697,38,2026-01-23,1,19.63,1
3914,22,2,2025-08-01,4,214.96,16
3915,21,26,2025-11-22,5,273.2,3
3916,33,42,2025-12-03,2,52.82,16
3917,1433,26,2023-11-16,5,273.2,8
3918,12,2,2025-03-14,4,214.96,2
3919,1364,7,2026-03-18,3,100.02,27
3920,469,27,2024-08-28,3,67.5,29
3921,575,48,2025-09-30,3,42.81,5
3922,1258,12,2026-09-02,4,82.64,13
3923,479,10,2024-08-08,1,52.15,30
3924,1921,8,2025-06-27,5,89.65,33
3925,91,15,2026-08-11,3,105.06,35
3926,242,17,2025-11-06,2,47.76,32
3927,1435,7,2024-11-11,1,33.34,12
3928,1103,16,2026-01-14,1,57.25,38
3929,1778,16,2026-03-26,5,286.25,35
3930,257,50,2024-12-08,3,56.34,5
3931,1657,37,2024-12-08,2,36.04,20
3932,719,21,2024-10-22,2,25.68,23
3933,1219,32,2025-08-08,3,93.15,16
3934,1895,25,2025-11-19,3,103.59,14
3935,1577,27,2026-06-07,1,22.5,21
3936,261,38,2024-02-28,2,39.26,36
3937,1981,15,2025-06-18,4,140.08,11
3938,263,36,2025-03-26,2,66.58,1
3939,1305,28,2025-01-17,2,106.26,24
3940,876,49,2024-03-15,3,132.54,7
3941,808,13,2024-03-28,4,69.84,8
3942,1570,8,2024-12-14,4,71.72,35
3943,1766,37,2026-05-26,1,18.02,28
3944,1093,23,2024-12-12,1,30.52,10
3945,1883,4,2026-07-13,3,143.46,37
3946,1158,42,2026-05-06,2,52.82,7
3947,1097,41,2024-04-27,4,229.24,38
3948,659,34,2023-09-15,2,73.78,24
3949,1130,19,2025-03-24,3,153.99,31
3950,1292,16,2024-02-12,5,286.25,22
3951,1088,11,2024-05-16,1,13.99,12
3952,1963,32,2025-01-17,5,155.25,18
3953,650,44,2024-10-06,4,92.44,35
3954,1976,42,2023-12-31,3,79.23,12
3955,675,1,2024-05-11,1,51.77,25
3956,1649,16,2025-04-17,2,114.5,15
3957,516,7,2025-02-04,4,133.36,4
3958,1553,28,2025-10-07,2,106.26,30
3959,287,10,2025-07-13,4,208.6,5
3960,780,26,2026-06-04,2,109.28,20
3961,396,24,2024-05-28,5,126.35,13
3962,1140,41,2024-02-22,2,114.62,29
3963,942,31,2024-12-04,3,52.98,21
3964,831,8,2023-11-18,4,71.72,33
3965,1630,48,2025-10-10,5,71.35,1
3966,1497,38,2024-11-02,2,39.26,12
3967,1418,44,2024-08-12,4,92.44,7
3968,406,25,2025-10-17,5,172.65,26
3969,371,21,2023-11-25,2,25.68,17
3970,1731,38,2024-08-01,5,98.15,31
3971,537,6,2025-02-02,3,67.95,1
3972,750,19,2023-12-02,5,256.65,10
3973,1089,41,2025-09-28,5,286.55,21
3974,212,39,2025-02-03,4,208.88,14
3975,573,6,2024-08-19,5,113.25,35
3976,355,1,2024-11-23,4,207.08,33
3977,1625,22,2024-07-07,3,111.96,18
3978,847,48,2024-09-17,1,14.27,13
3979,763,45,2025-11-04,5,225.35,19
3980,1136,8,2025-08-18,3,53.79,14
3981,170,8,2026-07-08,1,17.93,38
3982,750,48,2023-09-16,4,57.08,34
3983,241,16,2024-03-02,5,286.25,28
3984,1198,41,2024-06-04,3,171.93,40
3985,1941,8,2025-12-08,2,35.86,21
3986,548,37,2026-04-11,5,90.1,7
3987,1936,40,2024-04-15,2,67.26,32
3988,929,43,2024-02-27,4,190.44,29
3989,432,24,2023-12-06,4,101.08,35
3990,1693,9,2024-12-18,3,67.8,22
3991,476,5,2026-01-06,2,108.46,13
3992,409,3,2025-05-27,5,250.5,14
3993,804,46,2025-12-01,2,63.54,18
3994,1572,18,2023-12-02,1,37.59,15
3995,352,4,2024-01-31,1,47.82,9
3996,1508,3,2025-09-03,2,100.2,18
3997,409,34,2026-05-17,3,110.67,3
3998,1669,27,2024-09-08,3,67.5,1
3999,1932,7,2024-03-31,2,66.68,18
4000,1778,21,2026-02-03,2,25.68,28
4001,1738,40,2026-07-03,4,134.52,32
4002,1278,19,2026-08-18,2,102.66,1
4003,1880,4,2024-05-28,2,95.64,27
4004,670,46,2024-03-20,3,95.31,35
4005,1638,43,2024-02-04,4,190.44,19
4006,341,49,2025-03-23,4,176.72,32
4007,1572,46,2023-11-12,5,158.85,11
4008,299,16,2024-02-26,5,286.25,8
4009,1291,39,2025-12-05,2,104.44,23
4010,1801,25,2024-08-20,1,34.53,4
4011,1811,7,2024-04-10,3,100.02,33
4012,158,37,2024-06-20,4,72.08,8
4013,1379,17,2026-06-09,3,71.64,32
4014,1493,16,2024-07-06,3,171.75,9
4015,1595,17,2024-08-10,5,119.4,11
4016,1511,29,2025-05-28,4,161.2,24
4017,895,5,2025-01-30,5,271.15,23
4018,1804,1,2025-09-12,4,207.08,11
4019,949,31,2024-10-12,4,70.64,32
4020,851,3,2023-09-21,2,100.2,18
4021,547,22,2024-04-17,4,149.28,15
4022,1822,24,2026-06-02,3,75.81,1
4023,1775,25,2026-02-06,2,69.06,14
4024,1040,17,2024-07-11,1,23.88,5
4025,537,29,2024-01-13,1,40.3,18
4026,124,32,2026-01-13,2,62.1,14
4027,710,49,2024-01-21,4,176.72,16
4028,1288,41,2025-07-13,4,229.24,27
4029,1945,40,2026-03-02,4,134.52,15
4030,1757,11,2025-03-07,3,41.97,21
4031,676,35,2026-03-23,5,79.7,29
4032,235,14,2024-05-05,2,104.58,12
4033,840,50,2026-06-27,4,75.12,40
4034,399,33,2024-06-18,3,71.46,40
4035,926,19,2023-12-04,5,256.65,13
4036,1330,31,2025-05-15,3,52.98,29
4037,742,9,2026-04-26,1,22.6,40
4038,27,17,2026-06-01,1,23.88,8
4039,608,20,2024-01-20,2,90.34,27
4040,207,26,2026-03-23,2,109.28,34
4041,1258,39,2024-05-08,4,208.88,40
4042,1062,3,2024-07-14,1,50.1,14
4043,602,25,2025-08-21,5,172.65,17
4044,1058,17,2026-08-22,2,47.76,9
4045,199,18,2024-05-29,1,37.59,23
4046,249,13,2023-10-07,2,34.92,18
4047,1276,1,2023-12-17,5,258.85,22
4048,209,30,2024-06-24,5,220.9,38
4049,160,22,2026-08-01,4,149.28,22
4050,426,47,2026-03-06,2,100.54,23
4051,1759,39,2024-12-03,2,104.44,15
4052,177,22,2025-05-05,4,149.28,19
4053,1095,23,2024-04-27,5,152.6,39
4054,688,41,2023-09-24,3,171.93,22
4055,106,5,2024-09-03,1,54.23,3
4056,1222,22,2025-12-14,2,74.64,24
4057,200,23,2026-02-01,4,122.08,11
4058,1097,9,2026-03-17,5,113.0,31
4059,656,35,2026-05-03,4,63.76,31
4060,1615,39,2025-03-06,1,52.22,40
4061,1929,2,2024-05-30,4,214.96,27
4062,1970,11,2025-09-02,1,13.99,28
4063,1677,24,2026-06-10,2,50.54,33
4064,893,35,2025-06-14,1,15.94,22
4065,434,48,2025-05-15,4,57.08,1
4066,1532,3,2026-07-24,1,50.1,39
4067,53,12,2025-12-25,3,61.98,24
4068,1912,6,2025-02-27,1,22.65,1
4069,438,28,2026-05-04,5,265.65,30
4070,1713,21,2026-01-21,4,51.36,36
4071,761,27,2025-07-14,1,22.5,2
4072,1451,20,2024-09-05,3,135.51,14
4073,1296,39,2026-04-23,5,261.1,14
4074,556,26,2024-01-13,5,273.2,30
4075,1970,3,2025-03-31,2,100.2,37
4076,240,13,2024-11-04,1,17.46,23
4077,279,25,2024-06-11,2,69.06,3
4078,1460,16,2024-02-09,1,57.25,12
4079,941,45,2026-05-14,5,225.35,11
4080,1098,27,2024-04-21,1,22.5,19
4081,1227,1,2026-04-11,5,258.85,9
4082,1199,48,2024-02-11,5,71.35,38
4083,576,6,2023-11-02,1,22.65,34
4084,556,49,2024-09-15,5,220.9,28
4085,1146,12,2025-09-14,4,82.64,7
4086,1895,32,2026-05-31,5,155.25,5
4087,220,43,2025-10-07,2,95.22,13
4088,209,25,2024-09-05,2,69.06,22
4089,1717,15,2024-12-11,4,140.08,19
4090,1352,9,2026-03-23,5,113.0,19
4091,1892,22,2024-12-06,4,149.28,9
4092,826,42,2025-12-14,1,26.41,24
4093,647,33,2026-01-13,2,47.64,2
4094,701,37,2025-07-12,4,72.08,17
4095,1294,35,2026-07-03,1,15.94,31
4096,1801,25,2024-08-25,2,69.06,32
4097,1801,39,2023-10-27,2,104.44,23
4098,74,18,2025-03-26,4,150.36,27
4099,1967,26,2026-04-24,1,54.64,1
4100,1680,24,2024-01-19,2,50.54,11
4101,1945,25,2025-01-20,1,34.53,7
4102,554,43,2025-06-12,4,190.44,38
4103,1437,1,2026-03-01,2,103.54,7
4104,1079,44,2024-05-09,1,23.11,7
4105,768,5,2025-08-25,4,216.92,26
4106,716,45,2026-04-05,4,180.28,11
4107,864,15,2024-05-31,5,175.1,15
4108,1862,19,2024-08-22,2,102.66,4
4109,1189,32,2025-01-16,5,155.25,40
4110,1521,46,2026-03-02,5,158.85,16
4111,992,35,2024-07-14,2,31.88,36
4112,1950,10,2024-07-11,2,104.3,13
4113,1061,13,2024-05-03,4,69.84,18
4114,816,33,2026-02-02,3,71.46,7
4115,1611,6,2025-09-17,1,22.65,33
4116,693,45,2025-10-26,3,135.21,33
4117,396,39,2024-12-30,2,104.44,10
4118,51,15,2025-05-18,3,105.06,14
4119,1188,42,2023-11-13,4,105.64,26
4120,199,14,2026-01-31,1,52.29,23
4121,1591,2,2025-10-20,4,214.96,32
4122,444,2,2025-12-20,4,214.96,26
4123,806,4,2025-08-16,4,191.28,14
4124,294,11,2026-06-13,5,69.95,33
4125,1744,14,2023-10-19,3,156.87,37
4126,1528,38,2025-04-17,1,19.63,13
4127,1985,21,2025-08-13,5,64.2,11
4128,1174,37,2026-01-09,4,72.08,30
4129,458,1,2025-08-31,3,155.31,24
4130,1198,20,2024-01-01,1,45.17,17
4131,113,20,2025-05-23,1,45.17,28
4132,8,25,2024-12-30,5,172.65,21
4133,928,50,2023-10-06,2,37.56,13
4134,1881,10,2026-05-18,2,104.3,39
4135,172,29,2026-02-14,3,120.9,20
4136,66,10,2024-09-01,2,104.3,2
4137,1466,17,2025-02-16,4,95.52,30
4138,1334,46,2023-10-04,2,63.54,23
4139,1304,15,2023-09-19,4,140.08,38
4140,796,14,2026-01-02,3,156.87,20
4141,509,27,2023-09-19,5,112.5,18
4142,1681,43,2025-09-28,1,47.61,31
4143,818,47,2025-05-04,5,251.35,37
4144,1887,16,2026-04-12,3,171.75,32
4145,1436,4,2023-10-21,1,47.82,32
4146,660,2,2024-07-21,2,107.48,11
4147,1756,29,2024-01-05,1,40.3,5
4148,797,23,2026-02-28,2,61.04,11
4149,30,35,2025-02-27,2,31.88,40
4150,1310,33,2025-11-06,2,47.64,31
4151,1657,31,2025-04-03,2,35.32,25
4152,1646,36,2025-09-02,5,166.45,35
4153,99,18,2024-10-03,3,112.77,26
4154,1731,40,2026-06-29,4,134.52,36
4155,1889,35,2024-05-08,3,47.82,20
4156,1039,28,2024-07-02,2,106.26,37
4157,1419,24,2023-10-04,1,25.27,2
4158,91,2,2026-02-18,4,214.96,21
4159,1781,11,2026-05-17,1,13.99,21
4160,139,21,2024-03-05,3,38.52,8
4161,287,46,2025-12-22,3,95.31,8
4162,1595,9,2025-09-06,3,67.8,29
4163,1240,42,2023-09-23,5,132.05,24
4164,6,37,2024-11-21,3,54.06,5
4165,42,31,2024-02-23,1,17.66,16
4166,1319,15,2024-06-01,2,70.04,24
4167,449,24,2026-09-04,1,25.27,5
4168,949,43,2025-07-03,5,238.05,40
4169,636,43,2024-08-03,1,47.61,36
4170,1568,37,2024-08-13,2,36.04,38
4171,1985,44,2026-04-15,1,23.11,6
4172,1297,3,2026-03-29,2,100.2,18
4173,832,18,2024-11-02,3,112.77,24
4174,195,47,2024-05-15,4,201.08,5
4175,1636,40,2026-03-02,4,134.52,37
4176,1535,5,2025-03-26,1,54.23,13
4177,1859,8,2025-11-03,5,89.65,12
4178,1617,5,2024-03-20,1,54.23,33
4179,490,21,2025-04-21,2,25.68,14
4180,1594,2,2023-11-23,3,161.22,30
4181,2000,5,2025-06-25,2,108.46,18
4182,737,21,2024-12-22,1,12.84,24
4183,1887,33,2026-05-10,1,23.82,30
4184,597,27,2024-12-02,5,112.5,17
4185,1127,34,2026-03-30,3,110.67,29
4186,1029,16,2024-09-11,1,57.25,1
4187,1547,47,2025-03-14,2,100.54,39
4188,919,20,2023-09-27,4,180.68,3
4189,136,10,2023-11-12,1,52.15,25
4190,1221,40,2026-07-03,5,168.15,12
4191,241,33,2025-07-26,3,71.46,36
4192,1705,36,2023-12-04,1,33.29,8
4193,1771,16,2026-05-06,5,286.25,39
4194,990,28,2023-11-23,2,106.26,11
4195,1251,37,2025-06-11,3,54.06,30
4196,86,41,2024-10-12,1,57.31,16
4197,1144,32,2024-07-13,3,93.15,14
4198,1933,17,2025-08-03,2,47.76,35
4199,1661,40,2024-05-09,4,134.52,29
4200,401,46,2026-03-28,5,158.85,12
4201,1285,26,2024-06-25,1,54.64,21
4202,1671,30,2026-07-09,2,88.36,33
4203,1097,40,2024-03-11,3,100.89,24
4204,806,5,2025-05-26,4,216.92,38
4205,784,47,2026-01-18,4,201.08,16
4206,287,18,2025-06-01,2,75.18,18
4207,262,4,2025-03-26,3,143.46,30
4208,1763,22,2024-05-08,5,186.6,24
4209,338,31,2025-12-31,2,35.32,28
4210,1363,16,2025-03-03,2,114.5,9
4211,149,28,2024-08-13,1,53.13,10
4212,65,38,2025-02-12,3,58.89,7
4213,1560,11,2026-02-17,4,55.96,23
4214,1373,36,2025-03-10,2,66.58,11
4215,400,15,2024-05-11,5,175.1,30
4216,870,13,2024-12-24,1,17.46,11
4217,897,17,2026-04-09,3,71.64,17
4218,156,26,2024-04-13,4,218.56,18
4219,167,3,2024-09-09,4,200.4,39
4220,996,30,2026-06-27,4,176.72,34
4221,444,27,2026-02-12,5,112.5,35
4222,724,21,2024-03-04,5,64.2,39
4223,101,49,2026-08-07,5,220.9,20
4224,1962,1,2026-07-30,3,155.31,8
4225,1482,32,2026-05-21,1,31.05,3
4226,744,47,2025-04-08,2,100.54,30
4227,767,50,2024-12-10,1,18.78,17
4228,1510,17,2025-10-05,1,23.88,4
4229,796,28,2024-06-02,4,212.52,29
4230,649,30,2026-06-21,5,220.9,17
4231,392,46,2026-01-29,5,158.85,7
4232,18,38,2024-01-05,1,19.63,4
4233,1445,8,2024-03-11,3,53.79,31
4234,900,28,2026-07-16,3,159.39,38
4235,1455,45,2024-08-19,4,180.28,24
4236,424,23,2024-07-20,4,122.08,11
4237,345,3,2025-11-30,2,100.2,17
4238,603,48,2026-01-30,1,14.27,8
4239,646,29,2025-07-10,4,161.2,40
4240,980,13,2026-01-12,4,69.84,23
4241,1609,10,2025-03-03,3,156.45,12
4242,750,5,2025-08-02,1,54.23,13
4243,1918,8,2025-11-01,5,89.65,29
4244,1379,38,2024-07-19,5,98.15,39
4245,186,2,2024-11-21,4,214.96,24
4246,1644,45,2025-07-02,3,135.21,28
4247,552,26,2024-01-03,2,109.28,17
4248,662,48,2025-08-31,4,57.08,2
4249,399,34,2024-12-08,2,73.78,25
4250,1155,25,2024-10-04,3,103.59,31
4251,720,18,2026-05-04,1,37.59,40
4252,1202,39,2024-02-08,5,261.1,2
4253,1048,39,2025-03-06,4,208.88,29
4254,1806,26,2026-08-03,5,273.2,13
4255,1848,29,2024-11-23,3,120.9,34
4256,1341,37,2023-11-22,4,72.08,22
4257,569,19,2024-03-16,3,153.99,40
4258,1576,6,2023-09-22,1,22.65,40
4259,1057,21,2025-12-06,4,51.36,5
4260,1753,15,2026-01-18,4,140.08,31
4261,928,5,2026-04-14,3,162.69,35
4262,810,22,2025-08-11,2,74.64,6
4263,676,4,2024-11-30,5,239.1,4
4264,1039,25,2024-12-22,3,103.59,4
4265,132,35,2023-09-27,5,79.7,24
4266,1394,34,2024-09-20,5,184.45,4
4267,1375,28,2024-03-11,4,212.52,4
4268,1657,30,2024-11-27,3,132.54,22
4269,30,25,2023-11-16,2,69.06,25
4270,1763,16,2023-12-25,2,114.5,40
4271,390,39,2025-01-23,1,52.22,31
4272,1798,2,2026-07-25,3,161.22,13
4273,613,8,2023-10-26,3,53.79,38
4274,1156,35,2025-09-20,3,47.82,22
4275,1162,39,2024-03-04,5,261.1,16
4276,1319,26,2026-03-21,4,218.56,5
4277,1558,2,2025-08-27,5,268.7,34
4278,1811,27,2025-01-25,2,45.0,21
4279,1798,28,2024-12-25,3,159.39,2
4280,1662,44,2024-12-16,1,23.11,7
4281,411,19,2024-12-08,2,102.66,40
4282,1835,37,2024-02-08,5,90.1,11
4283,1601,4,2024-06-08,3,143.46,23
4284,1697,1,2023-12-23,1,51.77,38
4285,1478,43,2023-10-16,3,142.83,9
4286,1376,6,2026-01-05,4,90.6,11
4287,565,7,2024-05-22,2,66.68,23
4288,330,30,2025-06-16,2,88.36,15
4289,904,26,2024-06-13,3,163.92,30
4290,66,23,2023-11-01,1,30.52,24
4291,1797,40,2023-11-13,1,33.63,20
4292,1986,17,2024-09-11,2,47.76,16
4293,1651,29,2023-12-06,5,201.5,14
4294,739,27,2024-07-01,1,22.5,29
4295,531,35,2025-12-13,2,31.88,34
4296,741,25,2025-03-14,4,138.12,38
4297,1535,16,2024-09-01,3,171.75,34
4298,1072,31,2024-05-17,3,52.98,24
4299,1616,19,2026-09-08,2,102.66,33
4300,291,13,2024-02-12,5,87.3,29
4301,430,36,2025-10-31,5,166.45,15
4302,1232,42,2025-07-01,4,105.64,29
4303,218,29,2026-04-01,4,161.2,37
4304,1523,22,2025-08-01,2,74.64,14
4305,1904,45,2024-11-14,3,135.21,29
4306,1032,36,2025-05-05,2,66.58,2
4307,924,47,2025-07-12,3,150.81,29
4308,291,11,2023-09-27,3,41.97,39
4309,887,32,2026-02-01,4,124.2,14
4310,30,19,2024-09-06,1,51.33,30
4311,1030,22,2026-02-19,3,111.96,30
4312,359,31,2026-07-09,4,70.64,4
4313,603,20,2025-11-26,3,135.51,18
4314,991,21,2025-01-31,2,25.68,1
4315,322,9,2026-06-13,4,90.4,13
4316,602,34,2026-01-26,2,73.78,22
4317,1607,31,2025-05-09,5,88.3,18
4318,1078,26,2024-07-14,3,163.92,37
4319,1053,20,2024-06-24,3,135.51,32
4320,1476,4,2026-03-09,3,143.46,34
4321,280,45,2024-01-25,1,45.07,9
4322,791,5,2025-10-23,2,108.46,17
4323,827,30,2026-09-02,1,44.18,29
4324,850,27,2025-02-25,3,67.5,14
4325,1284,46,2025-01-10,1,31.77,36
4326,37,6,2025-02-10,3,67.95,15
4327,1290,46,2024-08-07,1,31.77,15
4328,858,22,2025-05-08,4,149.28,9
4329,476,45,2024-02-03,1,45.07,14
4330,1400,21,2025-04-15,3,38.52,33
4331,249,12,2023-10-27,5,103.3,7
4332,1973,23,2025-08-20,3,91.56,10
4333,87,16,2024-08-11,5,286.25,1
4334,279,43,2025-07-07,4,190.44,14
4335,1841,23,2024-12-07,3,91.56,30
4336,1122,23,2025-10-07,4,122.08,19
4337,371,17,2024-09-19,1,23.88,40
4338,578,49,2025-08-25,3,132.54,23
4339,915,45,2025-05-13,2,90.14,5
4340,1061,6,2023-12-03,2,45.3,35
4341,1927,6,2025-03-17,3,67.95,27
4342,808,43,2024-01-01,3,142.83,39
4343,1638,19,2024-07-26,3,153.99,9
4344,767,2,2024-10-21,1,53.74,24
4345,365,9,2025-04-08,5,113.0,15
4346,1329,35,2024-04-06,4,63.76,3
4347,919,46,2025-03-24,5,158.85,35
4348,1596,4,2025-01-14,1,47.82,30
4349,1272,7,2024-12-22,3,100.02,25
4350,126,47,2023-09-17,2,100.54,32
4351,516,31,2024-06-09,1,17.66,37
4352,524,23,2023-11-20,4,122.08,4
4353,572,25,2026-06-13,1,34.53,8
4354,55,36,2025-04-04,5,166.45,30
4355,1777,4,2025-07-10,4,191.28,30
4356,555,38,2024-10-28,1,19.63,20
4357,626,18,2025-10-04,4,150.36,11
4358,389,35,2026-08-16,2,31.88,40
4359,1954,8,2025-05-04,5,89.65,27
4360,156,25,2025-06-18,1,34.53,18
4361,936,41,2024-12-22,3,171.93,33
4362,137,1,2025-11-30,4,207.08,5
4363,1933,42,2026-03-07,1,26.41,6
4364,768,35,2024-03-23,5,79.7,5
4365,96,30,2026-03-27,4,176.72,13
4366,1557,1,2025-07-20,5,258.85,28
4367,429,15,2024-08-16,1,35.02,22
4368,1200,25,2026-04-29,2,69.06,21
4369,823,40,2026-08-22,1,33.63,40
4370,1059,10,2026-07-02,4,208.6,27
4371,294,29,2024-06-20,3,120.9,39
4372,1487,21,2024-02-01,4,51.36,17
4373,1150,31,2024-10-01,3,52.98,10
4374,958,19,2024-11-07,2,102.66,31
4375,408,48,2025-04-06,3,42.81,30
4376,1732,6,2024-07-19,5,113.25,20
4377,913,10,2026-08-01,4,208.6,8
4378,1807,41,2026-08-19,4,229.24,5
4379,840,47,2025-01-23,2,100.54,8
4380,766,25,2024-12-30,5,172.65,40
4381,118,10,2024-07-18,2,104.3,19
4382,1749,17,2025-06-02,4,95.52,5
4383,1315,8,2024-12-05,3,53.79,28
4384,807,5,2025-02-06,4,216.92,36
4385,1407,21,2023-12-30,1,12.84,21
4386,1754,18,2025-10-14,1,37.59,24
4387,1436,21,2026-08-26,3,38.52,30
4388,480,2,2025-07-13,1,53.74,32
4389,469,10,2025-01-05,4,208.6,34
4390,940,33,2024-10-16,4,95.28,31
4391,382,40,2026-04-05,3,100.89,13
4392,982,45,2024-06-26,2,90.14,14
4393,599,15,2025-05-02,5,175.1,4
4394,1587,36,2025-12-24,3,99.87,31
4395,1727,21,2023-10-11,3,38.52,29
4396,1709,48,2024-07-03,1,14.27,38
4397,1699,45,2023-11-06,5,225.35,29
4398,1169,28,2026-03-19,5,265.65,14
4399,1152,7,2024-09-17,2,66.68,3
4400,1301,8,2024-12-22,2,35.86,37
4401,1999,12,2026-05-31,2,41.32,18
4402,1758,45,2026-03-03,5,225.35,7
4403,679,49,2025-12-22,2,88.36,27
4404,1719,38,2025-06-14,1,19.63,10
4405,509,39,2023-11-17,3,156.66,18
4406,1430,25,2025-09-01,5,172.65,16
4407,705,2,2026-01-13,4,214.96,1
4408,1578,4,2026-03-15,4,191.28,40
4409,37,16,2026-06-07,2,114.5,4
4410,1474,23,2025-07-20,5,152.6,7
4411,476,46,2024-02-23,3,95.31,7
4412,382,8,2025-10-11,1,17.93,14
4413,1961,31,2024-04-18,3,52.98,5
4414,1879,2,2023-09-24,2,107.48,18
4415,841,14,2026-02-14,1,52.29,9
4416,69,3,2026-02-03,3,150.3,27
4417,752,38,2025-01-06,5,98.15,26
4418,1974,50,2026-05-28,4,75.12,31
4419,12,11,2026-05-29,3,41.97,22
4420,110,29,2023-12-06,4,161.2,10
4421,514,39,2023-12-21,5,261.1,1
4422,821,20,2025-05-14,3,135.51,2
4423,253,34,2025-04-16,2,73.78,14
4424,1346,14,2024-07-21,1,52.29,33
4425,1,10,2023-09-28,4,208.6,8
4426,191,38,2024-04-10,5,98.15,13
4427,190,8,2024-06-20,1,17.93,36
4428,329,2,2025-07-07,4,214.96,21
4429,1868,22,2023-11-09,3,111.96,6
4430,1279,22,2023-10-12,5,186.6,29
4431,1878,10,2026-06-14,4,208.6,3
4432,55,31,2024-09-23,5,88.3,4
4433,593,48,2025-04-27,2,28.54,26
4434,1479,1,2026-04-23,3,155.31,38
4435,150,2,2026-08-18,4,214.96,2
4436,1672,10,2023-12-21,2,104.3,24
4437,44,20,2026-08-21,2,90.34,7
4438,1305,16,2023-10-05,2,114.5,4
4439,717,24,2024-12-18,1,25.27,3
4440,1663,30,2024-07-25,3,132.54,15
4441,478,45,2025-09-23,4,180.28,34
4442,680,16,2023-10-25,3,171.75,13
4443,143,4,2026-04-30,4,191.28,28
4444,966,8,2026-05-30,2,35.86,5
4445,279,17,2025-03-14,3,71.64,6
4446,943,42,2024-09-19,4,105.64,11
4447,765,4,2025-03-25,4,191.28,9
4448,1311,46,2024-09-25,1,31.77,34
4449,461,5,2026-04-07,3,162.69,2
4450,777,5,2026-05-07,2,108.46,23
4451,1637,2,2025-03-07,4,214.96,3
4452,306,32,2024-06-15,4,124.2,10
4453,1833,50,2024-02-03,2,37.56,35
4454,395,45,2024-03-26,1,45.07,18
4455,1722,18,2025-05-19,1,37.59,5
4456,595,4,2025-05-13,5,239.1,27
4457,194,22,2026-09-06,2,74.64,32
4458,822,38,2024-05-27,5,98.15,16
4459,16,27,2023-09-30,1,22.5,27
4460,396,37,2025-01-16,4,72.08,37
4461,253,50,2025-08-25,3,56.34,24
4462,1434,26,2026-03-04,4,218.56,12
4463,925,21,2023-09-20,4,51.36,39
4464,548,4,2025-10-06,1,47.82,2
4465,1850,17,2026-07-10,2,47.76,26
4466,953,4,2025-04-18,5,239.1,34
4467,1923,38,2024-04-18,4,78.52,14
4468,442,34,2025-08-25,3,110.67,29
4469,197,46,2026-07-17,5,158.85,14
4470,903,32,2024-12-19,5,155.25,26
4471,229,41,2025-11-08,2,114.62,23
4472,938,19,2026-03-21,5,256.65,19
4473,1605,16,2026-01-20,2,114.5,9
4474,1765,9,2023-10-29,5,113.0,40
4475,1923,3,2024-09-12,2,100.2,11
4476,790,43,2026-06-08,5,238.05,37
4477,1910,6,2024-08-28,1,22.65,11
4478,1699,45,2024-01-19,5,225.35,31
4479,532,30,2023-11-18,5,220.9,24
4480,732,22,2026-05-22,4,149.28,12
4481,1005,24,2025-12-29,2,50.54,22
4482,910,50,2024-07-30,2,37.56,15
4483,676,23,2024-09-15,2,61.04,2
4484,620,42,2024-08-20,5,132.05,5
4485,1461,50,2024-05-03,4,75.12,39
4486,1751,5,2025-04-20,3,162.69,30
4487,1574,5,2026-07-04,4,216.92,14
4488,9,42,2026-03-30,2,52.82,39
4489,163,25,2025-07-26,1,34.53,7
4490,1249,40,2025-05-06,5,168.15,18
4491,508,4,2025-02-28,3,143.46,19
4492,1155,18,2023-12-17,1,37.59,28
4493,1368,9,2025-02-20,1,22.6,38
4494,511,28,2025-03-17,4,212.52,36
4495,1299,45,2023-10-19,1,45.07,14
4496,302,26,2024-03-10,5,273.2,19
4497,614,5,2025-10-28,5,271.15,7
4498,567,41,2024-04-27,1,57.31,35
4499,747,46,2024-12-07,1,31.77,31
4500,245,9,2026-08-13,2,45.2,19
4501,1532,44,2024-04-21,5,115.55,12
4502,1445,38,2026-08-26,4,78.52,22
4503,1219,11,2025-11-06,5,69.95,34
4504,1914,43,2024-12-07,5,238.05,34
4505,658,35,2023-09-21,2,31.88,29
4506,709,43,2024-01-25,4,190.44,38
4507,1035,13,2025-03-11,2,34.92,9
4508,1,3,2024-08-08,5,250.5,28
4509,978,45,2024-09-22,1,45.07,38
4510,1344,38,2024-10-07,4,78.52,21
4511,722,24,2024-04-11,5,126.35,17
4512,1392,42,2025-03-04,2,52.82,1
4513,1051,50,2024-04-30,5,93.9,39
4514,1622,34,2026-09-05,3,110.67,21
4515,516,17,2026-03-21,2,47.76,12
4516,1476,3,2024-05-18,3,150.3,11
4517,391,30,2025-11-11,1,44.18,36
4518,1725,26,2026-01-07,1,54.64,25
4519,677,14,2025-02-02,2,104.58,10
4520,84,36,2026-02-21,1,33.29,2
4521,301,17,2025-01-22,2,47.76,28
4522,826,9,2024-06-30,4,90.4,15
4523,1435,33,2024-10-01,2,47.64,7
4524,418,5,2025-06-10,4,216.92,15
4525,991,37,2026-05-23,5,90.1,25
4526,471,28,2026-05-11,5,265.65,4
4527,707,27,2024-01-04,3,67.5,2
4528,1725,33,2024-03-18,1,23.82,9
4529,280,9,2024-05-24,4,90.4,21
4530,135,30,2024-07-14,3,132.54,25
4531,1080,24,2025-09-02,2,50.54,24
4532,1214,35,2025-09-06,3,47.82,23
4533,437,47,2025-11-12,3,150.81,14
4534,1255,31,2026-02-03,5,88.3,15
4535,617,49,2024-04-10,2,88.36,29
4536,1847,4,2024-01-20,2,95.64,36
4537,6,38,2025-03-06,1,19.63,31
4538,344,33,2025-12-09,4,95.28,10
4539,670,18,2024-04-08,1,37.59,3
4540,951,44,2025-10-19,4,92.44,29
4541,18,15,2024-04-07,1,35.02,12
4542,959,34,2024-07-26,1,36.89,26
4543,42,4,2023-11-01,2,95.64,40
4544,563,40,2023-10-28,4,134.52,29
4545,154,15,2023-10-16,4,140.08,5
4546,1315,11,2026-01-07,4,55.96,35
4547,357,26,2024-09-02,5,273.2,5
4548,260,23,2025-05-10,1,30.52,13
4549,515,12,2025-05-22,4,82.64,11
4550,623,35,2026-01-07,5,79.7,13
4551,56,4,2026-05-18,4,191.28,36
4552,100,1,2025-08-01,3,155.31,9
4553,875,19,2024-08-25,3,153.99,2
4554,669,18,2025-12-10,2,75.18,30
4555,924,14,2024-11-19,1,52.29,38
4556,1070,31,2025-10-10,4,70.64,19
4557,1640,42,2024-04-30,1,26.41,14
4558,1537,7,2025-10-16,5,166.7,27
4559,1435,10,2024-03-17,3,156.45,9
4560,371,22,2024-12-17,5,186.6,39
4561,1498,36,2024-08-09,4,133.16,10
4562,1818,15,2024-03-18,4,140.08,17
4563,962,21,2025-03-06,5,64.2,17
4564,1813,49,2026-04-15,4,176.72,18
4565,937,41,2024-03-17,5,286.55,30
4566,299,16,2024-10-07,5,286.25,23
4567,1466,42,2025-06-26,4,105.64,16
4568,1162,10,2024-04-25,1,52.15,8
4569,1534,40,2024-08-29,4,134.52,36
4570,1471,2,2025-09-19,4,214.96,14
4571,1091,2,2026-07-06,4,214.96,38
4572,433,5,2025-02-15,2,108.46,2
4573,1933,4,2026-04-17,4,191.28,6
4574,1580,33,2024-06-26,1,23.82,32
4575,776,20,2026-07-06,1,45.17,40
4576,862,28,2025-02-09,5,265.65,3
4577,238,17,2026-07-23,1,23.88,39
4578,1617,42,2026-02-19,1,26.41,36
4579,1622,17,2025-09-12,3,71.64,39
4580,337,34,2025-01-16,1,36.89,9
4581,451,44,2023-11-23,2,46.22,30
4582,1874,7,2024-08-23,5,166.7,11
4583,1211,19,2026-02-08,3,153.99,24
4584,567,16,2024-07-07,2,114.5,26
4585,1546,37,2025-10-21,1,18.02,12
4586,762,1,2024-12-01,1,51.77,3
4587,1968,24,2023-09-24,2,50.54,5
4588,78,11,2026-02-10,2,27.98,30
4589,1055,40,2026-06-19,3,100.89,29
4590,847,36,2025-11-16,5,166.45,10
4591,1100,39,2026-08-31,2,104.44,6
4592,164,43,2026-03-09,5,238.05,17
4593,1515,37,2025-06-07,5,90.1,34
4594,1623,23,2025-05-12,4,122.08,23
4595,1431,39,2024-12-14,2,104.44,30
4596,3,6,2024-01-16,5,113.25,6
4597,330,5,2023-11-03,4,216.92,37
4598,131,35,2026-02-04,2,31.88,33
4599,724,14,2026-06-23,2,104.58,38
4600,790,41,2025-06-30,1,57.31,7
4601,1427,22,2024-03-29,2,74.64,13
4602,232,5,2025-10-04,1,54.23,12
4603,1790,37,2025-11-01,3,54.06,26
4604,1451,48,2025-12-07,3,42.81,1
4605,1967,27,2024-09-25,5,112.5,6
4606,1007,19,2025-06-08,4,205.32,16
4607,172,2,2023-11-30,3,161.22,21
4608,224,26,2026-03-19,3,163.92,21
4609,653,24,2023-11-21,3,75.81,9
4610,961,27,2023-11-14,3,67.5,37
4611,162,6,2024-04-05,4,90.6,15
4612,785,49,2024-05-14,4,176.72,1
4613,1721,3,2026-02-20,4,200.4,8
4614,1775,49,2026-04-08,4,176.72,16
4615,125,4,2024-06-13,5,239.1,40
4616,746,41,2024-12-13,3,171.93,35
4617,1795,4,2024-11-12,3,143.46,35
4618,422,35,2024-04-17,2,31.88,22
4619,763,4,2025-05-12,3,143.46,32
4620,587,20,2025-10-25,1,45.17,11
4621,1632,3,2024-10-04,5,250.5,34
4622,1132,18,2026-06-26,2,75.18,33
4623,1069,32,2026-01-22,5,155.25,13
4624,1800,19,2025-02-11,2,102.66,11
4625,379,24,2026-07-17,5,126.35,18
4626,687,44,2024-01-25,3,69.33,16
4627,149,39,2024-06-04,4,208.88,10
4628,1130,26,2026-07-20,4,218.56,22
4629,1066,50,2025-11-29,5,93.9,26
4630,1941,2,2024-04-06,5,268.7,22
4631,1626,50,2024-04-29,1,18.78,33
4632,977,28,2026-03-09,5,265.65,11
4633,1851,18,2026-07-14,2,75.18,12
4634,1508,8,2025-01-03,4,71.72,32
4635,1302,36,2026-04-20,4,133.16,14
4636,1409,36,2026-04-08,5,166.45,30
4637,1548,35,2025-10-17,4,63.76,22
4638,1069,2,2024-05-03,2,107.48,40
4639,1595,31,2023-12-25,5,88.3,22
4640,717,35,2026-07-30,5,79.7,35
4641,139,26,2025-08-06,5,273.2,4
4642,1934,27,2024-09-10,1,22.5,11
4643,995,26,2023-10-18,3,163.92,32
4644,753,3,2026-06-17,3,150.3,14
4645,527,42,2025-07-30,5,132.05,38
4646,1919,30,2024-05-15,3,132.54,3
4647,1336,16,2025-01-28,5,286.25,18
4648,158,19,2025-05-25,5,256.65,35
4649,267,24,2024-01-20,1,25.27,37
4650,348,23,2025-10-28,1,30.52,29
4651,774,9,2024-07-13,4,90.4,35
4652,1327,15,2025-07-11,4,140.08,25
4653,374,45,2025-09-13,1,45.07,25
4654,135,46,2026-07-12,3,95.31,8
4655,976,9,2026-03-11,1,22.6,1
4656,1477,45,2026-02-04,1,45.07,18
4657,487,2,2026-03-02,3,161.22,23
4658,1703,20,2024-05-21,2,90.34,37
4659,343,38,2025-02-08,3,58.89,30
4660,46,1,2026-08-01,5,258.85,23
4661,1118,18,2025-01-23,2,75.18,19
4662,451,16,2025-08-14,5,286.25,18
4663,1501,30,2026-09-04,5,220.9,29
4664,740,21,2024-10-24,2,25.68,8
4665,1662,48,2025-11-26,2,28.54,2
4666,296,19,2025-09-25,5,256.65,36
4667,522,47,2026-07-26,2,100.54,30
4668,1039,5,2025-05-04,4,216.92,1
4669,1514,24,2026-01-30,5,126.35,20
4670,1248,27,2024-10-21,1,22.5,3
4671,1139,12,2023-11-12,3,61.98,1
4672,1583,22,2024-02-16,3,111.96,30
4673,1813,32,2025-04-18,3,93.15,30
4674,1967,32,2024-09-28,3,93.15,16
4675,1668,49,2024-05-23,2,88.36,29
4676,930,21,2025-11-13,2,25.68,15
4677,1402,40,2024-11-02,1,33.63,24
4678,125,26,2026-07-15,2,109.28,24
4679,276,7,2025-08-26,5,166.7,12
4680,1546,17,2025-06-02,3,71.64,15
4681,450,30,2024-12-07,5,220.9,27
4682,381,30,2025-03-31,1,44.18,23
4683,1396,37,2025-09-24,3,54.06,6
4684,1338,46,2026-02-03,4,127.08,15
4685,1715,44,2026-08-31,2,46.22,36
4686,193,42,2026-06-21,3,79.23,34
4687,976,46,2026-04-22,4,127.08,25
4688,1087,23,2025-10-21,5,152.6,18
4689,889,13,2026-08-30,5,87.3,19
4690,1845,48,2025-05-19,3,42.81,3
4691,742,19,2026-08-27,4,205.32,13
4692,56,19,2026-04-08,1,51.33,16
4693,1358,39,2026-02-04,3,156.66,37
4694,92,24,2026-03-26,4,101.08,12
4695,83,34,2024-08-29,4,147.56,26
4696,754,12,2026-05-11,3,61.98,18
4697,1273,25,2026-04-03,1,34.53,19
4698,912,27,2024-09-13,2,45.0,18
4699,751,37,2023-10-04,5,90.1,8
4700,960,10,2024-04-24,1,52.15,23
4701,297,25,2024-07-05,3,103.59,28
4702,999,16,2024-03-06,5,286.25,5
4703,988,16,2023-12-17,2,114.5,6
4704,607,10,2026-04-09,4,208.6,32
4705,491,45,2026-06-10,4,180.28,14
4706,761,12,2024-03-13,3,61.98,25
4707,666,29,2024-11-27,4,161.2,2
4708,1988,23,2026-07-24,2,61.04,38
4709,100,17,2025-02-13,3,71.64,29
4710,526,6,2023-10-19,2,45.3,15
4711,1960,16,2025-04-05,3,171.75,1
4712,1306,3,2025-02-08,2,100.2,34
4713,1653,5,2024-07-13,3,162.69,3
4714,891,1,2026-03-12,4,207.08,18
4715,1081,38,2026-06-07,2,39.26,2
4716,949,50,2026-03-08,3,56.34,36
4717,505,49,2025-04-18,5,220.9,34
4718,1260,17,2023-11-09,2,47.76,23
4719,374,4,2025-05-04,1,47.82,31
4720,612,18,2025-07-14,2,75.18,4
4721,1543,14,2025-05-26,4,209.16,38
4722,116,34,2025-12-22,1,36.89,25
4723,1380,49,2026-07-02,2,88.36,34
4724,178,16,2026-04-15,2,114.5,5
4725,77,4,2025-12-18,1,47.82,2
4726,1990,48,2024-10-31,3,42.81,29
4727,988,47,2026-08-07,1,50.27,7
4728,1977,39,2026-07-01,3,156.66,15
4729,141,17,2024-02-09,5,119.4,20
4730,1111,48,2026-03-02,5,71.35,13
4731,1881,13,2024-07-01,2,34.92,5
4732,1343,5,2024-04-18,2,108.46,3
4733,1157,24,2024-03-28,5,126.35,37
4734,1407,3,2023-12-27,1,50.1,23
4735,1572,18,2026-09-04,1,37.59,10
4736,1742,5,2025-09-24,3,162.69,8
4737,266,13,2023-11-23,4,69.84,6
4738,478,46,2023-10-19,4,127.08,3
4739,797,48,2023-10-19,2,28.54,35
4740,1783,30,2024-10-05,2,88.36,38
4741,867,3,2026-05-27,5,250.5,34
4742,603,34,2025-11-19,3,110.67,3
4743,324,48,2024-08-06,2,28.54,26
4744,1656,19,2026-03-12,4,205.32,28
4745,1402,18,2024-08-07,4,150.36,6
4746,805,7,2025-04-15,3,100.02,37
4747,1578,7,2026-03-09,1,33.34,39
4748,1863,12,2025-06-07,3,61.98,20
4749,897,14,2023-12-18,1,52.29,31
4750,83,41,2023-10-14,4,229.24,28
4751,789,46,2024-12-14,5,158.85,26
4752,1302,42,2025-07-23,3,79.23,16
4753,825,29,2025-12-11,3,120.9,40
4754,801,25,2023-12-16,4,138.12,21
4755,177,46,2024-11-19,1,31.77,4
4756,1323,8,2024-10-03,1,17.93,26
4757,539,27,2024-01-08,3,67.5,29
4758,693,5,2026-06-17,5,271.15,35
4759,1060,21,2026-05-19,3,38.52,19
4760,1659,37,2025-03-10,3,54.06,4
4761,331,22,2023-12-05,2,74.64,24
4762,1537,43,2025-11-08,5,238.05,18
4763,366,31,2023-12-30,3,52.98,26
4764,270,27,2024-04-24,5,112.5,30
4765,227,26,2025-04-20,5,273.2,22
4766,1680,34,2025-12-10,4,147.56,20
4767,510,14,2025-11-27,1,52.29,5
4768,27,46,2026-05-10,3,95.31,24
4769,302,15,2026-06-14,5,175.1,37
4770,1307,32,2024-04-27,5,155.25,24
4771,833,5,2026-02-22,4,216.92,18
4772,1780,4,2026-08-08,4,191.28,5
4773,1828,24,2024-12-03,1,25.27,39
4774,136,48,2024-08-13,1,14.27,6
4775,943,33,2024-05-01,3,71.46,19
4776,660,32,2024-08-01,4,124.2,24
4777,774,27,2025-10-24,1,22.5,25
4778,308,43,2026-07-19,4,190.44,11
4779,1214,40,2024-01-19,5,168.15,37
4780,1247,17,2024-02-06,3,71.64,35
4781,121,19,2025-10-30,4,205.32,36
4782,558,40,2025-01-29,5,168.15,30
4783,1898,40,2024-11-04,2,67.26,32
4784,1624,45,2024-05-03,3,135.21,40
4785,233,49,2024-02-20,4,176.72,37
4786,1712,31,2025-08-06,1,17.66,26
4787,318,27,2024-11-26,2,45.0,18
4788,1646,2,2024-08-24,5,268.7,39
4789,1882,44,2024-12-25,1,23.11,40
4790,614,33,2025-05-03,2,47.64,31
4791,1557,10,2024-03-02,2,104.3,8
4792,1806,9,2026-04-01,3,67.8,2
4793,1238,28,2023-10-15,1,53.13,8
4794,1054,15,2024-08-26,1,35.02,9
4795,546,2,2024-07-08,2,107.48,27
4796,1315,8,2025-08-29,5,89.65,37
4797,849,24,2024-06-29,5,126.35,39
4798,1756,28,2024-03-23,1,53.13,32
4799,1212,9,2024-12-30,4,90.4,13
4800,1540,30,2023-10-10,4,176.72,39
4801,747,31,2026-06-02,2,35.32,4
4802,320,27,2025-08-09,1,22.5,31
4803,1741,31,2024-10-23,2,35.32,2
4804,421,18,2025-08-29,2,75.18,32
4805,1860,35,2026-08-02,3,47.82,8
4806,1361,6,2025-10-07,4,90.6,11
4807,948,31,2025-04-25,4,70.64,27
4808,1070,50,2026-07-10,2,37.56,25
4809,41,25,2024-06-13,1,34.53,16
4810,594,13,2024-01-28,5,87.3,40
4811,180,34,2024-07-27,3,110.67,7
4812,183,46,2026-03-06,2,63.54,31
4813,1335,36,2025-06-16,1,33.29,31
4814,127,33,2026-01-11,5,119.1,15
4815,184,8,2026-02-10,3,53.79,13
4816,643,33,2026-03-29,4,95.28,18
4817,1413,13,2026-03-12,4,69.84,23
4818,1888,1,2026-07-07,3,155.31,40
4819,550,19,2026-06-20,1,51.33,27
4820,796,16,2026-01-27,5,286.25,26
4821,245,14,2026-03-21,2,104.58,35
4822,1668,49,2025-12-05,5,220.9,6
4823,1184,1,2025-09-24,1,51.77,20
4824,862,37,2023-12-20,2,36.04,35
4825,1722,13,2024-05-20,4,69.84,28
4826,897,46,2026-01-17,4,127.08,38
4827,1785,50,2023-10-21,2,37.56,4
4828,12,46,2025-09-12,2,63.54,9
4829,1673,6,2025-01-31,1,22.65,36
4830,593,34,2024-08-29,4,147.56,16
4831,584,31,2026-02-09,2,35.32,16
4832,1487,12,2026-01-23,4,82.64,35
4833,325,23,2024-02-26,5,152.6,34
4834,1678,10,2024-08-25,1,52.15,17
4835,1246,31,2025-09-23,1,17.66,9
4836,564,28,2026-03-07,5,265.65,27
4837,628,16,2024-04-25,2,114.5,8
4838,768,10,2024-12-23,1,52.15,26
4839,235,31,2025-09-12,3,52.98,28
4840,161,45,2026-05-16,5,225.35,11
4841,1697,23,2025-06-05,3,91.56,20
4842,133,1,2024-02-25,5,258.85,38
4843,597,46,2025-06-21,2,63.54,31
4844,591,37,2025-07-29,4,72.08,3
4845,958,17,2026-07-02,5,119.4,29
4846,1598,49,2024-06-26,3,132.54,8
4847,869,7,2025-11-25,4,133.36,14
4848,1812,31,2026-04-29,4,70.64,13
4849,1915,34,2024-08-31,1,36.89,37
4850,196,20,2026-01-11,2,90.34,37
4851,464,4,2026-06-25,1,47.82,14
4852,13,1,2025-12-12,4,207.08,32
4853,1219,37,2025-01-09,5,90.1,9
4854,1000,27,2025-07-30,2,45.0,37
4855,1727,19,2025-09-03,5,256.65,21
4856,471,29,2024-06-18,3,120.9,20
4857,1272,30,2024-08-19,4,176.72,9
4858,65,14,2025-03-03,5,261.45,40
4859,1868,50,2025-09-27,5,93.9,27
4860,1151,4,2025-08-01,2,95.64,1
4861,1725,19,2024-04-14,2,102.66,30
4862,389,31,2024-10-16,1,17.66,27
4863,1820,39,2024-03-16,4,208.88,32
4864,1128,25,2025-02-06,5,172.65,37
4865,1735,28,2026-08-06,3,159.39,31
4866,1786,33,2025-03-25,3,71.46,23
4867,1401,50,2024-02-18,2,37.56,27
4868,191,6,2026-03-22,4,90.6,34
4869,1594,28,2024-02-12,3,159.39,19
4870,1039,35,2023-10-05,4,63.76,4
4871,1517,4,2025-09-08,2,95.64,12
4872,82,20,2025-07-15,4,180.68,15
4873,233,32,2026-08-16,4,124.2,3
4874,1352,36,2023-09-19,3,99.87,12
4875,574,15,2026-01-31,1,35.02,16
4876,488,16,2024-06-21,4,229.0,23
4877,1618,25,2025-04-04,5,172.65,11
4878,1885,19,2024-06-30,4,205.32,1
4879,1965,34,2025-09-10,1,36.89,24
4880,1843,24,2025-04-15,3,75.81,19
4881,1248,9,2023-09-18,2,45.2,38
4882,1987,48,2025-06-18,4,57.08,14
4883,1224,14,2026-08-19,3,156.87,11
4884,690,50,2026-08-06,1,18.78,3
4885,133,19,2026-01-21,1,51.33,19
4886,1060,44,2025-06-04,2,46.22,9
4887,1687,15,2026-07-07,1,35.02,8
4888,228,48,2024-05-05,3,42.81,25
4889,1296,43,2024-06-19,3,142.83,2
4890,41,28,2025-11-11,4,212.52,31
4891,904,12,2025-11-18,4,82.64,32
4892,936,11,2025-12-19,4,55.96,7
4893,1665,17,2026-01-06,1,23.88,14
4894,1615,40,2026-04-10,2,67.26,13
4895,477,3,2025-02-20,2,100.2,1
4896,571,11,2025-02-22,2,27.98,2
4897,1243,27,2024-05-06,2,45.0,26
4898,1555,29,2025-01-06,5,201.5,36
4899,411,41,2025-11-11,1,57.31,12
4900,909,46,2026-03-24,2,63.54,7
4901,330,45,2026-07-21,1,45.07,34
4902,416,20,2025-07-10,1,45.17,22
4903,1175,44,2024-05-02,5,115.55,29
4904,145,50,2025-03-30,3,56.34,26
4905,1372,36,2023-09-24,1,33.29,17
4906,898,40,2025-08-27,4,134.52,40
4907,895,37,2025-08-01,2,36.04,39
4908,1226,7,2025-07-05,2,66.68,17
4909,643,44,2025-04-24,4,92.44,19
4910,1297,14,2025-08-10,5,261.45,9
4911,797,13,2025-01-28,4,69.84,18
4912,649,14,2026-04-07,5,261.45,6
4913,600,21,2023-09-16,4,51.36,25
4914,1712,42,2024-03-01,1,26.41,34
4915,114,12,2026-04-19,2,41.32,9
4916,1598,40,2024-08-12,4,134.52,4
4917,94,19,2025-10-24,4,205.32,14
4918,968,5,2023-09-25,4,216.92,12
4919,506,45,2026-02-19,4,180.28,16
4920,1375,32,2025-11-24,2,62.1,4
4921,1636,19,2024-12-13,5,256.65,39
4922,529,7,2025-04-27,5,166.7,22
4923,797,31,2025-08-30,4,70.64,17
4924,1468,10,2026-04-21,3,156.45,32
4925,1483,23,2025-08-29,2,61.04,3
4926,580,18,2024-01-04,2,75.18,10
4927,1033,44,2023-09-24,1,23.11,7
4928,1391,18,2024-06-12,3,112.77,25
4929,428,24,2023-12-01,5,126.35,36
4930,395,21,2024-07-23,2,25.68,9
4931,1526,47,2026-03-25,4,201.08,36
4932,547,38,2023-11-28,4,78.52,40
4933,360,15,2024-09-18,1,35.02,35
4934,1988,33,2023-09-22,5,119.1,3
4935,907,14,2023-12-08,4,209.16,14
4936,1780,48,2026-01-06,5,71.35,2
4937,285,26,2025-11-03,1,54.64,14
4938,1480,17,2025-11-01,3,71.64,3
4939,483,22,2024-09-14,4,149.28,25
4940,752,12,2024-06-14,5,103.3,23
4941,1751,5,2024-08-14,5,271.15,24
4942,782,43,2025-09-28,4,190.44,7
4943,49,25,2024-08-10,5,172.65,31
4944,952,6,2023-11-24,5,113.25,25
4945,253,32,2026-08-05,5,155.25,27
4946,1487,40,2025-09-11,5,168.15,39
4947,305,31,2024-05-01,5,88.3,34
4948,1831,13,2025-05-13,1,17.46,14
4949,32,8,2025-08-09,5,89.65,35
4950,807,17,2023-10-13,3,71.64,21
4951,1536,33,2024-03-16,3,71.46,30
4952,843,4,2024-03-26,2,95.64,22
4953,895,39,2023-09-28,4,208.88,20
4954,873,33,2025-03-17,5,119.1,3
4955,8,41,2026-08-22,5,286.55,7
4956,713,46,2023-11-21,5,158.85,38
4957,1421,8,2026-01-17,4,71.72,18
4958,552,21,2024-06-24,5,64.2,1
4959,130,14,2023-09-11,5,261.45,38
4960,1908,21,2024-02-06,2,25.68,11
4961,1849,23,2023-11-07,2,61.04,2
4962,1970,18,2024-07-10,1,37.59,1
4963,578,39,2026-01-20,2,104.44,16
4964,1208,25,2025-07-20,3,103.59,31
4965,1296,8,2024-05-01,1,17.93,6
4966,1499,31,2023-11-02,1,17.66,13
4967,1565,3,2024-11-01,4,200.4,12
4968,75,12,2025-04-02,2,41.32,38
4969,1895,21,2024-03-13,3,38.52,1
4970,840,27,2025-08-21,3,67.5,4
4971,1260,3,2024-10-27,3,150.3,32
4972,1578,20,2026-08-01,3,135.51,14
4973,858,38,2026-06-02,1,19.63,34
4974,1968,9,2024-11-21,5,113.0,20
4975,308,28,2024-01-11,3,159.39,12
4976,1590,49,2024-10-21,4,176.72,32
4977,16,45,2024-12-09,1,45.07,22
4978,625,45,2025-08-01,2,90.14,25
4979,966,8,2026-01-16,5,89.65,8
4980,329,8,2025-03-27,5,89.65,9
4981,1811,8,2023-10-23,3,53.79,2
4982,957,46,2026-05-15,1,31.77,9
4983,847,45,2025-12-30,2,90.14,28
4984,467,28,2024-04-15,3,159.39,3
4985,478,29,2026-06-12,2,80.6,17
4986,1914,26,2024-03-08,5,273.2,27
4987,583,7,2025-06-19,1,33.34,10
4988,1099,38,2024-11-22,2,39.26,36
4989,323,37,2025-10-02,4,72.08,24
4990,20,24,2025-12-20,2,50.54,39
4991,1412,38,2023-11-11,4,78.52,12
4992,626,44,2024-04-06,1,23.11,32
4993,110,27,2023-12-28,5,112.5,5
4994,683,1,2024-02-24,2,103.54,38
4995,1643,17,2025-05-16,1,23.88,25
4996,852,18,2025-08-28,3,112.77,36
4997,316,8,2025-09-26,5,89.65,31
4998,129,48,2024-04-09,3,42.81,31
4999,1528,15,2025-02-28,3,105.06,39
5000,303,23,2025-06-20,1,30.52,8
5001,783,25,2024-11-04,4,138.12,9
5002,1550,48,2024-10-13,3,42.81,17
5003,336,23,2023-10-12,3,91.56,36
5004,870,9,2025-07-12,5,113.0,15
5005,399,37,2024-03-08,2,36.04,28
5006,37,23,2025-12-10,5,152.6,11
5007,1311,13,2025-03-31,2,34.92,4
5008,352,5,2025-05-16,3,162.69,40
5009,1306,20,2024-03-30,1,45.17,30
5010,1965,4,2026-08-27,4,191.28,28
5011,1474,49,2024-10-29,4,176.72,13
5012,1121,48,2024-10-08,1,14.27,39
5013,1451,1,2026-02-04,3,155.31,20
5014,885,13,2025-10-25,2,34.92,7
5015,1157,6,2024-08-17,5,113.25,6
5016,298,22,2025-04-29,5,186.6,29
5017,1454,34,2024-02-03,3,110.67,1
5018,580,27,2023-09-13,3,67.5,27
5019,1997,35,2025-10-04,2,31.88,6
5020,267,37,2026-06-27,5,90.1,29
5021,331,28,2025-02-03,2,106.26,24
5022,1709,21,2023-11-07,1,12.84,35
5023,1054,5,2024-12-05,4,216.92,29
5024,583,46,2024-03-08,3,95.31,13
5025,1296,44,2024-09-30,3,69.33,3
5026,922,50,2026-06-05,1,18.78,3
5027,1508,39,2026-02-12,1,52.22,38
5028,971,43,2024-08-22,3,142.83,3
5029,1003,47,2026-01-02,5,251.35,9
5030,960,42,2026-03-28,2,52.82,30
5031,1296,25,2024-09-14,1,34.53,34
5032,279,46,2024-11-21,1,31.77,19
5033,1039,38,2024-03-02,4,78.52,28
5034,1004,32,2024-06-28,3,93.15,20
5035,1166,25,2025-01-20,5,172.65,16
5036,1606,30,2024-12-19,2,88.36,40
5037,1329,11,2025-06-09,4,55.96,1
5038,650,1,2024-08-14,4,207.08,6
5039,385,3,2025-04-08,4,200.4,37
5040,1892,40,2024-02-28,3,100.89,7
5041,1369,35,2025-08-23,2,31.88,11
5042,144,14,2025-01-16,1,52.29,20
5043,1638,10,2026-07-30,1,52.15,2
5044,1414,9,2025-09-03,3,67.8,33
5045,105,10,2025-03-14,5,260.75,29
5046,1254,37,2024-01-23,2,36.04,9
5047,177,10,2025-02-21,3,156.45,16
5048,514,41,2026-06-22,2,114.62,15
5049,1501,17,2026-08-25,5,119.4,24
5050,1380,36,2026-08-31,3,99.87,14
5051,1286,18,2023-11-02,5,187.95,29
5052,1369,12,2026-02-09,5,103.3,27
5053,171,48,2024-07-20,5,71.35,38
5054,304,7,2024-09-04,5,166.7,30
5055,1439,44,2024-12-05,3,69.33,9
5056,951,6,2025-09-17,4,90.6,12
5057,1040,40,2024-04-23,2,67.26,24
5058,1785,5,2025-01-02,4,216.92,23
5059,1622,35,2023-09-28,4,63.76,2
5060,1224,36,2026-03-13,1,33.29,8
5061,990,7,2026-03-22,2,66.68,16
5062,1444,25,2025-03-16,1,34.53,8
5063,1638,48,2025-12-12,4,57.08,35
5064,697,47,2025-06-15,1,50.27,14
5065,436,18,2024-03-25,5,187.95,32
5066,1193,14,2025-06-05,5,261.45,22
5067,1100,47,2025-02-08,1,50.27,14
5068,627,44,2026-08-14,4,92.44,7
5069,1738,4,2026-04-06,2,95.64,29
5070,1615,48,2025-03-12,4,57.08,40
5071,1690,7,2026-08-01,2,66.68,38
5072,1488,15,2026-08-18,2,70.04,19
5073,563,11,2025-09-16,4,55.96,11
5074,1504,26,2025-11-25,1,54.64,31
5075,140,38,2026-07-15,5,98.15,9
5076,1981,9,2026-02-21,3,67.8,18
5077,1969,29,2024-11-16,5,201.5,30
5078,182,47,2026-05-17,3,150.81,37
5079,1415,50,2024-02-19,1,18.78,7
5080,1967,40,2026-03-17,2,67.26,11
5081,1213,39,2025-06-04,1,52.22,29
5082,513,20,2025-04-27,5,225.85,20
5083,87,14,2026-05-26,1,52.29,20
5084,1838,17,2026-05-01,5,119.4,18
5085,1559,13,2026-05-02,2,34.92,30
5086,1502,49,2025-09-11,1,44.18,40
5087,270,7,2026-08-04,5,166.7,37
5088,981,39,2025-10-27,5,261.1,39
5089,752,38,2024-07-11,5,98.15,33
5090,710,38,2025-01-17,1,19.63,21
5091,1115,1,2026-01-11,4,207.08,14
5092,996,13,2025-08-27,1,17.46,33
5093,1001,25,2025-03-30,2,69.06,5
5094,757,49,2025-09-23,2,88.36,13
5095,1379,2,2026-03-17,2,107.48,27
5096,1722,45,2024-11-27,2,90.14,26
5097,1607,31,2025-08-31,1,17.66,7
5098,1168,17,2024-07-01,1,23.88,38
5099,1472,46,2024-03-19,3,95.31,18
5100,1100,4,2025-01-14,2,95.64,13
5101,472,43,2026-06-23,5,238.05,3
5102,1680,20,2025-04-24,1,45.17,15
5103,454,7,2024-09-06,5,166.7,16
5104,866,11,2026-04-23,3,41.97,35
5105,1950,50,2026-07-20,3,56.34,19
5106,1841,49,2026-06-21,3,132.54,25
5107,1340,3,2026-05-16,5,250.5,20
5108,481,37,2023-11-13,5,90.1,3
5109,743,31,2025-09-27,5,88.3,37
5110,421,6,2026-06-20,2,45.3,31
5111,1893,32,2024-09-08,3,93.15,33
5112,1097,23,2025-11-26,5,152.6,10
5113,596,27,2025-02-26,5,112.5,18
5114,852,34,2026-01-26,1,36.89,15
5115,1120,30,2026-07-20,5,220.9,9
5116,1974,34,2026-04-10,3,110.67,23
5117,1150,38,2025-05-13,1,19.63,26
5118,702,28,2024-05-05,1,53.13,8
5119,1372,39,2024-02-22,4,208.88,13
5120,1326,30,2024-06-20,2,88.36,12
5121,1871,40,2024-08-14,5,168.15,14
5122,1310,22,2025-08-19,5,186.6,21
5123,1630,6,2026-05-22,1,22.65,38
5124,474,29,2026-02-16,5,201.5,2
5125,181,33,2023-11-06,5,119.1,13
5126,465,34,2024-02-01,1,36.89,35
5127,575,25,2026-04-30,1,34.53,38
5128,1377,3,2023-10-24,4,200.4,6
5129,352,48,2023-10-02,1,14.27,31
5130,304,27,2025-01-13,4,90.0,14
5131,746,29,2024-03-04,1,40.3,5
5132,1952,42,2024-05-26,1,26.41,32
5133,973,27,2024-05-31,5,112.5,12
5134,755,41,2025-05-23,5,286.55,23
5135,394,40,2024-02-09,3,100.89,19
5136,646,14,2025-05-01,1,52.29,9
5137,1499,25,2023-09-16,3,103.59,1
5138,1088,16,2023-10-15,1,57.25,9
5139,363,28,2026-06-29,3,159.39,13
5140,419,31,2025-01-20,4,70.64,15
5141,1800,42,2025-02-25,4,105.64,2
5142,1940,20,2024-11-22,3,135.51,14
5143,315,48,2023-12-22,1,14.27,28
5144,1816,17,2026-02-22,1,23.88,39
5145,1636,16,2024-11-25,4,229.0,29
5146,1857,41,2024-12-10,2,114.62,34
5147,931,3,2024-06-02,4,200.4,21
5148,417,17,2025-08-21,1,23.88,12
5149,63,43,2025-07-01,3,142.83,32
5150,1088,30,2026-08-13,4,176.72,21
5151,644,17,2025-04-11,2,47.76,37
5152,533,19,2026-03-18,2,102.66,11
5153,231,1,2025-01-26,4,207.08,19
5154,1807,27,2024-07-09,1,22.5,21
5155,560,11,2026-05-20,4,55.96,14
5156,161,46,2023-10-01,2,63.54,31
5157,63,2,2024-02-16,3,161.22,13
5158,1729,12,2024-07-30,2,41.32,19
5159,583,47,2025-01-12,3,150.81,27
5160,138,11,2023-11-15,5,69.95,36
5161,932,37,2025-02-01,5,90.1,7
5162,1269,40,2023-09-23,5,168.15,38
5163,1372,15,2024-06-03,3,105.06,29
5164,1707,34,2026-04-04,3,110.67,3
5165,564,7,2025-08-14,1,33.34,38
5166,1826,32,2025-05-15,3,93.15,24
5167,1105,43,2025-07-01,2,95.22,13
5168,109,17,2023-11-19,1,23.88,10
5169,1391,33,2025-03-02,3,71.46,24
5170,1625,4,2024-10-03,2,95.64,5
5171,417,22,2024-09-22,3,111.96,33
5172,587,3,2026-03-07,4,200.4,8
5173,1465,13,2024-05-03,5,87.3,37
5174,657,29,2023-12-15,5,201.5,34
5175,1896,36,2024-05-27,1,33.29,18
5176,1530,13,2023-10-11,1,17.46,22
5177,1718,39,2023-09-19,4,208.88,9
5178,675,6,2025-09-18,1,22.65,34
5179,340,4,2025-08-23,4,191.28,23
5180,491,8,2025-03-07,5,89.65,35
5181,1249,34,2024-09-10,1,36.89,10
5182,245,48,2026-07-16,5,71.35,34
5183,1517,49,2024-11-09,2,88.36,36
5184,523,17,2023-12-23,1,23.88,2
5185,1772,21,2024-07-22,5,64.2,20
5186,705,2,2025-07-26,3,161.22,32
5187,66,41,2024-04-18,1,57.31,30
5188,492,37,2025-08-19,5,90.1,30
5189,1808,8,2026-08-10,5,89.65,36
5190,29,15,2026-04-13,2,70.04,16
5191,815,29,2025-11-04,5,201.5,31
5192,52,21,2024-02-21,5,64.2,24
5193,1037,40,2025-08-30,1,33.63,39
5194,89,15,2025-07-03,3,105.06,21
5195,1740,23,2024-06-08,2,61.04,15
5196,1418,22,2026-02-20,2,74.64,17
5197,679,39,2024-02-09,2,104.44,8
5198,1166,36,2026-07-13,4,133.16,33
5199,1506,42,2026-06-16,2,52.82,12
5200,97,35,2025-02-14,1,15.94,30
5201,1611,15,2024-03-30,2,70.04,10
5202,1660,45,2024-07-20,5,225.35,24
5203,1527,42,2024-08-16,3,79.23,4
5204,520,50,2025-01-16,1,18.78,36
5205,988,39,2024-06-19,2,104.44,21
5206,862,19,2026-05-14,1,51.33,38
5207,1000,11,2025-06-08,1,13.99,16
5208,1535,48,2024-03-02,5,71.35,29
5209,166,7,2025-09-13,1,33.34,9
5210,81,33,2024-08-05,2,47.64,39
5211,2000,38,2026-02-18,2,39.26,2
5212,1540,6,2024-05-06,3,67.95,9
5213,697,19,2024-02-14,2,102.66,11
5214,64,33,2024-08-02,1,23.82,10
5215,1427,20,2026-07-25,2,90.34,26
5216,39,46,2026-01-19,3,95.31,12
5217,1200,37,2024-01-21,4,72.08,21
5218,693,15,2025-07-27,2,70.04,35
5219,205,9,2025-10-09,1,22.6,35
5220,590,41,2023-12-04,4,229.24,29
5221,652,1,2024-08-23,2,103.54,40
5222,481,4,2024-04-17,1,47.82,27
5223,1887,4,2024-07-13,2,95.64,25
5224,84,24,2025-10-04,3,75.81,2
5225,1271,47,2026-01-25,2,100.54,14
5226,144,18,2024-08-09,4,150.36,13
5227,348,23,2024-03-17,2,61.04,25
5228,1317,43,2023-12-12,3,142.83,16
5229,1454,23,2025-12-07,4,122.08,16
5230,933,15,2024-01-07,2,70.04,37
5231,1126,33,2024-07-31,5,119.1,16
5232,44,1,2026-02-08,5,258.85,40
5233,791,17,2025-06-19,5,119.4,17
5234,1318,46,2025-12-09,5,158.85,32
5235,1146,45,2025-05-06,5,225.35,30
5236,3,43,2026-03-14,2,95.22,35
5237,1567,33,2024-12-07,1,23.82,22
5238,188,19,2026-05-08,4,205.32,8
5239,174,45,2024-07-03,1,45.07,22
5240,1329,50,2024-06-27,3,56.34,18
5241,123,15,2026-01-07,2,70.04,14
5242,828,28,2025-09-11,4,212.52,11
5243,1857,18,2025-05-08,1,37.59,33
5244,1339,8,2024-06-02,1,17.93,32
5245,1375,34,2025-01-17,5,184.45,4
5246,1426,41,2025-01-25,2,114.62,33
5247,61,29,2025-05-07,4,161.2,10
5248,801,48,2024-09-23,1,14.27,14
5249,242,24,2023-11-15,2,50.54,11
5250,1255,31,2025-04-01,5,88.3,18
5251,976,15,2026-02-22,3,105.06,28
5252,1153,41,2026-06-27,5,286.55,19
5253,1749,9,2026-07-09,2,45.2,29
5254,1678,45,2026-07-25,5,225.35,7
5255,774,29,2026-06-12,1,40.3,38
5256,1393,14,2024-05-16,5,261.45,10
5257,275,29,2024-05-18,1,40.3,11
5258,737,46,2025-07-26,4,127.08,16
5259,666,36,2025-02-07,5,166.45,37
5260,842,8,2024-03-05,3,53.79,3
5261,503,38,2023-11-14,2,39.26,15
5262,712,36,2025-04-15,1,33.29,24
5263,1337,30,2024-03-20,4,176.72,32
5264,788,13,2025-09-18,2,34.92,35
5265,462,27,2024-12-09,1,22.5,24
5266,396,13,2024-06-14,2,34.92,32
5267,1650,18,2023-12-15,2,75.18,1
5268,731,43,2024-04-29,3,142.83,10
5269,1907,5,2023-11-22,4,216.92,13
5270,681,11,2024-05-21,2,27.98,27
5271,437,23,2025-06-17,3,91.56,40
5272,556,5,2025-06-17,5,271.15,36
5273,1360,28,2025-11-25,1,53.13,8
5274,1598,25,2025-10-03,1,34.53,21
5275,880,12,2024-06-07,4,82.64,23
5276,837,50,2024-01-26,1,18.78,38
5277,1227,50,2025-03-15,5,93.9,31
5278,1784,19,2025-02-01,5,256.65,14
5279,799,1,2024-09-03,2,103.54,34
5280,1504,18,2024-12-18,5,187.95,10
5281,1216,3,2024-05-26,2,100.2,36
5282,128,39,2023-12-17,2,104.44,39
5283,1894,16,2023-09-26,2,114.5,30
5284,964,29,2025-07-29,5,201.5,33
5285,1817,16,2023-12-21,4,229.0,18
5286,1642,8,2023-09-11,3,53.79,38
5287,637,17,2024-10-17,4,95.52,10
5288,364,10,2024-11-29,4,208.6,23
5289,1086,25,2024-02-01,1,34.53,34
5290,1953,49,2023-12-04,1,44.18,12
5291,587,1,2025-06-22,5,258.85,30
5292,845,8,2025-09-26,1,17.93,2
5293,757,39,2024-09-14,4,208.88,25
5294,48,11,2025-03-11,5,69.95,5
5295,979,25,2026-08-11,4,138.12,16
5296,1530,17,2025-05-26,2,47.76,38
5297,560,18,2025-08-13,2,75.18,39
5298,1873,42,2024-06-01,1,26.41,29
5299,249,3,2024-10-12,2,100.2,14
5300,1502,6,2025-11-02,5,113.25,28
5301,1967,33,2025-07-14,5,119.1,19
5302,1122,22,2024-11-26,3,111.96,22
5303,342,48,2026-02-26,3,42.81,24
5304,1048,23,2025-06-12,2,61.04,36
5305,205,7,2026-09-07,1,33.34,11
5306,1083,17,2024-09-03,1,23.88,25
5307,1733,16,2025-10-17,1,57.25,36
5308,150,2,2024-01-05,1,53.74,13
5309,1810,33,2024-10-03,4,95.28,30
5310,1386,29,2025-02-15,5,201.5,9
5311,1443,43,2024-10-05,5,238.05,39
5312,1621,12,2024-02-18,3,61.98,19
5313,898,13,2025-04-27,5,87.3,3
5314,445,20,2023-10-27,2,90.34,8
5315,1130,33,2025-08-19,5,119.1,22
5316,548,14,2026-05-22,5,261.45,28
5317,553,24,2025-06-12,2,50.54,28
5318,1376,39,2023-09-12,4,208.88,21
5319,719,31,2025-06-25,3,52.98,33
5320,760,19,2023-11-07,2,102.66,37
5321,1440,39,2025-10-09,2,104.44,17
5322,363,16,2026-06-25,3,171.75,13
5323,307,10,2024-10-01,4,208.6,14
5324,142,45,2025-10-18,5,225.35,28
5325,1099,39,2025-12-17,3,156.66,33
5326,746,45,2024-11-09,3,135.21,39
5327,714,50,2025-02-14,5,93.9,7
5328,496,39,2024-03-03,2,104.44,37
5329,646,7,2025-09-07,1,33.34,30
5330,949,21,2026-01-22,5,64.2,34
5331,1193,14,2024-11-18,3,156.87,36
5332,1808,46,2026-05-23,3,95.31,31
5333,1777,50,2024-01-27,3,56.34,30
5334,4,21,2023-09-16,4,51.36,35
5335,1231,7,2024-06-15,3,100.02,21
5336,1594,5,2024-07-27,4,216.92,10
5337,62,16,2024-12-30,3,171.75,12
5338,583,5,2025-05-21,3,162.69,39
5339,1096,34,2026-08-30,3,110.67,36
5340,1518,34,2026-09-02,4,147.56,31
5341,1847,42,2026-03-06,1,26.41,12
5342,1096,37,2024-11-09,3,54.06,33
5343,1210,29,2026-07-05,4,161.2,30
5344,1080,45,2024-04-23,5,225.35,9
5345,215,40,2024-12-15,2,67.26,35
5346,1423,35,2025-12-13,3,47.82,12
5347,657,40,2026-05-24,5,168.15,3
5348,735,27,2023-10-30,4,90.0,17
5349,874,4,2023-09-28,2,95.64,5
5350,484,13,2024-10-01,4,69.84,9
5351,480,46,2025-06-19,4,127.08,16
5352,616,43,2023-11-04,2,95.22,40
5353,493,46,2024-10-17,4,127.08,31
5354,426,7,2025-01-27,3,100.02,14
5355,740,31,2026-05-09,1,17.66,15
5356,1368,4,2026-08-30,1,47.82,10
5357,494,16,2026-06-14,4,229.0,38
5358,991,2,2026-01-26,1,53.74,1
5359,1350,36,2025-10-21,5,166.45,1
5360,148,28,2023-12-03,4,212.52,35
5361,1975,28,2026-07-07,3,159.39,27
5362,599,22,2025-12-28,3,111.96,15
5363,1174,47,2025-03-19,5,251.35,5
5364,799,33,2024-06-13,3,71.46,17
5365,1498,40,2025-01-31,2,67.26,35
5366,140,36,2024-06-12,3,99.87,22
5367,199,34,2024-10-29,4,147.56,6
5368,153,7,2025-10-03,5,166.7,4
5369,927,25,2025-05-26,5,172.65,39
5370,1067,44,2024-02-26,1,23.11,17
5371,190,27,2025-03-30,3,67.5,23
5372,745,15,2023-12-09,5,175.1,26
5373,1619,40,2024-06-11,4,134.52,14
5374,1736,43,2026-01-16,2,95.22,23
5375,1391,34,2025-05-29,4,147.56,14
5376,1334,34,2026-07-12,2,73.78,25
5377,632,18,2025-06-16,2,75.18,18
5378,222,24,2026-08-25,5,126.35,5
5379,1983,35,2025-07-21,2,31.88,34
5380,1425,49,2025-10-25,2,88.36,29
5381,422,48,2025-07-09,1,14.27,32
5382,1922,1,2025-12-29,3,155.31,11
5383,271,10,2025-11-06,3,156.45,29
5384,1628,18,2025-01-27,1,37.59,21
5385,1459,42,2025-08-06,3,79.23,12
5386,452,23,2024-11-25,5,152.6,22
5387,317,14,2026-08-20,3,156.87,21
5388,1327,15,2025-10-16,1,35.02,7
5389,1718,9,2025-07-13,5,113.0,10
5390,1500,45,2025-02-08,2,90.14,23
5391,1128,33,2025-06-01,5,119.1,40
5392,979,36,2024-01-16,1,33.29,18
5393,1811,10,2023-12-29,5,260.75,10
5394,1981,28,2025-06-24,3,159.39,31
5395,1953,36,2024-01-21,5,166.45,13
5396,1843,38,2023-10-07,1,19.63,21
5397,1517,30,2026-05-18,3,132.54,7
5398,1434,18,2026-04-04,5,187.95,31
5399,357,50,2024-08-10,4,75.12,34
5400,729,36,2024-09-23,5,166.45,17
5401,1699,40,2026-06-26,1,33.63,7
5402,1689,17,2023-12-09,5,119.4,5
5403,876,25,2025-12-05,1,34.53,26
5404,913,37,2026-05-23,2,36.04,39
5405,872,17,2026-08-31,5,119.4,31
5406,329,45,2026-08-26,4,180.28,34
5407,128,17,2025-08-16,1,23.88,9
5408,1892,20,2025-09-13,3,135.51,19
5409,772,50,2026-08-04,4,75.12,17
5410,302,2,2024-10-10,4,214.96,9
5411,140,34,2024-05-29,3,110.67,40
5412,904,26,2025-09-01,3,163.92,6
5413,1050,32,2026-04-01,5,155.25,12
5414,1245,37,2025-03-02,5,90.1,2
5415,993,19,2026-04-05,1,51.33,8
5416,22,19,2024-07-11,3,153.99,11
5417,1931,18,2023-12-31,1,37.59,6
5418,1395,4,2024-10-13,3,143.46,19
5419,1233,46,2025-02-11,2,63.54,2
5420,69,12,2024-05-28,1,20.66,15
5421,598,23,2025-01-21,2,61.04,38
5422,1360,6,2025-11-13,4,90.6,30
5423,187,16,2025-08-18,2,114.5,3
5424,884,10,2025-09-09,2,104.3,16
5425,717,48,2024-12-05,1,14.27,39
5426,1048,36,2025-09-14,5,166.45,10
5427,1412,22,2026-03-09,2,74.64,31
5428,508,22,2024-03-21,2,74.64,9
5429,1817,30,2024-05-27,1,44.18,30
5430,1772,2,2025-01-24,3,161.22,19
5431,950,26,2025-02-27,2,109.28,28
5432,117,44,2024-04-19,4,92.44,30
5433,294,31,2023-12-01,1,17.66,28
5434,720,40,2024-02-06,4,134.52,4
5435,988,46,2025-04-24,1,31.77,33
5436,410,25,2025-05-09,2,69.06,13
5437,1189,16,2025-04-09,3,171.75,16
5438,1138,14,2026-08-16,1,52.29,24
5439,723,2,2025-09-18,5,268.7,37
5440,1124,22,2024-12-06,3,111.96,20
5441,298,15,2026-03-30,4,140.08,16
5442,418,3,2026-05-11,4,200.4,11
5443,4,42,2024-03-08,3,79.23,3
5444,309,4,2025-12-06,5,239.1,17
5445,756,31,2023-09-21,2,35.32,36
5446,241,30,2023-11-14,2,88.36,33
5447,413,41,2026-03-25,4,229.24,7
5448,929,3,2026-02-19,3,150.3,36
5449,569,22,2024-06-23,2,74.64,18
5450,1265,29,2025-01-21,2,80.6,12
5451,1106,38,2024-05-23,3,58.89,1
5452,691,48,2025-08-28,4,57.08,4
5453,999,28,2025-05-27,5,265.65,36
5454,1389,33,2024-01-27,1,23.82,5
5455,846,1,2025-07-09,2,103.54,16
5456,850,19,2025-04-03,5,256.65,35
5457,706,10,2023-09-24,3,156.45,4
5458,627,8,2025-01-26,3,53.79,19
5459,1690,9,2026-01-24,1,22.6,8
5460,125,49,2026-01-20,2,88.36,22
5461,1219,9,2026-02-12,4,90.4,35
5462,1674,36,2024-05-14,1,33.29,25
5463,1704,9,2025-01-12,1,22.6,21
5464,1284,32,2024-02-19,1,31.05,14
5465,459,23,2024-03-03,4,122.08,28
5466,1434,11,2024-10-24,1,13.99,30
5467,936,16,2025-08-14,3,171.75,20
5468,555,48,2025-03-25,1,14.27,31
5469,1327,7,2026-08-01,4,133.36,31
5470,1883,10,2024-05-01,4,208.6,14
5471,1849,47,2026-06-29,5,251.35,5
5472,1103,9,2024-06-23,1,22.6,32
5473,574,11,2026-07-04,4,55.96,21
5474,745,22,2023-09-27,5,186.6,40
5475,241,36,2025-07-19,5,166.45,9
5476,1952,41,2024-04-12,5,286.55,26
5477,1767,41,2024-01-14,4,229.24,17
5478,774,26,2024-09-20,3,163.92,13
5479,1297,36,2025-05-15,4,133.16,39
5480,79,7,2025-06-20,5,166.7,27
5481,608,42,2026-08-06,4,105.64,27
5482,283,18,2023-09-21,1,37.59,11
5483,29,25,2023-12-09,2,69.06,38
5484,1707,42,2025-10-06,1,26.41,3
5485,1952,7,2024-12-28,4,133.36,37
5486,863,7,2024-06-20,5,166.7,29
5487,1604,7,2024-06-25,3,100.02,24
5488,575,24,2024-08-29,3,75.81,8
5489,1542,8,2025-03-30,1,17.93,19
5490,1623,20,2025-10-05,1,45.17,37
5491,636,33,2025-04-04,2,47.64,6
5492,1087,5,2024-04-14,4,216.92,32
5493,1503,18,2025-04-20,4,150.36,26
5494,498,21,2024-10-01,2,25.68,24
5495,296,11,2024-12-01,4,55.96,17
5496,401,45,2023-11-13,2,90.14,21
5497,1113,35,2024-08-18,4,63.76,8
5498,784,39,2025-02-25,1,52.22,7
5499,216,19,2026-03-22,5,256.65,39
5500,1059,9,2024-03-06,4,90.4,1
5501,172,19,2025-02-27,4,205.32,20
5502,1528,26,2025-07-17,3,163.92,30
5503,1228,47,2025-02-25,5,251.35,12
5504,1927,29,2025-11-01,4,161.2,24
5505,1818,21,2025-01-25,2,25.68,39
5506,1258,16,2023-11-14,2,114.5,10
5507,705,12,2023-10-12,3,61.98,6
5508,400,34,2024-05-14,1,36.89,35
5509,1049,46,2025-04-27,5,158.85,24
5510,628,3,2023-10-15,3,150.3,24
5511,1545,7,2026-09-06,2,66.68,26
5512,17,48,2024-05-08,2,28.54,39
5513,1759,38,2024-06-26,1,19.63,15
5514,1101,50,2025-10-09,2,37.56,39
5515,780,34,2023-10-25,3,110.67,35
5516,108,30,2025-11-09,4,176.72,24
5517,1967,27,2024-03-27,3,67.5,2
5518,1782,9,2026-07-11,4,90.4,33
5519,827,34,2023-10-15,1,36.89,18
5520,1030,43,2025-10-23,5,238.05,12
5521,1088,19,2024-09-22,1,51.33,36
5522,1826,42,2025-10-26,1,26.41,34
5523,1111,7,2026-05-11,2,66.68,35
5524,1154,4,2023-10-08,1,47.82,3
5525,1004,50,2025-10-26,1,18.78,9
5526,1994,39,2024-06-07,1,52.22,26
5527,284,36,2024-11-17,5,166.45,25
5528,1156,15,2025-01-26,2,70.04,3
5529,167,50,2024-09-20,2,37.56,7
5530,649,1,2024-05-27,4,207.08,12
5531,398,49,2025-06-27,2,88.36,16
5532,462,32,2026-02-13,4,124.2,14
5533,531,14,2025-08-28,3,156.87,8
5534,1136,15,2024-09-30,5,175.1,7
5535,1222,50,2025-08-02,3,56.34,38
5536,559,28,2026-05-25,5,265.65,5
5537,1035,34,2024-09-09,4,147.56,11
5538,358,45,2024-12-04,1,45.07,34
5539,1532,4,2025-11-19,3,143.46,13
5540,1957,49,2024-06-15,2,88.36,17
5541,1359,11,2026-02-18,5,69.95,26
5542,1506,3,2025-04-15,3,150.3,12
5543,1102,11,2026-01-18,4,55.96,22
5544,1687,27,2026-02-04,5,112.5,11
5545,492,5,2024-07-19,1,54.23,31
5546,1657,28,2025-10-29,1,53.13,9
5547,1922,23,2026-07-06,1,30.52,20
5548,151,36,2026-03-20,4,133.16,37
5549,183,41,2025-05-18,2,114.62,21
5550,1753,39,2025-10-26,3,156.66,6
5551,1828,28,2025-04-28,3,159.39,39
5552,1077,47,2024-05-11,2,100.54,9
5553,502,11,2026-01-16,5,69.95,33
5554,1173,47,2023-10-18,2,100.54,25
5555,78,42,2024-12-30,4,105.64,10
5556,1415,35,2025-12-22,2,31.88,29
5557,961,6,2024-06-04,1,22.65,20
5558,85,45,2025-04-04,1,45.07,37
5559,1130,45,2024-01-13,4,180.28,10
5560,1286,35,2025-02-06,4,63.76,39
5561,162,11,2025-03-19,4,55.96,38
5562,1874,23,2025-01-16,4,122.08,14
5563,262,42,2023-11-15,3,79.23,5
5564,1515,23,2024-08-29,1,30.52,7
5565,1829,32,2026-03-27,5,155.25,5
5566,596,5,2025-01-16,1,54.23,25
5567,120,34,2025-09-19,5,184.45,5
5568,1375,28,2023-12-11,3,159.39,3
5569,1221,19,2026-06-18,3,153.99,35
5570,1128,4,2025-08-05,4,191.28,26
5571,1002,38,2026-06-13,3,58.89,15
5572,761,30,2026-09-08,3,132.54,2
5573,1809,8,2024-06-10,4,71.72,23
5574,1320,17,2024-06-22,5,119.4,26
5575,1391,19,2025-12-16,2,102.66,16
5576,607,36,2024-05-07,4,133.16,20
5577,386,16,2024-02-11,2,114.5,28
5578,568,38,2026-01-11,4,78.52,17
5579,1947,15,2025-03-24,4,140.08,1
5580,1228,29,2024-01-06,3,120.9,23
5581,794,43,2025-01-15,2,95.22,23
5582,1964,20,2024-10-04,4,180.68,8
5583,1063,19,2024-02-22,4,205.32,23
5584,1396,27,2025-01-03,2,45.0,26
5585,1409,47,2025-02-02,3,150.81,34
5586,368,30,2026-04-05,4,176.72,7
5587,940,12,2025-11-07,2,41.32,24
5588,1401,14,2025-05-09,5,261.45,14
5589,1128,27,2024-02-08,4,90.0,22
5590,803,22,2024-06-17,3,111.96,40
5591,1210,25,2023-11-30,2,69.06,37
5592,10,49,2026-05-09,2,88.36,20
5593,636,18,2025-01-12,1,37.59,22
5594,1796,26,2026-08-17,1,54.64,14
5595,1866,11,2023-12-02,2,27.98,33
5596,1841,25,2025-03-31,3,103.59,39
5597,1495,12,2025-07-02,3,61.98,7
5598,1115,49,2024-07-03,2,88.36,33
5599,1268,23,2024-01-10,5,152.6,12
5600,314,18,2024-12-17,4,150.36,33
5601,674,13,2025-02-19,4,69.84,33
5602,537,8,2025-12-04,5,89.65,38
5603,231,50,2024-02-11,5,93.9,13
5604,945,31,2024-10-22,3,52.98,26
5605,733,17,2024-02-23,3,71.64,2
5606,1613,28,2024-01-02,3,159.39,1
5607,988,34,2023-10-09,1,36.89,20
5608,82,28,2026-06-16,1,53.13,10
5609,1642,11,2023-10-07,4,55.96,18
5610,159,46,2025-06-16,2,63.54,9
5611,1870,48,2026-02-26,2,28.54,24
5612,1099,17,2024-02-04,4,95.52,37
5613,1593,4,2026-02-11,1,47.82,31
5614,34,27,2025-11-27,1,22.5,20
5615,932,39,2026-04-15,5,261.1,16
5616,1824,34,2024-10-07,5,184.45,3
5617,1102,43,2024-06-07,4,190.44,17
5618,1970,37,2024-10-02,3,54.06,14
5619,313,42,2026-06-14,4,105.64,18
5620,1273,6,2025-05-17,5,113.25,4
5621,1008,4,2025-06-17,5,239.1,3
5622,1987,6,2025-09-19,2,45.3,12
5623,1964,22,2025-07-05,5,186.6,10
5624,1820,46,2025-11-28,3,95.31,15
5625,1198,20,2026-06-09,2,90.34,36
5626,1428,36,2024-03-18,1,33.29,1
5627,102,3,2026-01-23,3,150.3,24
5628,309,39,2026-08-13,1,52.22,33
5629,1506,30,2024-10-16,3,132.54,31
5630,1539,13,2024-04-21,5,87.3,29
5631,852,5,2024-11-14,4,216.92,32
5632,1128,16,2024-05-26,3,171.75,8
5633,1588,37,2024-04-09,1,18.02,31
5634,676,10,2024-02-14,4,208.6,11
5635,1384,31,2024-06-02,5,88.3,2
5636,483,8,2025-08-27,5,89.65,9
5637,1972,22,2025-05-17,3,111.96,17
5638,1400,49,2024-04-23,5,220.9,9
5639,1651,30,2023-12-02,1,44.18,9
5640,1931,47,2023-11-09,2,100.54,1
5641,1059,20,2024-04-07,4,180.68,5
5642,1525,50,2025-08-30,4,75.12,15
5643,1825,13,2026-08-30,2,34.92,3
5644,1694,46,2026-07-09,5,158.85,6
5645,531,24,2024-08-04,3,75.81,19
5646,932,37,2024-03-07,5,90.1,26
5647,877,1,2026-08-14,1,51.77,35
5648,1435,42,2024-11-14,2,52.82,18
5649,484,31,2026-08-23,2,35.32,31
5650,287,1,2024-10-16,1,51.77,26
5651,178,39,2024-09-29,5,261.1,34
5652,41,47,2024-01-03,3,150.81,16
5653,1837,16,2025-10-03,5,286.25,9
5654,714,2,2025-01-23,5,268.7,22
5655,907,50,2024-10-03,2,37.56,36
5656,295,40,2025-02-19,5,168.15,36
5657,433,50,2025-10-25,4,75.12,32
5658,1115,19,2024-05-14,5,256.65,7
5659,565,22,2025-02-21,2,74.64,34
5660,127,36,2025-10-29,4,133.16,36
5661,870,18,2026-04-21,2,75.18,15
5662,1580,5,2023-10-27,5,271.15,27
5663,190,25,2026-06-10,3,103.59,36
5664,1725,49,2025-09-19,3,132.54,8
5665,1791,15,2025-05-16,2,70.04,33
5666,970,37,2026-06-23,2,36.04,27
5667,171,37,2026-01-03,4,72.08,10
5668,911,40,2024-06-13,5,168.15,34
5669,260,33,2025-04-16,5,119.1,11
5670,243,50,2024-04-05,2,37.56,19
5671,1198,49,2025-09-21,5,220.9,12
5672,828,26,2025-01-19,5,273.2,13
5673,1454,17,2024-02-16,2,47.76,19
5674,607,43,2025-01-29,1,47.61,30
5675,786,10,2025-03-22,2,104.3,37
5676,914,42,2025-05-10,5,132.05,14
5677,533,29,2026-08-18,5,201.5,5
5678,1961,6,2023-12-03,1,22.65,11
5679,826,29,2023-12-18,1,40.3,10
5680,322,32,2023-09-23,5,155.25,10
5681,496,40,2024-03-24,4,134.52,10
5682,927,26,2024-01-04,4,218.56,4
5683,848,14,2024-03-07,2,104.58,36
5684,829,21,2024-09-25,1,12.84,39
5685,1855,11,2025-11-05,2,27.98,4
5686,1185,39,2023-09-26,3,156.66,36
5687,592,41,2025-04-03,2,114.62,27
5688,1765,29,2023-10-09,2,80.6,19
5689,170,13,2023-12-16,2,34.92,40
5690,360,20,2023-10-20,1,45.17,4
5691,1348,34,2024-02-22,1,36.89,27
5692,1950,8,2024-06-28,2,35.86,3
5693,1007,20,2025-02-04,4,180.68,40
5694,1230,34,2026-03-18,3,110.67,19
5695,984,27,2024-05-09,2,45.0,13
5696,969,36,2025-11-06,4,133.16,8
5697,1864,14,2025-09-22,1,52.29,36
5698,696,36,2023-10-25,1,33.29,29
5699,837,11,2025-01-01,3,41.97,21
5700,1002,39,2024-09-10,1,52.22,30
5701,331,35,2024-05-22,2,31.88,12
5702,1805,14,2025-03-15,2,104.58,36
5703,614,17,2025-03-27,2,47.76,36
5704,126,20,2024-02-11,5,225.85,3
5705,902,43,2025-12-24,4,190.44,37
5706,863,11,2024-09-04,5,69.95,32
5707,1669,48,2025-04-17,1,14.27,5
5708,1863,8,2025-10-12,4,71.72,25
5709,605,41,2023-10-14,2,114.62,6
5710,557,22,2025-02-06,1,37.32,8
5711,121,45,2025-07-23,2,90.14,29
5712,1860,25,2026-02-05,2,69.06,14
5713,864,30,2025-04-27,1,44.18,17
5714,888,9,2025-07-15,3,67.8,2
5715,901,7,2025-05-19,5,166.7,24
5716,1675,6,2024-01-12,3,67.95,32
5717,1604,43,2025-06-10,1,47.61,5
5718,1839,38,2025-12-11,2,39.26,9
5719,670,37,2026-07-03,5,90.1,6
5720,267,13,2024-01-22,5,87.3,16
5721,558,3,2025-01-07,5,250.5,1
5722,323,14,2024-09-17,4,209.16,6
5723,403,9,2024-08-12,4,90.4,2
5724,1585,33,2026-05-23,2,47.64,23
5725,840,7,2024-04-30,5,166.7,21
5726,1068,31,2025-11-17,4,70.64,11
5727,1202,42,2024-05-06,4,105.64,17
5728,737,29,2025-10-15,4,161.2,14
5729,1594,30,2026-07-23,3,132.54,5
5730,1251,46,2025-11-19,2,63.54,2
5731,802,46,2024-02-21,3,95.31,32
5732,1889,25,2025-04-29,2,69.06,32
5733,1727,42,2026-08-24,3,79.23,29
5734,1436,48,2023-09-12,4,57.08,20
5735,1650,17,2024-08-15,5,119.4,33
5736,1941,42,2025-02-01,4,105.64,31
5737,1704,39,2025-09-20,5,261.1,20
5738,1354,50,2024-02-15,4,75.12,32
5739,1968,30,2024-01-28,2,88.36,22
5740,1214,35,2024-04-25,2,31.88,8
5741,923,45,2025-03-02,3,135.21,33
5742,1493,8,2023-12-05,1,17.93,32
5743,200,44,2026-04-03,2,46.22,33
5744,1070,4,2024-08-29,3,143.46,21
5745,94,12,2023-11-30,4,82.64,13
5746,442,48,2026-01-17,4,57.08,20
5747,13,39,2024-07-25,5,261.1,9
5748,1140,42,2024-01-13,4,105.64,26
5749,448,42,2026-01-18,2,52.82,15
5750,1688,24,2025-01-07,3,75.81,32
5751,1395,22,2024-10-18,2,74.64,24
5752,534,15,2026-04-30,3,105.06,26
5753,1341,35,2023-12-03,4,63.76,14
5754,649,50,2025-12-06,5,93.9,21
5755,1443,40,2024-06-01,1,33.63,36
5756,22,36,2024-04-02,2,66.58,38
5757,1855,5,2024-05-10,1,54.23,18
5758,925,4,2026-03-04,1,47.82,3
5759,1516,30,2023-09-10,1,44.18,5
5760,1514,9,2023-11-05,3,67.8,12
5761,828,1,2026-06-25,2,103.54,11
5762,1819,6,2023-12-25,4,90.6,26
5763,145,16,2026-04-09,4,229.0,12
5764,758,42,2025-01-23,3,79.23,32
5765,931,2,2025-09-03,3,161.22,33
5766,1092,39,2025-09-10,1,52.22,33
5767,1272,20,2025-05-16,1,45.17,28
5768,1059,27,2024-08-29,5,112.5,18
5769,1240,24,2025-05-28,3,75.81,35
5770,1824,38,2024-01-27,5,98.15,11
5771,1549,4,2025-05-31,5,239.1,26
5772,293,46,2026-01-15,4,127.08,32
5773,1997,6,2026-05-20,4,90.6,10
5774,576,47,2026-05-22,3,150.81,18
5775,985,26,2024-05-06,3,163.92,38
5776,1089,34,2026-08-09,2,73.78,14
5777,1993,23,2025-12-06,3,91.56,31
5778,550,48,2025-02-13,3,42.81,33
5779,432,9,2025-04-22,5,113.0,6
5780,559,7,2025-07-30,1,33.34,2
5781,1970,20,2026-02-03,3,135.51,21
5782,518,14,2025-07-01,5,261.45,13
5783,1084,31,2024-09-18,2,35.32,21
5784,1930,23,2026-08-11,1,30.52,32
5785,921,10,2025-09-02,5,260.75,30
5786,875,40,2025-03-17,1,33.63,33
5787,1657,27,2025-06-24,2,45.0,32
5788,260,29,2024-05-26,2,80.6,5
5789,1813,1,2023-10-05,4,207.08,5
5790,1140,28,2026-03-13,1,53.13,3
5791,1108,46,2024-04-22,4,127.08,16
5792,880,4,2024-12-22,5,239.1,12
5793,1422,38,2026-01-07,5,98.15,35
5794,1174,38,2024-02-26,5,98.15,33
5795,565,43,2026-03-06,3,142.83,20
5796,1511,27,2024-06-29,5,112.5,18
5797,1667,18,2024-08-16,3,112.77,39
5798,1580,42,2026-03-30,2,52.82,33
5799,808,7,2024-05-15,4,133.36,5
5800,922,15,2025-05-01,5,175.1,25
5801,283,38,2024-06-14,1,19.63,3
5802,1201,20,2025-12-12,5,225.85,20
5803,1307,11,2025-01-20,5,69.95,18
5804,750,42,2025-10-31,2,52.82,39
5805,961,46,2024-11-07,3,95.31,11
5806,1489,48,2025-12-10,3,42.81,14
5807,435,12,2025-11-22,4,82.64,33
5808,33,28,2026-03-12,2,106.26,12
5809,1898,25,2025-11-26,5,172.65,39
5810,1142,26,2024-04-29,3,163.92,8
5811,1594,48,2024-10-26,4,57.08,13
5812,117,21,2024-07-09,4,51.36,16
5813,1186,16,2023-10-31,3,171.75,29
5814,1009,5,2023-10-19,5,271.15,15
5815,1264,23,2026-06-20,1,30.52,40
5816,35,20,2024-10-04,5,225.85,34
5817,72,6,2025-11-19,4,90.6,14
5818,1393,15,2025-10-29,1,35.02,27
5819,1626,42,2026-01-25,3,79.23,22
5820,417,4,2024-02-10,5,239.1,2
5821,1910,10,2025-05-31,5,260.75,8
5822,708,17,2025-11-28,2,47.76,39
5823,906,31,2024-12-26,5,88.3,8
5824,1858,31,2026-04-11,4,70.64,15
5825,819,43,2025-05-25,5,238.05,15
5826,704,9,2025-05-25,3,67.8,22
5827,1772,8,2026-09-02,3,53.79,20
5828,1337,23,2025-12-19,4,122.08,23
5829,172,5,2026-06-21,4,216.92,17
5830,635,44,2023-11-18,3,69.33,31
5831,1519,6,2026-04-17,3,67.95,17
5832,6,31,2023-12-26,3,52.98,15
5833,1340,8,2024-08-09,1,17.93,1
5834,726,42,2025-06-02,2,52.82,12
5835,1047,13,2025-03-17,2,34.92,2
5836,982,46,2026-08-23,3,95.31,15
5837,914,18,2024-06-16,5,187.95,27
5838,1807,35,2024-07-26,4,63.76,3
5839,73,20,2024-09-16,5,225.85,32
5840,1684,46,2023-12-15,3,95.31,31
5841,1635,22,2025-02-15,4,149.28,11
5842,1139,3,2026-06-28,5,250.5,38
5843,1417,34,2024-11-13,1,36.89,40
5844,709,48,2026-05-31,5,71.35,17
5845,1770,25,2025-12-01,4,138.12,2
5846,189,2,2026-06-10,5,268.7,35
5847,1148,35,2025-11-17,2,31.88,17
5848,1594,1,2025-12-14,2,103.54,36
5849,459,7,2023-11-18,4,133.36,19
5850,770,39,2025-12-28,3,156.66,37
5851,1686,35,2025-04-02,4,63.76,35
5852,482,39,2026-03-24,4,208.88,37
5853,1344,28,2024-03-21,5,265.65,17
5854,952,41,2025-06-24,5,286.55,16
5855,900,17,2024-09-20,1,23.88,6
5856,8,27,2025-09-30,5,112.5,11
5857,211,37,2025-10-05,5,90.1,1
5858,1896,24,2024-10-07,2,50.54,30
5859,90,5,2025-11-29,1,54.23,26
5860,208,1,2025-03-06,5,258.85,13
5861,1370,26,2026-08-24,4,218.56,26
5862,718,26,2024-03-14,3,163.92,22
5863,1089,40,2026-01-12,2,67.26,25
5864,322,49,2025-04-22,3,132.54,28
5865,1076,36,2023-09-13,4,133.16,17
5866,412,26,2026-08-22,5,273.2,18
5867,491,22,2026-06-23,2,74.64,32
5868,1770,47,2025-09-12,3,150.81,22
5869,39,34,2025-02-08,4,147.56,22
5870,815,19,2024-06-24,2,102.66,13
5871,1763,46,2026-08-06,2,63.54,39
5872,1962,31,2026-08-28,1,17.66,1
5873,986,45,2025-03-02,1,45.07,11
5874,1692,3,2025-08-08,2,100.2,15
5875,1076,13,2026-09-03,5,87.3,22
5876,1312,43,2026-07-22,5,238.05,28
5877,1742,31,2026-05-10,3,52.98,25
5878,1002,29,2024-09-11,5,201.5,26
5879,1989,35,2023-11-04,3,47.82,15
5880,1564,3,2025-09-03,2,100.2,23
5881,47,10,2025-01-08,2,104.3,6
5882,238,33,2024-04-25,4,95.28,38
5883,1643,50,2023-12-01,5,93.9,1
5884,855,9,2025-09-12,2,45.2,6
5885,1601,23,2024-01-03,3,91.56,25
5886,304,37,2024-10-03,3,54.06,3
5887,1103,44,2024-08-26,1,23.11,25
5888,643,50,2023-10-10,2,37.56,8
5889,593,45,2025-06-24,5,225.35,32
5890,1134,49,2025-11-23,2,88.36,18
5891,999,33,2026-08-09,1,23.82,16
5892,1631,35,2025-12-19,1,15.94,19
5893,1994,1,2025-08-23,1,51.77,27
5894,500,44,2025-10-08,5,115.55,1
5895,1520,30,2024-05-12,1,44.18,26
5896,512,10,2023-12-02,2,104.3,11
5897,1927,17,2025-12-26,2,47.76,35
5898,1327,12,2025-04-03,1,20.66,3
5899,402,46,2025-07-21,2,63.54,13
5900,1154,32,2025-01-24,2,62.1,23
5901,1257,14,2026-04-07,4,209.16,3
5902,1119,35,2025-03-11,2,31.88,11
5903,540,27,2024-09-26,1,22.5,17
5904,62,36,2025-12-08,2,66.58,18
5905,1300,34,2025-12-22,1,36.89,40
5906,1899,22,2024-07-22,4,149.28,38
5907,1136,47,2025-10-26,5,251.35,3
5908,487,23,2026-07-05,4,122.08,9
5909,44,40,2024-10-26,2,67.26,39
5910,763,8,2024-04-27,1,17.93,5
5911,644,34,2024-03-18,3,110.67,4
5912,478,3,2024-11-14,4,200.4,18
5913,1138,17,2025-08-18,2,47.76,12
5914,1402,3,2024-01-22,4,200.4,29
5915,683,24,2024-05-20,5,126.35,1
5916,1825,14,2025-04-28,4,209.16,40
5917,1519,18,2025-03-19,3,112.77,19
5918,1611,22,2024-10-31,3,111.96,6
5919,1295,12,2025-11-26,5,103.3,21
5920,1861,32,2025-01-08,5,155.25,13
5921,1187,29,2025-12-09,4,161.2,30
5922,423,19,2025-08-25,2,102.66,15
5923,637,8,2026-01-26,5,89.65,30
5924,2000,49,2025-03-05,1,44.18,1
5925,1397,11,2025-02-23,2,27.98,19
5926,951,5,2024-04-10,2,108.46,28
5927,550,9,2025-04-07,5,113.0,1
5928,499,24,2025-03-17,3,75.81,29
5929,1049,40,2024-10-12,5,168.15,32
5930,924,3,2025-03-14,1,50.1,8
5931,110,2,2023-10-17,3,161.22,40
5932,1494,11,2025-03-06,2,27.98,29
5933,887,50,2025-03-03,4,75.12,4
5934,480,19,2024-07-21,4,205.32,10
5935,827,22,2024-11-20,2,74.64,22
5936,189,30,2023-12-24,2,88.36,31
5937,862,21,2024-04-07,3,38.52,6
5938,1062,27,2024-03-09,3,67.5,27
5939,1914,42,2024-03-11,2,52.82,26
5940,25,30,2023-11-29,3,132.54,11
5941,312,8,2025-12-22,2,35.86,7
5942,1538,23,2024-07-14,4,122.08,2
5943,176,47,2025-01-25,4,201.08,14
5944,397,1,2026-07-11,4,207.08,38
5945,649,17,2024-02-11,3,71.64,40
5946,487,8,2026-01-10,2,35.86,11
5947,989,11,2025-11-01,1,13.99,9
5948,1025,43,2026-02-16,1,47.61,1
5949,552,31,2025-07-21,5,88.3,7
5950,977,24,2026-04-25,5,126.35,1
5951,1697,22,2025-01-01,4,149.28,15
5952,733,38,2024-10-05,1,19.63,17
5953,1451,28,2025-02-03,4,212.52,28
5954,712,9,2024-08-12,2,45.2,18
5955,785,25,2024-11-06,4,138.12,22
5956,504,37,2026-04-01,5,90.1,15
5957,240,8,2024-09-19,4,71.72,40
5958,26,48,2023-10-21,5,71.35,27
5959,1822,26,2024-01-01,3,163.92,28
5960,645,40,2023-10-11,1,33.63,15
5961,1476,5,2026-02-10,1,54.23,29
5962,1214,12,2025-09-03,4,82.64,11
5963,1780,15,2024-11-13,1,35.02,12
5964,65,19,2025-02-23,1,51.33,28
5965,765,20,2026-03-16,5,225.85,13
5966,512,20,2025-08-27,4,180.68,38
5967,1633,16,2023-12-25,4,229.0,39
5968,522,28,2025-04-27,3,159.39,4
5969,567,9,2024-10-28,3,67.8,38
5970,1073,10,2023-12-31,2,104.3,15
5971,828,27,2025-02-22,5,112.5,5
5972,99,39,2024-03-08,2,104.44,27
5973,1830,2,2024-05-14,5,268.7,33
5974,350,34,2023-12-27,2,73.78,19
5975,1733,3,2024-10-04,1,50.1,40
5976,861,7,2024-08-14,1,33.34,36
5977,1214,24,2024-08-10,2,50.54,26
5978,1370,37,2025-04-05,4,72.08,8
5979,1058,4,2025-01-23,3,143.46,23
5980,1588,22,2025-01-09,4,149.28,33
5981,740,16,2023-09-17,5,286.25,30
5982,677,8,2026-04-16,3,53.79,21
5983,1662,8,2025-12-02,1,17.93,12
5984,812,38,2025-02-14,2,39.26,39
5985,463,28,2025-09-26,1,53.13,30
5986,922,46,2025-02-03,3,95.31,35
5987,1979,31,2023-10-14,4,70.64,11
5988,262,19,2026-04-03,5,256.65,30
5989,1455,28,2026-01-08,2,106.26,20
5990,1862,24,2025-10-21,2,50.54,17
5991,1170,19,2024-05-11,3,153.99,6
5992,875,44,2024-04-19,2,46.22,11
5993,398,15,2025-06-17,3,105.06,33
5994,1944,34,2026-08-05,1,36.89,18
5995,649,49,2025-02-05,2,88.36,34
5996,1916,40,2025-11-28,5,168.15,40
5997,890,41,2026-05-28,4,229.24,3
5998,32,37,2025-03-26,3,54.06,3
5999,1431,45,2026-01-27,1,45.07,6
6000,1652,12,2026-07-18,2,41.32,33
6001,1007,22,2024-06-13,2,74.64,26
6002,427,49,2025-05-17,4,176.72,8
6003,49,6,2024-02-08,4,90.6,23
6004,893,25,2025-03-13,1,34.53,40
6005,934,34,2024-08-26,2,73.78,38
6006,906,38,2023-10-20,5,98.15,32
6007,807,28,2026-07-26,2,106.26,7
6008,1113,29,2025-01-02,3,120.9,37
6009,266,15,2024-03-10,2,70.04,10
6010,508,9,2025-05-14,5,113.0,34
6011,395,14,2025-11-12,1,52.29,36
6012,1046,39,2024-01-12,2,104.44,27
6013,1877,3,2024-06-30,4,200.4,36
6014,1679,7,2026-08-18,2,66.68,28
6015,1977,44,2026-04-16,4,92.44,39
6016,608,34,2025-09-19,3,110.67,28
6017,677,36,2026-03-04,5,166.45,27
6018,328,20,2024-08-21,3,135.51,28
6019,1895,21,2025-11-18,4,51.36,38
6020,1125,21,2024-08-31,3,38.52,27
6021,1823,40,2026-09-04,3,100.89,10
6022,484,5,2025-06-13,4,216.92,19
6023,1605,7,2025-12-03,5,166.7,9
6024,116,12,2025-10-17,5,103.3,28
6025,645,22,2023-12-29,3,111.96,31
6026,696,48,2025-05-26,4,57.08,28
6027,405,48,2025-04-22,5,71.35,13
6028,1716,2,2026-08-08,2,107.48,30
6029,1315,27,2025-04-30,1,22.5,12
6030,1554,39,2026-06-03,5,261.1,10
6031,1697,16,2025-11-10,4,229.0,27
6032,730,14,2026-06-11,3,156.87,17
6033,1377,16,2026-04-20,3,171.75,19
6034,745,26,2025-01-17,1,54.64,12
6035,1981,40,2024-11-21,2,67.26,27
6036,1486,5,2026-01-25,1,54.23,28
6037,1386,49,2024-11-05,5,220.9,7
6038,1670,11,2024-12-30,3,41.97,3
6039,1199,18,2026-03-27,1,37.59,23
6040,927,8,2025-04-21,1,17.93,36
6041,1170,13,2024-04-23,2,34.92,17
6042,1486,39,2025-01-20,4,208.88,1
6043,859,13,2025-11-03,4,69.84,13
6044,718,38,2026-06-27,2,39.26,24
6045,1808,20,2025-08-23,4,180.68,13
6046,721,33,2024-10-13,1,23.82,33
6047,1810,24,2025-11-23,2,50.54,31
6048,1338,2,2025-12-07,4,214.96,34
6049,308,18,2025-03-27,5,187.95,15
6050,196,42,2025-09-22,2,52.82,31
6051,486,35,2025-06-21,2,31.88,33
6052,800,3,2025-11-24,2,100.2,16
6053,883,16,2025-12-02,5,286.25,32
6054,705,5,2025-06-14,5,271.15,15
6055,26,46,2023-09-26,1,31.77,29
6056,1621,15,2025-12-02,1,35.02,25
6057,1920,24,2025-07-05,5,126.35,30
6058,100,47,2025-10-27,1,50.27,31
6059,564,31,2024-04-13,4,70.64,20
6060,892,25,2025-04-13,4,138.12,26
6061,32,6,2024-07-31,5,113.25,11
6062,631,18,2025-08-16,1,37.59,38
6063,304,25,2024-02-03,1,34.53,14
6064,472,46,2026-06-06,3,95.31,29
6065,502,28,2024-04-22,2,106.26,31
6066,1188,4,2023-11-14,1,47.82,14
6067,764,30,2023-10-31,4,176.72,21
6068,1045,2,2024-08-10,1,53.74,32
6069,1041,21,2024-05-05,2,25.68,30
6070,73,10,2026-08-15,4,208.6,40
6071,1858,3,2024-08-21,2,100.2,12
6072,810,21,2026-02-11,3,38.52,9
6073,1210,16,2026-01-17,1,57.25,16
6074,1323,30,2025-05-03,5,220.9,30
6075,623,25,2026-08-20,5,172.65,31
6076,580,1,2025-03-08,4,207.08,13
6077,1203,20,2026-02-10,2,90.34,19
6078,1426,4,2024-07-18,2,95.64,19
6079,1380,5,2023-10-03,1,54.23,33
6080,1393,34,2026-07-26,4,147.56,39
6081,874,47,2025-07-18,5,251.35,15
6082,445,40,2025-03-13,4,134.52,8
6083,1484,30,2023-09-11,4,176.72,34
6084,1581,11,2023-10-10,4,55.96,18
6085,761,45,2024-07-20,1,45.07,1
6086,410,24,2024-10-18,5,126.35,9
6087,32,33,2025-12-01,4,95.28,30
6088,1094,44,2025-03-22,5,115.55,3
6089,723,42,2025-10-02,1,26.41,25
6090,1088,46,2026-01-08,3,95.31,14
6091,70,34,2026-05-23,1,36.89,27
6092,1262,33,2026-08-05,2,47.64,7
6093,233,2,2023-11-26,4,214.96,8
6094,1960,10,2023-12-15,4,208.6,21
6095,656,37,2024-07-18,3,54.06,9
6096,1592,13,2025-01-09,4,69.84,40
6097,1068,13,2024-05-04,2,34.92,40
6098,1065,4,2024-07-03,5,239.1,21
6099,919,43,2024-02-20,3,142.83,25
6100,1641,30,2024-03-02,2,88.36,26
6101,1034,11,2024-10-31,1,13.99,21
6102,1556,26,2024-10-11,3,163.92,35
6103,144,35,2024-02-01,5,79.7,5
6104,1957,44,2025-01-28,1,23.11,22
6105,1690,49,2026-06-05,2,88.36,31
6106,1924,7,2024-03-23,3,100.02,34
6107,686,2,2023-12-08,4,214.96,32
6108,1448,39,2025-07-01,5,261.1,29
6109,441,48,2025-10-02,2,28.54,11
6110,54,11,2025-10-04,3,41.97,21
6111,1502,32,2026-03-18,5,155.25,3
6112,1520,15,2025-10-11,3,105.06,25
6113,784,25,2024-12-12,2,69.06,18
6114,1386,26,2026-09-08,1,54.64,39
6115,1040,13,2026-08-24,4,69.84,17
6116,1436,31,2025-06-17,3,52.98,32
6117,292,13,2026-04-03,4,69.84,18
6118,1522,3,2026-03-19,2,100.2,22
6119,714,26,2026-07-09,4,218.56,35
6120,1768,16,2024-02-07,2,114.5,8
6121,1633,34,2026-03-11,3,110.67,38
6122,827,8,2026-07-14,3,53.79,34
6123,459,38,2025-12-09,5,98.15,12
6124,1153,6,2023-10-11,5,113.25,15
6125,728,43,2024-07-01,1,47.61,28
6126,1533,33,2026-04-08,1,23.82,8
6127,1494,20,2024-05-16,5,225.85,17
6128,44,15,2025-07-21,1,35.02,8
6129,1159,37,2026-01-28,3,54.06,39
6130,1004,37,2026-04-02,5,90.1,40
6131,960,41,2026-07-03,4,229.24,2
6132,970,14,2024-01-13,3,156.87,19
6133,29,11,2025-10-15,1,13.99,33
6134,1110,1,2026-06-17,1,51.77,16
6135,699,12,2026-01-13,2,41.32,32
6136,601,41,2025-01-05,1,57.31,39
6137,720,35,2025-01-05,4,63.76,13
6138,974,27,2025-05-01,2,45.0,23
6139,1164,42,2024-12-07,1,26.41,8
6140,317,24,2026-02-11,3,75.81,24
6141,1209,50,2023-09-14,5,93.9,9
6142,1280,22,2024-09-29,4,149.28,5
6143,316,16,2025-03-30,4,229.0,5
6144,864,31,2026-04-12,1,17.66,15
6145,173,14,2026-01-30,2,104.58,7
6146,222,16,2025-01-13,1,57.25,3
6147,1947,17,2024-01-29,4,95.52,10
6148,9,43,2025-03-30,1,47.61,16
6149,21,45,2025-09-27,1,45.07,28
6150,1068,50,2026-05-08,4,75.12,18
6151,905,5,2026-04-27,4,216.92,21
6152,1692,5,2024-12-11,3,162.69,29
6153,1144,15,2024-04-05,2,70.04,25
6154,1539,23,2024-03-07,5,152.6,34
6155,1041,15,2024-07-09,5,175.1,6
6156,196,28,2024-03-22,3,159.39,29
6157,465,18,2026-05-27,5,187.95,32
6158,1530,18,2025-08-10,4,150.36,8
6159,977,45,2025-03-31,2,90.14,20
6160,677,17,2025-04-02,4,95.52,11
6161,1719,22,2025-02-23,5,186.6,4
6162,739,45,2024-07-03,3,135.21,32
6163,682,42,2024-04-20,3,79.23,22
6164,1817,4,2026-02-09,2,95.64,34
6165,1248,33,2025-06-19,1,23.82,32
6166,8,27,2024-06-05,1,22.5,20
6167,686,25,2025-12-17,3,103.59,24
6168,911,11,2024-04-15,5,69.95,40
6169,1245,6,2025-12-14,4,90.6,27
6170,1368,4,2024-01-05,1,47.82,18
6171,1463,38,2025-09-20,4,78.52,37
6172,1685,50,2025-11-18,5,93.9,15
6173,489,23,2024-07-26,4,122.08,1
6174,1995,42,2026-01-06,1,26.41,29
6175,877,26,2026-04-05,3,163.92,38
6176,739,50,2024-01-14,2,37.56,4
6177,1540,43,2025-10-16,5,238.05,38
6178,257,41,2025-12-16,3,171.93,21
6179,1282,38,2023-12-06,5,98.15,14
6180,384,27,2024-05-22,3,67.5,16
6181,1971,19,2024-12-13,2,102.66,35
6182,560,5,2024-12-30,4,216.92,14
6183,509,15,2023-11-04,5,175.1,27
6184,1707,13,2023-11-06,2,34.92,33
6185,400,15,2026-08-19,3,105.06,27
6186,122,36,2025-11-27,2,66.58,25
6187,1805,41,2024-07-17,3,171.93,31
6188,1785,18,2025-02-24,2,75.18,39
6189,1221,43,2025-12-29,2,95.22,4
6190,1251,11,2024-12-18,1,13.99,1
6191,1337,26,2026-08-28,3,163.92,6
6192,1914,17,2025-01-07,5,119.4,36
6193,586,5,2026-05-15,4,216.92,7
6194,903,46,2026-07-27,2,63.54,38
6195,494,27,2025-06-27,5,112.5,34
6196,866,22,2026-08-24,1,37.32,12
6197,362,19,2026-07-16,5,256.65,28
6198,88,10,2026-01-24,5,260.75,3
6199,1592,38,2025-07-26,1,19.63,33
6200,1210,40,2026-04-03,4,134.52,40
6201,1256,27,2024-06-15,5,112.5,17
6202,520,50,2024-07-24,1,18.78,5
6203,591,41,2023-09-24,5,286.55,14
6204,1292,27,2025-01-02,2,45.0,3
6205,1180,10,2024-04-14,2,104.3,10
6206,318,47,2025-07-09,1,50.27,31
6207,212,32,2023-09-15,4,124.2,1
6208,1814,12,2026-08-14,2,41.32,7
6209,1867,31,2023-09-23,5,88.3,32
6210,963,3,2025-03-26,4,200.4,24
6211,462,39,2025-04-13,3,156.66,12
6212,1795,8,2025-01-17,4,71.72,2
6213,1728,11,2024-12-29,5,69.95,20
6214,1033,18,2025-11-01,2,75.18,24
6215,65,45,2025-03-05,5,225.35,6
6216,581,20,2024-12-19,5,225.85,17
6217,896,6,2023-11-24,1,22.65,35
6218,566,6,2026-08-19,2,45.3,9
6219,1680,45,2024-02-04,5,225.35,35
6220,1701,2,2025-01-04,2,107.48,32
6221,1339,4,2026-09-07,3,143.46,8
6222,232,42,2024-10-25,4,105.64,40
6223,1388,8,2024-03-03,4,71.72,39
6224,2,27,2024-11-28,3,67.5,35
6225,923,19,2024-03-29,3,153.99,12
6226,1533,33,2025-11-01,5,119.1,17
6227,566,22,2024-06-20,2,74.64,31
6228,744,16,2024-11-05,5,286.25,35
6229,1821,17,2025-02-25,5,119.4,24
6230,1364,20,2024-07-04,5,225.85,23
6231,1464,4,2025-11-24,3,143.46,33
6232,1136,8,2023-11-10,3,53.79,14
6233,242,5,2025-01-24,5,271.15,22
6234,1723,46,2024-09-12,5,158.85,38
6235,1877,28,2026-06-28,2,106.26,25
6236,1395,40,2026-05-18,1,33.63,21
6237,976,49,2025-04-27,1,44.18,9
6238,1570,17,2026-07-03,2,47.76,20
6239,233,9,2024-05-14,4,90.4,39
6240,650,34,2024-05-27,1,36.89,9
6241,1476,4,2025-03-25,5,239.1,2
6242,734,19,2025-03-18,3,153.99,15
6243,1942,36,2025-09-20,4,133.16,22
6244,1223,42,2026-06-05,1,26.41,18
6245,409,36,2026-08-29,5,166.45,15
6246,1524,22,2026-03-09,5,186.6,13
6247,363,9,2025-08-18,3,67.8,38
6248,11,44,2024-03-04,1,23.11,13
6249,367,16,2025-09-02,5,286.25,35
6250,38,25,2025-08-20,3,103.59,2
6251,687,30,2024-05-07,3,132.54,7
6252,515,32,2024-05-20,2,62.1,35
6253,1858,36,2024-07-24,1,33.29,10
6254,72,26,2025-08-28,3,163.92,1
6255,497,38,2025-09-09,2,39.26,16
6256,1995,19,2025-11-30,1,51.33,7
6257,1340,49,2024-10-03,5,220.9,31
6258,587,35,2026-07-29,1,15.94,34
6259,139,30,2024-07-13,2,88.36,3
6260,1206,9,2025-04-21,1,22.6,26
6261,1833,31,2026-05-26,4,70.64,40
6262,1262,48,2025-06-04,3,42.81,32
6263,6,27,2024-11-03,3,67.5,31
6264,741,2,2024-12-29,5,268.7,30
6265,468,36,2024-05-06,4,133.16,36
6266,299,21,2025-08-15,4,51.36,11
6267,1753,49,2024-04-10,5,220.9,38
6268,953,8,2024-02-05,2,35.86,23
6269,710,15,2026-02-16,2,70.04,38
6270,1017,27,2024-10-07,3,67.5,8
6271,259,29,2024-10-02,5,201.5,35
6272,1737,12,2026-03-31,1,20.66,23
6273,1024,19,2024-04-12,4,205.32,21
6274,321,25,2025-01-02,2,69.06,19
6275,582,4,2024-06-30,1,47.82,1
6276,1993,16,2026-05-27,3,171.75,34
6277,1328,35,2023-11-21,1,15.94,3
6278,903,33,2023-09-10,3,71.46,9
6279,757,23,2024-09-30,3,91.56,9
6280,120,11,2025-11-10,4,55.96,22
6281,730,28,2024-06-22,2,106.26,16
6282,568,46,2026-08-29,2,63.54,38
6283,142,50,2025-09-04,2,37.56,19
6284,837,20,2026-08-24,5,225.85,26
6285,211,50,2024-10-17,5,93.9,12
6286,1327,3,2023-10-05,4,200.4,27
6287,804,25,2024-08-29,1,34.53,6
6288,373,9,2025-12-19,4,90.4,18
6289,377,30,2026-05-31,3,132.54,14
6290,347,7,2025-11-30,5,166.7,14
6291,38,25,2025-06-26,1,34.53,34
6292,1332,22,2023-12-25,1,37.32,30
6293,1220,40,2025-03-30,5,168.15,3
6294,308,38,2025-02-21,3,58.89,31
6295,204,4,2026-01-27,2,95.64,13
6296,1551,47,2025-10-24,1,50.27,39
6297,883,6,2024-09-18,1,22.65,40
6298,638,30,2025-05-31,5,220.9,21
6299,1942,28,2025-07-13,5,265.65,39
6300,1222,32,2026-01-01,4,124.2,8
6301,1568,22,2024-07-05,1,37.32,24
6302,1080,13,2026-05-13,2,34.92,23
6303,1632,50,2025-01-23,3,56.34,8
6304,781,26,2024-01-09,5,273.2,26
6305,301,11,2026-03-08,2,27.98,28
6306,1018,46,2026-07-26,3,95.31,35
6307,609,5,2025-01-15,4,216.92,34
6308,152,7,2024-05-22,1,33.34,20
6309,160,39,2024-02-04,1,52.22,22
6310,1998,44,2025-11-17,4,92.44,32
6311,281,23,2024-07-01,3,91.56,34
6312,1302,11,2024-07-07,2,27.98,40
6313,741,16,2024-01-05,1,57.25,28
6314,1815,7,2025-04-10,1,33.34,17
6315,419,10,2026-03-18,2,104.3,3
6316,371,7,2023-12-19,2,66.68,36
6317,1622,4,2024-11-13,3,143.46,25
6318,1661,43,2024-12-03,5,238.05,7
6319,264,16,2026-03-30,5,286.25,7
6320,1311,47,2026-08-02,1,50.27,35
6321,1580,40,2026-04-09,1,33.63,17
6322,1693,47,2026-03-08,4,201.08,29
6323,574,46,2025-09-17,5,158.85,37
6324,1465,50,2025-03-08,1,18.78,37
6325,69,27,2025-05-19,5,112.5,4
6326,1245,37,2023-09-19,1,18.02,14
6327,951,34,2025-12-16,2,73.78,31
6328,712,24,2023-09-16,2,50.54,31
6329,1870,21,2026-04-13,1,12.84,31
6330,1717,26,2025-04-17,5,273.2,35
6331,997,6,2023-11-19,5,113.25,26
6332,876,11,2024-02-02,1,13.99,10
6333,1228,15,2026-06-20,1,35.02,1
6334,572,49,2025-12-22,4,176.72,4
6335,311,30,2025-01-02,2,88.36,17
6336,1897,42,2024-07-27,5,132.05,10
6337,428,16,2026-07-06,3,171.75,2
6338,595,32,2025-03-05,3,93.15,10
6339,1013,1,2025-03-02,5,258.85,13
6340,1377,49,2025-07-04,4,176.72,1
6341,1689,43,2024-01-29,2,95.22,9
6342,576,7,2025-06-27,1,33.34,5
6343,851,4,2026-06-16,1,47.82,11
6344,1704,50,2023-09-26,5,93.9,35
6345,1866,39,2025-06-10,3,156.66,16
6346,1934,26,2026-06-06,1,54.64,15
6347,737,3,2024-02-11,5,250.5,40
6348,8,26,2025-03-09,3,163.92,11
6349,1627,2,2025-11-11,1,53.74,12
6350,829,41,2024-07-10,3,171.93,27
6351,1359,22,2026-02-02,3,111.96,2
6352,957,16,2025-07-10,2,114.5,4
6353,7,43,2024-06-10,2,95.22,24
6354,1097,39,2026-03-20,2,104.44,23
6355,505,42,2024-10-20,3,79.23,3
6356,893,18,2025-01-30,5,187.95,6
6357,1801,37,2026-04-27,1,18.02,6
6358,628,5,2026-06-09,2,108.46,13
6359,1377,49,2026-09-03,1,44.18,28
6360,283,35,2026-09-01,2,31.88,25
6361,1984,5,2025-06-24,2,108.46,33
6362,1824,44,2025-07-11,2,46.22,11
6363,323,19,2025-12-07,2,102.66,22
6364,125,9,2025-06-25,3,67.8,14
6365,528,18,2023-10-02,5,187.95,10
6366,1335,17,2026-03-30,3,71.64,9
6367,1309,2,2023-10-21,1,53.74,23
6368,945,2,2026-03-22,3,161.22,2
6369,1983,21,2023-10-30,4,51.36,19
6370,351,4,2025-04-17,5,239.1,1
6371,796,10,2026-08-26,1,52.15,15
6372,1415,42,2023-12-02,5,132.05,21
6373,483,42,2025-09-12,1,26.41,35
6374,456,32,2025-09-12,2,62.1,38
6375,1676,45,2025-02-04,1,45.07,15
6376,1051,34,2025-04-16,4,147.56,29
6377,1675,18,2026-01-11,1,37.59,3
6378,448,29,2026-08-23,1,40.3,22
6379,561,39,2025-03-04,1,52.22,36
6380,1851,37,2025-01-31,5,90.1,13
6381,314,21,2026-05-01,2,25.68,3
6382,39,31,2026-06-02,1,17.66,10
6383,10,1,2026-03-19,3,155.31,9
6384,430,22,2024-02-29,3,111.96,8
6385,252,29,2025-07-07,4,161.2,13
6386,797,16,2024-01-03,3,171.75,37
6387,1979,8,2025-04-05,2,35.86,4
6388,321,16,2026-01-14,5,286.25,8
6389,1866,14,2026-02-20,4,209.16,29
6390,1981,10,2023-11-16,2,104.3,39
6391,92,40,2025-05-07,3,100.89,29
6392,224,21,2023-11-10,1,12.84,6
6393,1185,7,2025-01-12,3,100.02,3
6394,1820,2,2024-05-19,2,107.48,32
6395,1823,30,2025-11-23,1,44.18,21
6396,1127,23,2024-01-12,2,61.04,9
6397,808,32,2026-04-06,5,155.25,26
6398,705,30,2026-08-23,4,176.72,24
6399,1748,30,2025-11-22,4,176.72,25
6400,1619,27,2025-03-05,3,67.5,29
6401,1280,31,2026-08-14,1,17.66,26
6402,1218,32,2024-01-07,3,93.15,37
6403,1270,13,2025-02-02,4,69.84,40
6404,1648,36,2026-04-25,2,66.58,38
6405,1100,48,2026-07-30,5,71.35,37
6406,1085,49,2025-02-22,2,88.36,2
6407,321,21,2025-01-23,2,25.68,24
6408,1017,48,2023-11-03,1,14.27,23
6409,1542,21,2024-07-13,2,25.68,12
6410,336,21,2025-11-02,1,12.84,6
6411,1564,31,2025-09-10,1,17.66,27
6412,68,34,2024-10-21,3,110.67,21
6413,1310,4,2024-09-17,3,143.46,19
6414,1141,17,2024-02-13,5,119.4,38
6415,1395,13,2026-04-14,4,69.84,40
6416,530,39,2024-08-30,3,156.66,20
6417,1518,50,2023-09-15,2,37.56,29
6418,185,21,2024-10-16,1,12.84,10
6419,267,37,2024-08-11,3,54.06,25
6420,1689,20,2026-04-03,2,90.34,12
6421,1684,46,2025-03-10,3,95.31,19
6422,1819,39,2024-05-20,5,261.1,36
6423,1935,19,2024-01-06,4,205.32,39
6424,271,15,2025-09-10,1,35.02,12
6425,854,15,2023-10-13,3,105.06,33
6426,1469,42,2024-11-21,3,79.23,4
6427,1069,34,2025-10-07,4,147.56,35
6428,1313,8,2023-10-25,4,71.72,35
6429,1111,33,2026-02-22,1,23.82,1
6430,76,29,2023-12-11,2,80.6,17
6431,1991,18,2026-06-24,2,75.18,13
6432,993,48,2026-08-28,2,28.54,24
6433,463,27,2026-07-10,5,112.5,37
6434,2000,31,2025-07-30,5,88.3,13
6435,456,40,2026-08-18,4,134.52,37
6436,1280,15,2025-02-10,5,175.1,28
6437,1927,21,2023-09-18,2,25.68,18
6438,463,49,2025-01-28,3,132.54,30
6439,1978,8,2023-11-22,4,71.72,24
6440,1576,43,2025-01-05,2,95.22,33
6441,856,5,2026-07-03,4,216.92,3
6442,1137,15,2023-11-05,1,35.02,36
6443,514,36,2026-01-11,1,33.29,31
6444,422,12,2025-05-23,3,61.98,4
6445,1322,20,2026-07-16,1,45.17,11
6446,514,47,2026-04-10,5,251.35,35
6447,109,21,2026-03-23,3,38.52,31
6448,1200,47,2024-11-21,1,50.27,20
6449,1064,32,2024-09-22,3,93.15,30
6450,1025,48,2026-01-26,5,71.35,40
6451,138,20,2024-08-01,4,180.68,9
6452,1637,43,2024-09-16,4,190.44,23
6453,674,1,2024-07-02,3,155.31,33
6454,108,7,2024-11-12,2,66.68,25
6455,1515,11,2026-01-20,1,13.99,34
6456,319,44,2024-03-08,4,92.44,15
6457,1083,17,2024-04-11,3,71.64,27
6458,420,23,2024-02-20,5,152.6,11
6459,1795,30,2024-07-25,3,132.54,31
6460,979,17,2023-11-01,2,47.76,14
6461,507,45,2025-04-30,3,135.21,35
6462,1283,19,2026-05-06,4,205.32,9
6463,341,46,2023-11-07,4,127.08,14
6464,1370,45,2025-10-17,1,45.07,33
6465,54,24,2025-09-25,1,25.27,7
6466,663,26,2024-08-07,4,218.56,2
6467,146,25,2024-01-04,1,34.53,21
6468,1722,16,2024-04-11,3,171.75,25
6469,1717,26,2025-10-07,2,109.28,6
6470,179,4,2025-10-05,1,47.82,38
6471,1670,17,2025-09-23,5,119.4,30
6472,344,4,2025-08-18,2,95.64,30
6473,877,47,2024-08-05,4,201.08,26
6474,331,17,2026-04-05,2,47.76,2
6475,1147,12,2025-05-20,3,61.98,20
6476,92,36,2023-12-05,4,133.16,40
6477,1292,16,2025-03-01,2,114.5,40
6478,376,29,2024-07-15,5,201.5,32
6479,1690,5,2024-05-24,3,162.69,7
6480,526,11,2024-01-16,4,55.96,37
6481,1,35,2024-07-14,4,63.76,33
6482,1281,22,2024-02-13,1,37.32,30
6483,316,26,2024-07-01,1,54.64,20
6484,1655,23,2025-08-23,5,152.6,23
6485,995,20,2023-10-19,3,135.51,35
6486,1042,26,2025-09-30,5,273.2,17
6487,765,3,2023-10-20,4,200.4,4
6488,1711,44,2025-07-19,4,92.44,32
6489,156,32,2025-01-29,5,155.25,11
6490,1638,37,2026-03-03,4,72.08,9
6491,1822,8,2024-11-02,3,53.79,26
6492,195,25,2023-10-05,3,103.59,12
6493,623,47,2024-06-03,2,100.54,36
6494,1068,38,2025-08-08,5,98.15,38
6495,1282,47,2025-05-03,3,150.81,36
6496,552,38,2024-12-01,2,39.26,35
6497,1254,22,2024-05-20,3,111.96,11
6498,1613,40,2025-03-23,5,168.15,9
6499,850,20,2025-08-24,1,45.17,28
6500,1094,38,2024-01-04,5,98.15,7
6501,902,22,2025-08-23,2,74.64,22
6502,850,43,2024-08-26,2,95.22,4
6503,769,42,2024-10-28,2,52.82,3
6504,811,32,2024-06-27,1,31.05,33
6505,1743,29,2025-06-07,4,161.2,37
6506,1158,43,2025-09-12,1,47.61,32
6507,318,1,2023-11-03,2,103.54,29
6508,320,24,2026-05-17,3,75.81,39
6509,244,29,2025-09-19,4,161.2,27
6510,914,16,2024-04-22,1,57.25,27
6511,1854,38,2026-04-24,5,98.15,32
6512,1411,21,2025-02-18,1,12.84,17
6513,683,9,2024-04-17,4,90.4,4
6514,1572,41,2024-09-30,2,114.62,28
6515,1218,13,2025-05-31,4,69.84,35
6516,1068,2,2023-10-20,1,53.74,2
6517,801,29,2023-10-27,3,120.9,7
6518,369,24,2024-08-18,2,50.54,26
6519,1050,9,2025-05-24,5,113.0,37
6520,187,43,2023-11-19,5,238.05,18
6521,535,15,2025-01-09,5,175.1,36
6522,1119,31,2026-06-05,1,17.66,38
6523,994,41,2025-09-21,5,286.55,6
6524,105,18,2025-11-03,2,75.18,33
6525,72,38,2026-06-25,3,58.89,15
6526,1769,12,2024-03-27,4,82.64,39
6527,81,32,2025-10-23,1,31.05,35
6528,1945,42,2024-01-04,3,79.23,26
6529,278,48,2026-07-23,3,42.81,29
6530,1883,21,2024-12-30,2,25.68,19
6531,1102,12,2026-03-26,4,82.64,18
6532,232,20,2026-02-19,1,45.17,2
6533,616,45,2025-08-27,5,225.35,14
6534,852,50,2024-02-07,2,37.56,3
6535,1458,16,2025-09-24,5,286.25,9
6536,1463,33,2024-04-28,1,23.82,34
6537,1814,39,2024-09-29,5,261.1,2
6538,364,38,2025-05-31,5,98.15,40
6539,745,34,2024-05-24,1,36.89,27
6540,230,48,2023-11-22,5,71.35,13
6541,1356,15,2024-07-06,4,140.08,6
6542,1705,34,2026-09-06,1,36.89,19
6543,1816,15,2024-07-11,1,35.02,19
6544,550,31,2025-01-26,3,52.98,25
6545,1711,2,2025-11-21,2,107.48,8
6546,135,44,2025-01-03,2,46.22,8
6547,391,20,2026-07-26,5,225.85,37
6548,545,49,2024-06-22,2,88.36,23
6549,153,30,2024-02-10,4,176.72,13
6550,183,47,2025-11-29,2,100.54,26
6551,1122,21,2026-03-03,4,51.36,5
6552,1606,5,2025-08-06,1,54.23,10
6553,629,35,2024-03-15,2,31.88,36
6554,1716,27,2024-11-19,1,22.5,26
6555,1335,44,2024-11-09,2,46.22,6
6556,398,14,2025-05-02,4,209.16,21
6557,1081,16,2025-07-16,4,229.0,24
6558,424,8,2026-07-12,5,89.65,23
6559,1426,42,2025-04-12,1,26.41,11
6560,1593,43,2024-09-25,5,238.05,29
6561,694,40,2024-04-24,5,168.15,28
6562,1248,29,2024-06-01,3,120.9,36
6563,1357,6,2023-12-17,3,67.95,7
6564,1187,48,2024-03-07,3,42.81,18
6565,853,48,2025-09-11,2,28.54,38
6566,365,3,2025-01-30,2,100.2,29
6567,733,15,2025-09-19,1,35.02,17
6568,781,45,2025-05-17,3,135.21,29
6569,493,12,2026-01-19,3,61.98,11
6570,1876,3,2024-07-09,2,100.2,1
6571,244,30,2023-12-01,5,220.9,22
6572,198,35,2023-10-20,2,31.88,2
6573,824,17,2026-01-20,5,119.4,19
6574,132,45,2023-10-15,5,225.35,28
6575,522,12,2024-07-01,5,103.3,7
6576,1399,42,2025-03-07,5,132.05,14
6577,1723,18,2026-04-25,4,150.36,23
6578,631,12,2026-01-09,3,61.98,12
6579,1108,14,2026-01-18,4,209.16,36
6580,189,1,2025-08-24,5,258.85,14
6581,855,17,2026-07-01,2,47.76,30
6582,813,39,2024-09-05,4,208.88,8
6583,295,14,2023-09-17,1,52.29,40
6584,87,5,2026-09-05,4,216.92,8
6585,1936,18,2025-10-01,2,75.18,19
6586,229,32,2024-10-02,2,62.1,15
6587,1843,6,2025-11-03,1,22.65,11
6588,1451,34,2025-06-22,4,147.56,31
6589,983,13,2024-12-26,4,69.84,18
6590,1626,5,2026-04-19,5,271.15,5
6591,1491,50,2025-08-03,4,75.12,22
6592,1116,2,2025-09-22,2,107.48,29
6593,412,34,2024-08-02,5,184.45,4
6594,766,24,2023-12-04,3,75.81,13
6595,311,39,2024-08-09,4,208.88,26
6596,1206,1,2026-01-07,5,258.85,24
6597,260,10,2026-08-24,2,104.3,14
6598,1952,1,2024-05-12,4,207.08,28
6599,585,45,2024-01-11,1,45.07,4
6600,809,31,2026-06-24,5,88.3,33
6601,1341,36,2025-09-30,1,33.29,22
6602,554,17,2025-03-23,4,95.52,20
6603,1112,19,2026-04-17,4,205.32,28
6604,1445,31,2024-04-05,1,17.66,19
6605,1408,43,2025-09-28,2,95.22,10
6606,1216,13,2024-06-22,2,34.92,12
6607,883,13,2024-02-14,5,87.3,1
6608,555,32,2024-10-20,1,31.05,21
6609,715,5,2025-12-28,4,216.92,3
6610,1503,1,2024-06-01,4,207.08,3
6611,111,19,2025-03-24,4,205.32,32
6612,895,22,2024-08-05,1,37.32,33
6613,819,49,2023-09-26,5,220.9,22
6614,1509,9,2026-03-03,3,67.8,36
6615,803,29,2025-08-05,2,80.6,25
6616,1184,17,2025-11-05,1,23.88,1
6617,31,43,2024-06-22,4,190.44,4
6618,646,30,2024-05-01,2,88.36,2
6619,517,42,2025-06-28,1,26.41,15
6620,1027,18,2024-08-15,1,37.59,19
6621,805,34,2025-03-23,5,184.45,7
6622,1084,44,2025-08-01,2,46.22,33
6623,1638,19,2025-12-28,2,102.66,3
6624,1725,19,2024-04-07,5,256.65,38
6625,1049,22,2024-02-18,4,149.28,33
6626,893,33,2024-01-15,5,119.1,5
6627,445,41,2024-06-24,1,57.31,32
6628,1992,44,2025-03-28,5,115.55,28
6629,69,16,2025-02-03,4,229.0,40
6630,47,8,2024-04-01,2,35.86,2
6631,1738,8,2025-04-13,3,53.79,39
6632,1078,46,2026-04-06,3,95.31,7
6633,1022,4,2026-08-31,4,191.28,40
6634,1693,24,2026-07-07,1,25.27,28
6635,668,24,2025-03-05,5,126.35,5
6636,475,5,2026-06-11,2,108.46,13
6637,278,40,2026-05-30,4,134.52,6
6638,1946,9,2026-02-04,5,113.0,33
6639,532,14,2026-03-08,2,104.58,7
6640,64,28,2025-07-28,1,53.13,9
6641,1506,27,2024-06-19,3,67.5,36
6642,1727,3,2023-11-29,3,150.3,21
6643,1011,12,2025-10-24,2,41.32,2
6644,605,29,2025-07-15,3,120.9,25
6645,1538,30,2024-08-24,2,88.36,28
6646,1835,5,2025-05-19,1,54.23,38
6647,74,19,2025-12-02,5,256.65,17
6648,655,23,2026-09-05,5,152.6,33
6649,450,46,2026-07-31,3,95.31,10
6650,814,45,2024-06-07,2,90.14,33
6651,1558,3,2025-10-10,1,50.1,16
6652,1772,19,2025-03-24,1,51.33,20
6653,270,37,2024-05-20,1,18.02,37
6654,1411,45,2026-04-05,1,45.07,40
6655,1793,24,2025-09-08,5,126.35,11
6656,723,8,2024-06-16,2,35.86,22
6657,541,42,2024-05-17,1,26.41,15
6658,1940,48,2026-07-28,5,71.35,4
6659,1711,15,2026-08-27,3,105.06,17
6660,1062,39,2026-05-03,2,104.44,13
6661,1874,44,2025-12-24,4,92.44,3
6662,415,48,2024-04-23,2,28.54,36
6663,1072,40,2025-07-22,3,100.89,34
6664,302,9,2023-10-14,5,113.0,1
6665,1135,12,2025-05-11,3,61.98,1
6666,285,1,2023-10-16,4,207.08,15
6667,1192,7,2025-06-19,1,33.34,19
6668,1674,8,2024-05-04,4,71.72,11
6669,1453,22,2024-03-13,5,186.6,30
6670,1726,40,2025-12-10,4,134.52,35
6671,200,34,2025-09-25,4,147.56,28
6672,1013,26,2026-06-24,2,109.28,35
6673,1970,28,2025-04-29,1,53.13,27
6674,1640,10,2024-12-29,5,260.75,35
6675,140,23,2024-04-20,5,152.6,14
6676,1269,35,2025-05-22,1,15.94,18
6677,36,48,2025-06-19,5,71.35,6
6678,45,20,2024-03-11,2,90.34,18
6679,722,8,2025-01-01,1,17.93,36
6680,238,35,2025-02-19,5,79.7,23
6681,1392,32,2025-10-07,3,93.15,30
6682,1575,28,2023-11-29,4,212.52,8
6683,1231,29,2023-09-21,3,120.9,16
6684,1186,1,2026-04-26,1,51.77,3
6685,1703,31,2023-12-30,2,35.32,38
6686,1441,19,2025-12-12,1,51.33,13
6687,1739,21,2026-06-25,5,64.2,27
6688,409,22,2026-01-13,2,74.64,31
6689,1854,27,2023-09-14,5,112.5,40
6690,741,29,2023-11-08,2,80.6,1
6691,1500,26,2025-09-12,2,109.28,15
6692,315,2,2026-04-14,2,107.48,13
6693,461,15,2024-04-04,1,35.02,28
6694,1250,16,2023-11-27,4,229.0,30
6695,1222,21,2024-08-06,3,38.52,27
6696,910,1,2024-07-25,3,155.31,34
6697,1450,16,2025-10-20,1,57.25,12
6698,1531,28,2025-03-03,5,265.65,25
6699,29,34,2025-04-14,4,147.56,8
6700,1255,50,2024-03-25,3,56.34,37
6701,321,11,2024-06-14,2,27.98,35
6702,1400,14,2026-05-15,3,156.87,36
6703,480,29,2024-11-29,5,201.5,40
6704,1458,44,2025-02-10,5,115.55,15
6705,304,21,2023-11-10,1,12.84,30
6706,1968,10,2024-10-29,4,208.6,22
6707,337,37,2025-12-21,5,90.1,37
6708,540,34,2023-11-30,4,147.56,13
6709,224,37,2024-11-18,3,54.06,17
6710,82,21,2025-01-21,1,12.84,22
6711,1692,19,2026-08-02,4,205.32,23
6712,1522,36,2023-11-24,1,33.29,13
6713,1511,49,2024-03-22,5,220.9,38
6714,1730,25,2026-07-06,4,138.12,17
6715,778,24,2023-10-27,3,75.81,37
6716,329,47,2026-05-15,2,100.54,13
6717,558,3,2024-10-25,2,100.2,19
6718,813,12,2023-09-17,3,61.98,17
6719,38,38,2025-05-12,4,78.52,38
6720,1992,27,2024-07-30,1,22.5,20
6721,794,4,2025-12-05,5,239.1,39
6722,270,25,2025-01-21,2,69.06,6
6723,839,41,2026-03-23,4,229.24,21
6724,229,31,2025-03-25,3,52.98,37
6725,1474,18,2023-10-05,4,150.36,33
6726,163,21,2025-09-03,5,64.2,25
6727,1102,14,2024-04-03,1,52.29,36
6728,1109,32,2026-08-01,3,93.15,24
6729,1999,44,2025-05-01,5,115.55,19
6730,1179,34,2026-07-04,1,36.89,9
6731,258,37,2025-02-26,4,72.08,34
6732,794,25,2024-10-09,4,138.12,17
6733,1162,3,2025-05-24,3,150.3,34
6734,1225,1,2024-08-22,4,207.08,1
6735,1917,15,2023-10-22,1,35.02,3
6736,1087,39,2025-09-11,3,156.66,26
6737,925,17,2026-07-05,2,47.76,7
6738,215,46,2025-09-22,2,63.54,14
6739,6,13,2024-10-06,4,69.84,27
6740,1663,18,2025-11-13,5,187.95,35
6741,212,12,2025-11-16,4,82.64,24
6742,1881,7,2026-08-16,5,166.7,25
6743,1470,32,2026-05-24,1,31.05,32
6744,1961,4,2024-04-22,5,239.1,21
6745,260,36,2025-03-21,5,166.45,24
6746,138,21,2025-05-04,2,25.68,13
6747,667,6,2024-01-17,2,45.3,22
6748,615,12,2025-08-30,5,103.3,7
6749,1174,45,2025-10-25,2,90.14,39
6750,625,46,2025-06-23,2,63.54,31
6751,1048,46,2025-02-08,4,127.08,3
6752,1296,25,2026-02-09,4,138.12,39
6753,882,39,2026-08-04,2,104.44,22
6754,990,17,2023-09-15,1,23.88,26
6755,1584,32,2026-07-31,3,93.15,28
6756,138,42,2025-08-21,1,26.41,13
6757,251,50,2025-01-24,5,93.9,21
6758,189,7,2026-03-31,2,66.68,17
6759,1099,2,2026-05-10,3,161.22,1
6760,597,25,2025-12-18,1,34.53,40
6761,163,39,2025-09-30,4,208.88,17
6762,728,22,2025-07-31,5,186.6,5
6763,785,30,2024-04-19,5,220.9,1
6764,957,37,2024-10-15,5,90.1,20
6765,1588,50,2024-10-04,2,37.56,28
6766,428,13,2024-11-18,1,17.46,18
6767,1292,50,2023-11-12,1,18.78,31
6768,694,11,2025-08-13,2,27.98,5
6769,1521,16,2024-09-02,2,114.5,17
6770,1554,27,2026-08-12,1,22.5,15
6771,1349,34,2026-02-26,3,110.67,2
6772,985,29,2025-12-28,3,120.9,28
6773,1450,34,2025-06-04,1,36.89,16
6774,1636,13,2025-07-18,5,87.3,8
6775,11,16,2025-12-28,4,229.0,7
6776,1505,8,2024-04-05,3,53.79,29
6777,1492,10,2024-02-10,4,208.6,23
6778,1932,40,2026-05-08,5,168.15,27
6779,395,14,2026-04-30,1,52.29,6
6780,1544,29,2024-06-11,2,80.6,31
6781,1688,21,2026-06-11,4,51.36,37
6782,423,17,2026-07-21,3,71.64,15
6783,323,13,2024-08-22,4,69.84,40
6784,1658,48,2023-09-30,5,71.35,18
6785,43,26,2025-06-25,1,54.64,10
6786,749,20,2025-12-22,5,225.85,13
6787,1822,40,2025-01-08,4,134.52,16
6788,415,34,2024-07-11,3,110.67,37
6789,1029,6,2023-09-12,2,45.3,8
6790,1182,26,2024-03-14,4,218.56,8
6791,1143,27,2025-04-17,5,112.5,33
6792,1507,25,2023-10-28,3,103.59,19
6793,1768,40,2023-10-09,3,100.89,37
6794,144,36,2026-06-29,1,33.29,40
6795,389,28,2024-07-07,4,212.52,23
6796,568,2,2025-06-24,2,107.48,28
6797,158,4,2024-12-15,1,47.82,19
6798,369,31,2026-04-11,2,35.32,29
6799,142,40,2024-11-28,3,100.89,28
6800,918,11,2024-12-01,1,13.99,30
6801,1260,46,2026-03-29,5,158.85,32
6802,1018,45,2026-02-22,3,135.21,21
6803,886,37,2024-02-14,3,54.06,11
6804,797,21,2024-10-05,2,25.68,29
6805,251,49,2026-07-13,2,88.36,22
6806,1068,48,2024-08-27,4,57.08,39
6807,754,4,2024-04-19,2,95.64,3
6808,835,14,2025-05-30,4,209.16,21
6809,1877,43,2024-12-22,3,142.83,32
6810,1726,41,2024-07-16,1,57.31,2
6811,994,42,2024-03-08,2,52.82,22
6812,230,2,2026-06-07,4,214.96,2
6813,966,32,2026-06-09,1,31.05,4
6814,1648,24,2024-05-01,5,126.35,31
6815,882,25,2025-06-01,2,69.06,1
6816,1315,27,2024-07-29,5,112.5,39
6817,826,12,2024-09-22,3,61.98,16
6818,208,29,2025-05-08,5,201.5,22
6819,1917,41,2024-03-19,3,171.93,40
6820,1270,11,2025-05-10,5,69.95,36
6821,1459,25,2025-04-12,3,103.59,23
6822,769,31,2024-08-30,2,35.32,32
6823,1415,42,2026-08-03,4,105.64,33
6824,948,47,2023-10-23,2,100.54,28
6825,1353,22,2024-04-10,5,186.6,15
6826,1165,17,2024-11-03,1,23.88,28
6827,1233,21,2024-10-17,4,51.36,5
6828,1482,9,2023-11-12,4,90.4,22
6829,1716,5,2025-01-06,2,108.46,26
6830,1614,29,2025-06-18,3,120.9,24
6831,771,22,2023-11-30,4,149.28,9
6832,732,32,2026-05-06,2,62.1,13
6833,268,11,2025-09-20,4,55.96,13
6834,1724,46,2026-03-29,4,127.08,6
6835,1764,15,2026-06-09,4,140.08,10
6836,773,37,2023-11-05,5,90.1,31
6837,1566,34,2026-03-10,4,147.56,5
6838,1701,22,2023-10-29,5,186.6,12
6839,1031,17,2025-09-12,4,95.52,23
6840,40,45,2025-11-12,5,225.35,13
6841,1215,42,2025-06-03,2,52.82,15
6842,1191,31,2024-10-08,4,70.64,32
6843,409,7,2024-04-23,1,33.34,1
6844,159,18,2025-06-28,4,150.36,19
6845,659,44,2026-03-21,4,92.44,5
6846,798,47,2024-07-12,3,150.81,4
6847,1136,3,2023-11-26,2,100.2,11
6848,1145,36,2026-08-05,4,133.16,40
6849,1987,37,2026-02-14,5,90.1,12
6850,1314,28,2024-04-11,2,106.26,29
6851,556,1,2025-05-19,2,103.54,34
6852,611,26,2024-05-03,2,109.28,2
6853,276,38,2025-05-27,3,58.89,22
6854,1156,47,2025-08-18,4,201.08,30
6855,369,21,2024-09-19,1,12.84,36
6856,1321,29,2026-01-08,2,80.6,23
6857,551,16,2023-10-09,4,229.0,21
6858,467,18,2024-06-28,1,37.59,40
6859,1763,19,2023-10-28,4,205.32,1
6860,215,13,2024-09-22,3,52.38,32
6861,439,50,2025-06-11,5,93.9,20
6862,288,37,2025-05-24,1,18.02,27
6863,970,34,2026-04-23,2,73.78,32
6864,577,4,2024-09-18,5,239.1,16
6865,385,23,2025-05-13,4,122.08,25
6866,1413,34,2024-08-10,5,184.45,38
6867,198,9,2024-03-17,4,90.4,29
6868,1424,46,2023-12-18,1,31.77,14
6869,1387,15,2023-09-14,4,140.08,36
6870,1336,17,2024-02-16,4,95.52,35
6871,1977,11,2024-02-10,3,41.97,25
6872,897,46,2024-02-03,2,63.54,40
6873,1379,6,2023-10-28,1,22.65,7
6874,1384,28,2025-08-15,4,212.52,17
6875,1518,47,2026-08-14,1,50.27,17
6876,687,43,2024-09-11,2,95.22,12
6877,1282,22,2024-12-18,2,74.64,8
6878,42,30,2023-11-24,1,44.18,4
6879,1737,39,2024-04-08,2,104.44,32
6880,1765,19,2023-10-31,4,205.32,17
6881,1996,21,2024-06-03,5,64.2,12
6882,1450,3,2025-12-16,1,50.1,39
6883,337,15,2026-08-30,3,105.06,24
6884,586,33,2025-07-16,5,119.1,26
6885,1503,34,2026-06-27,5,184.45,36
6886,1957,45,2025-04-20,1,45.07,15
6887,1226,50,2026-08-15,4,75.12,27
6888,558,5,2023-09-20,4,216.92,7
6889,1500,41,2025-03-11,2,114.62,39
6890,1351,49,2024-08-02,3,132.54,40
6891,155,30,2024-10-09,1,44.18,1
6892,1887,17,2024-09-12,1,23.88,20
6893,1976,7,2025-03-05,2,66.68,12
6894,1887,40,2025-03-04,1,33.63,38
6895,441,6,2024-05-28,4,90.6,21
6896,1107,49,2025-01-25,4,176.72,1
6897,1928,18,2026-04-26,4,150.36,40
6898,1658,19,2024-07-06,3,153.99,19
6899,287,7,2025-02-17,5,166.7,5
6900,355,4,2025-05-13,4,191.28,10
6901,980,43,2023-09-13,4,190.44,28
6902,656,44,2026-02-20,5,115.55,19
6903,819,44,2024-11-29,3,69.33,23
6904,908,25,2024-12-19,2,69.06,2
6905,828,10,2025-04-17,5,260.75,16
6906,1766,44,2025-12-11,3,69.33,33
6907,734,31,2025-11-10,1,17.66,26
6908,221,24,2024-10-15,3,75.81,27
6909,869,5,2024-07-16,2,108.46,4
6910,965,23,2024-10-31,1,30.52,11
6911,652,16,2025-03-17,5,286.25,17
6912,363,2,2023-12-18,2,107.48,5
6913,1475,24,2024-07-01,2,50.54,40
6914,1284,37,2026-01-03,5,90.1,4
6915,450,1,2024-10-26,4,207.08,36
6916,1309,28,2024-08-25,5,265.65,18
6917,1902,17,2024-09-03,2,47.76,24
6918,442,23,2024-03-03,4,122.08,3
6919,10,50,2024-01-31,1,18.78,25
6920,1857,16,2024-08-22,5,286.25,15
6921,309,3,2024-02-15,1,50.1,33
6922,466,45,2026-03-20,2,90.14,10
6923,1575,50,2024-11-16,4,75.12,10
6924,1684,33,2025-12-13,4,95.28,15
6925,1078,44,2025-05-16,1,23.11,30
6926,1572,34,2026-07-09,4,147.56,13
6927,1402,10,2024-05-18,2,104.3,11
6928,383,45,2023-11-11,4,180.28,11
6929,1354,32,2024-05-01,4,124.2,29
6930,1788,19,2023-09-15,3,153.99,6
6931,692,40,2025-04-03,1,33.63,26
6932,766,35,2023-09-26,3,47.82,29
6933,1943,1,2023-10-01,2,103.54,17
6934,934,38,2026-06-25,3,58.89,4
6935,588,32,2024-06-15,2,62.1,18
6936,167,50,2023-10-19,5,93.9,17
6937,28,24,2026-05-22,2,50.54,5
6938,1455,49,2025-03-31,1,44.18,36
6939,1610,35,2025-05-03,2,31.88,33
6940,593,22,2025-12-02,1,37.32,14
6941,323,22,2025-07-05,5,186.6,14
6942,1120,38,2025-09-12,1,19.63,28
6943,1126,36,2026-03-20,1,33.29,40
6944,1921,24,2024-04-16,3,75.81,9
6945,1111,21,2024-04-22,3,38.52,36
6946,886,40,2026-09-05,4,134.52,3
6947,127,13,2026-06-04,4,69.84,35
6948,1951,27,2025-02-27,5,112.5,40
6949,305,30,2023-12-12,4,176.72,22
6950,1055,18,2025-04-09,1,37.59,1
6951,1955,41,2025-02-11,2,114.62,9
6952,807,4,2025-12-18,1,47.82,18
6953,756,23,2026-01-18,1,30.52,40
6954,1273,27,2024-12-03,4,90.0,36
6955,650,45,2025-06-10,5,225.35,21
6956,1305,24,2025-11-13,2,50.54,5
6957,1397,38,2025-01-22,2,39.26,19
6958,75,2,2026-06-22,1,53.74,22
6959,1796,48,2026-03-07,5,71.35,40
6960,1852,14,2026-07-25,2,104.58,10
6961,1052,3,2024-09-26,2,100.2,6
6962,1780,28,2024-09-12,4,212.52,4
6963,585,50,2024-05-14,1,18.78,12
6964,35,35,2024-12-29,3,47.82,13
6965,1592,6,2026-01-01,3,67.95,27
6966,1709,20,2024-10-14,2,90.34,30
6967,1591,4,2026-07-01,4,191.28,34
6968,64,28,2025-08-26,2,106.26,27
6969,1146,27,2024-12-29,1,22.5,7
6970,1983,48,2024-01-09,4,57.08,20
6971,1048,38,2025-02-06,5,98.15,30
6972,969,44,2025-10-29,5,115.55,18
6973,546,16,2024-01-05,1,57.25,16
6974,117,44,2026-02-01,3,69.33,2
6975,1260,20,2025-09-08,2,90.34,13
6976,1132,14,2024-11-19,1,52.29,21
6977,1455,6,2026-03-15,1,22.65,37
6978,1324,16,2024-03-18,4,229.0,10
6979,232,32,2024-03-01,3,93.15,20
6980,1887,24,2025-09-28,2,50.54,14
6981,1818,35,2026-01-22,4,63.76,5
6982,1726,31,2024-06-10,3,52.98,14
6983,1573,28,2025-07-30,3,159.39,29
6984,1016,37,2023-09-20,5,90.1,29
6985,543,31,2024-04-07,4,70.64,7
6986,839,14,2026-04-04,3,156.87,32
6987,149,21,2026-03-10,5,64.2,35
6988,1032,29,2024-01-05,1,40.3,29
6989,26,31,2026-02-04,5,88.3,32
6990,1199,5,2025-02-24,1,54.23,39
6991,613,13,2026-08-11,2,34.92,17
6992,1032,17,2023-12-09,5,119.4,3
6993,947,7,2026-02-13,3,100.02,14
6994,881,15,2024-06-10,1,35.02,37
6995,963,21,2026-02-28,4,51.36,8
6996,1441,10,2023-10-12,2,104.3,21
6997,783,47,2024-08-14,5,251.35,24
6998,528,48,2025-01-11,3,42.81,30
6999,1442,39,2026-09-01,5,261.1,23
7000,1829,7,2023-11-07,3,100.02,20
7001,1968,31,2025-10-06,5,88.3,19
7002,1702,35,2025-02-10,4,63.76,33
7003,1504,2,2024-03-24,5,268.7,12
7004,825,14,2024-04-29,1,52.29,34
7005,759,2,2025-10-18,5,268.7,5
7006,1097,32,2025-02-11,4,124.2,17
7007,669,26,2023-11-11,3,163.92,2
7008,361,33,2024-05-28,4,95.28,7
7009,1752,22,2023-11-28,4,149.28,11
7010,1814,22,2025-01-27,3,111.96,25
7011,476,31,2024-08-26,3,52.98,32
7012,1473,28,2025-11-15,4,212.52,32
7013,597,50,2025-05-29,5,93.9,38
7014,1139,10,2026-04-03,2,104.3,27
7015,408,3,2024-03-23,3,150.3,16
7016,716,31,2025-11-08,2,35.32,8
7017,902,40,2024-09-03,4,134.52,29
7018,54,12,2023-12-25,2,41.32,15
7019,520,20,2024-01-05,2,90.34,34
7020,1150,41,2025-05-21,3,171.93,21
7021,1496,12,2026-08-11,4,82.64,39
7022,78,5,2024-05-03,2,108.46,7
7023,717,19,2024-06-20,4,205.32,6
7024,541,27,2026-06-01,5,112.5,9
7025,885,15,2024-06-06,4,140.08,24
7026,381,42,2025-02-19,3,79.23,11
7027,1044,12,2024-03-13,1,20.66,36
7028,336,30,2025-08-25,1,44.18,15
7029,421,16,2023-09-27,1,57.25,28
7030,830,45,2024-07-23,5,225.35,31
7031,1305,37,2025-09-17,2,36.04,20
7032,705,29,2024-06-02,5,201.5,14
7033,937,14,2025-04-07,2,104.58,40
7034,687,25,2024-12-30,5,172.65,17
7035,25,12,2026-03-28,1,20.66,19
7036,1000,41,2024-03-09,2,114.62,11
7037,826,30,2024-03-31,5,220.9,20
7038,202,11,2024-03-03,4,55.96,35
7039,1163,9,2026-01-24,4,90.4,6
7040,1655,12,2026-01-27,4,82.64,10
7041,635,25,2023-09-13,2,69.06,35
7042,1852,17,2025-01-04,2,47.76,24
7043,645,47,2026-07-23,5,251.35,12
7044,392,33,2025-07-09,1,23.82,33
7045,1740,38,2024-06-14,4,78.52,21
7046,1691,42,2025-02-10,3,79.23,6
7047,607,29,2025-08-14,5,201.5,34
7048,448,8,2025-12-17,5,89.65,16
7049,1536,41,2025-08-28,5,286.55,18
7050,110,18,2024-04-27,1,37.59,4
7051,538,40,2024-09-12,5,168.15,20
7052,956,36,2026-05-29,3,99.87,12
7053,1479,6,2026-01-19,5,113.25,21
7054,363,44,2025-12-16,5,115.55,12
7055,1075,50,2025-03-19,2,37.56,33
7056,1195,34,2025-07-20,3,110.67,3
7057,559,45,2024-06-28,4,180.28,34
7058,688,40,2024-03-26,2,67.26,4
7059,388,45,2025-11-13,3,135.21,3
7060,1351,31,2026-03-12,4,70.64,24
7061,605,33,2025-03-14,2,47.64,30
7062,432,24,2025-04-10,1,25.27,6
7063,1675,24,2024-07-23,3,75.81,33
7064,1028,17,2024-02-07,3,71.64,11
7065,1514,3,2025-08-02,4,200.4,8
7066,906,37,2024-12-31,4,72.08,17
7067,1082,47,2026-07-26,5,251.35,25
7068,1481,34,2025-07-20,1,36.89,25
7069,1515,24,2024-11-24,1,25.27,33
7070,263,2,2026-04-24,2,107.48,1
7071,184,32,2023-11-06,5,155.25,3
7072,751,26,2024-04-28,2,109.28,11
7073,27,41,2026-05-12,5,286.55,3
7074,1763,37,2025-07-16,1,18.02,31
7075,1591,48,2024-01-15,5,71.35,27
7076,1050,26,2024-04-07,4,218.56,27
7077,1389,21,2026-08-17,4,51.36,18
7078,1251,19,2025-02-05,3,153.99,2
7079,1453,10,2025-09-28,1,52.15,28
7080,722,28,2026-09-02,2,106.26,20
7081,972,20,2025-07-15,5,225.85,18
7082,1145,8,2026-04-24,2,35.86,23
7083,1618,22,2023-10-22,1,37.32,15
7084,956,29,2025-07-28,1,40.3,5
7085,1874,44,2024-12-15,3,69.33,21
7086,1840,4,2026-01-14,3,143.46,27
7087,235,13,2024-06-25,1,17.46,11
7088,1399,32,2025-02-06,4,124.2,31
7089,594,24,2026-01-27,3,75.81,6
7090,1002,30,2024-11-07,4,176.72,15
7091,928,5,2024-10-30,2,108.46,33
7092,1309,33,2023-12-25,5,119.1,32
7093,332,41,2024-09-05,4,229.24,7
7094,314,4,2025-12-24,5,239.1,11
7095,1268,35,2025-06-24,5,79.7,7
7096,178,38,2023-12-04,2,39.26,2
7097,652,48,2024-03-30,5,71.35,1
7098,983,24,2024-01-11,5,126.35,24
7099,900,1,2024-06-16,3,155.31,16
7100,743,17,2026-06-15,3,71.64,40
7101,161,5,2026-06-29,5,271.15,33
7102,1484,19,2025-09-12,4,205.32,3
7103,477,4,2023-12-30,1,47.82,22
7104,151,11,2026-07-25,2,27.98,28
7105,1539,19,2026-03-24,5,256.65,38
7106,1470,8,2026-06-13,4,71.72,23
7107,1472,47,2026-09-03,4,201.08,35
7108,1827,1,2025-05-18,3,155.31,5
7109,619,16,2025-10-21,5,286.25,23
7110,1218,3,2024-04-16,1,50.1,12
7111,515,49,2024-02-08,2,88.36,21
7112,363,38,2023-11-28,2,39.26,11
7113,1095,34,2025-06-14,2,73.78,24
7114,920,8,2024-05-27,3,53.79,39
7115,616,6,2023-09-10,1,22.65,30
7116,1163,4,2024-03-16,4,191.28,4
7117,453,41,2024-07-06,2,114.62,27
7118,1096,20,2024-02-23,2,90.34,40
7119,197,10,2026-03-15,3,156.45,19
7120,1854,35,2025-04-21,4,63.76,34
7121,1768,44,2025-05-27,1,23.11,7
7122,904,36,2025-07-07,3,99.87,15
7123,1656,43,2024-10-21,4,190.44,22
7124,1478,48,2026-03-01,3,42.81,2
7125,474,33,2025-04-03,3,71.46,19
7126,107,3,2026-02-22,4,200.4,32
7127,14,43,2025-03-30,5,238.05,25
7128,1777,10,2024-11-19,1,52.15,3
7129,424,9,2025-12-06,1,22.6,29
7130,1263,35,2024-02-05,2,31.88,30
7131,903,34,2025-02-16,1,36.89,13
7132,147,8,2025-06-12,5,89.65,17
7133,800,13,2024-10-07,5,87.3,22
7134,1644,27,2026-02-04,5,112.5,15
7135,1113,40,2026-05-24,2,67.26,35
7136,94,16,2023-10-09,4,229.0,29
7137,935,32,2026-08-10,5,155.25,25
7138,656,49,2024-08-09,5,220.9,36
7139,1649,15,2026-07-07,5,175.1,13
7140,414,32,2024-02-27,2,62.1,1
7141,1365,1,2025-05-31,4,207.08,33
7142,1971,21,2026-06-02,5,64.2,13
7143,763,14,2024-10-02,4,209.16,19
7144,1407,16,2026-01-30,2,114.5,15
7145,1819,10,2024-06-28,4,208.6,30
7146,495,9,2026-07-08,3,67.8,21
7147,165,31,2024-05-30,2,35.32,29
7148,1552,38,2024-01-04,2,39.26,15
7149,802,39,2023-11-09,1,52.22,13
7150,56,17,2024-02-15,4,95.52,34
7151,1043,27,2025-01-03,1,22.5,11
7152,1936,14,2026-04-03,2,104.58,21
7153,934,11,2025-07-16,1,13.99,21
7154,502,29,2024-05-22,3,120.9,4
7155,1825,30,2023-10-12,3,132.54,28
7156,1021,31,2026-03-24,2,35.32,27
7157,660,13,2024-04-10,2,34.92,32
7158,347,14,2024-02-09,3,156.87,39
7159,78,3,2024-10-17,4,200.4,10
7160,1762,35,2026-02-25,2,31.88,14
7161,1865,35,2025-06-06,4,63.76,31
7162,1527,40,2024-08-31,4,134.52,17
7163,392,14,2025-09-06,1,52.29,31
7164,1014,47,2024-08-26,3,150.81,29
7165,88,32,2026-04-27,5,155.25,5
7166,1242,33,2024-08-05,1,23.82,26
7167,1863,30,2023-12-23,3,132.54,25
7168,1858,3,2025-04-03,5,250.5,18
7169,454,12,2024-07-07,4,82.64,11
7170,1040,50,2024-01-21,3,56.34,40
7171,1187,47,2025-10-20,2,100.54,4
7172,1533,22,2024-11-08,2,74.64,4
7173,649,16,2024-07-05,5,286.25,32
7174,1817,21,2024-04-08,5,64.2,13
7175,225,17,2025-02-03,4,95.52,9
7176,1589,2,2024-12-14,5,268.7,30
7177,525,23,2025-02-24,4,122.08,16
7178,1624,38,2023-10-22,4,78.52,4
7179,1905,32,2024-07-15,4,124.2,12
7180,845,19,2025-06-27,5,256.65,2
7181,285,39,2023-12-04,4,208.88,1
7182,1342,24,2024-11-24,5,126.35,2
7183,1205,15,2025-03-18,1,35.02,3
7184,1979,21,2026-07-23,5,64.2,12
7185,577,49,2025-01-09,4,176.72,11
7186,967,33,2024-05-06,5,119.1,1
7187,86,46,2025-04-15,4,127.08,11
7188,885,10,2024-05-16,1,52.15,26
7189,772,44,2025-11-21,4,92.44,30
7190,1200,33,2024-06-05,2,47.64,35
7191,1977,4,2026-01-16,5,239.1,27
7192,1662,50,2024-12-20,4,75.12,26
7193,1040,25,2026-03-31,1,34.53,18
7194,1987,7,2025-05-17,4,133.36,26
7195,890,45,2026-04-02,1,45.07,34
7196,1829,33,2023-11-13,4,95.28,35
7197,1405,12,2024-08-23,3,61.98,10
7198,1797,40,2023-12-31,3,100.89,16
7199,249,12,2024-01-20,4,82.64,30
7200,197,30,2025-10-02,3,132.54,12
7201,986,37,2024-06-22,2,36.04,17
7202,643,48,2025-05-23,2,28.54,12
7203,227,33,2025-05-01,4,95.28,3
7204,1473,25,2024-04-04,5,172.65,11
7205,1882,35,2025-09-08,5,79.7,9
7206,1793,40,2026-06-04,4,134.52,29
7207,1032,14,2024-01-02,3,156.87,2
7208,185,29,2023-11-13,3,120.9,25
7209,96,2,2025-07-28,4,214.96,31
7210,331,4,2026-09-08,5,239.1,34
7211,1090,47,2024-12-09,4,201.08,38
7212,1283,3,2026-04-25,5,250.5,16
7213,167,17,2023-11-29,2,47.76,30
7214,48,50,2023-12-21,3,56.34,16
7215,1738,33,2023-10-06,1,23.82,36
7216,1501,17,2025-11-01,3,71.64,31
7217,134,4,2025-05-26,1,47.82,9
7218,424,12,2024-05-18,1,20.66,13
7219,1934,15,2025-07-07,4,140.08,26
7220,1655,23,2025-12-03,1,30.52,22
7221,527,9,2025-04-18,1,22.6,21
7222,959,30,2024-05-23,5,220.9,7
7223,667,17,2024-11-03,4,95.52,7
7224,1146,50,2023-11-11,4,75.12,19
7225,206,37,2026-06-06,2,36.04,18
7226,1463,41,2024-05-30,1,57.31,14
7227,997,1,2026-03-04,1,51.77,23
7228,247,23,2025-05-06,1,30.52,35
7229,1485,38,2025-01-27,3,58.89,6
7230,1002,10,2024-04-24,2,104.3,14
7231,771,26,2026-05-20,1,54.64,20
7232,1370,28,2025-01-15,1,53.13,10
7233,1354,34,2025-05-10,3,110.67,17
7234,1738,9,2024-08-17,3,67.8,13
7235,1741,15,2025-12-23,2,70.04,33
7236,1984,30,2025-07-16,3,132.54,30
7237,1770,10,2023-12-25,3,156.45,14
7238,1812,20,2025-04-25,5,225.85,8
7239,786,19,2025-03-03,3,153.99,8
7240,1185,23,2025-05-26,1,30.52,3
7241,300,40,2024-04-25,2,67.26,6
7242,70,15,2025-09-16,1,35.02,12
7243,115,26,2025-02-24,2,109.28,18
7244,173,17,2024-07-26,2,47.76,15
7245,1098,5,2025-12-12,3,162.69,9
7246,1672,8,2025-04-24,5,89.65,12
7247,1202,9,2023-12-09,4,90.4,6
7248,518,18,2026-04-26,1,37.59,40
7249,471,38,2024-03-19,4,78.52,28
7250,199,44,2026-01-28,1,23.11,11
7251,792,20,2023-10-23,1,45.17,15
7252,484,49,2026-07-06,4,176.72,36
7253,1888,14,2026-02-23,2,104.58,20
7254,456,3,2025-05-25,3,150.3,5
7255,66,40,2026-08-10,3,100.89,10
7256,238,31,2025-09-19,2,35.32,9
7257,298,36,2024-06-22,4,133.16,17
7258,1811,17,2024-04-10,4,95.52,23
7259,315,17,2024-07-10,5,119.4,11
7260,1964,19,2024-09-02,1,51.33,29
7261,938,18,2025-10-04,5,187.95,6
7262,1305,29,2023-10-13,1,40.3,3
7263,1135,17,2023-11-15,3,71.64,30
7264,938,15,2026-03-30,4,140.08,26
7265,182,40,2023-09-11,3,100.89,36
7266,1015,16,2025-10-18,5,286.25,36
7267,377,48,2025-05-06,3,42.81,38
7268,1426,38,2026-02-28,2,39.26,19
7269,1298,6,2026-08-05,4,90.6,18
7270,1213,35,2026-07-06,5,79.7,40
7271,202,18,2025-07-30,4,150.36,15
7272,881,36,2024-08-20,4,133.16,13
7273,1622,45,2026-04-03,4,180.28,29
7274,156,31,2024-10-31,1,17.66,19
7275,621,6,2023-12-01,3,67.95,25
7276,738,20,2023-12-26,1,45.17,1
7277,1296,34,2024-07-03,3,110.67,17
7278,1939,39,2025-11-17,3,156.66,6
7279,1077,2,2025-11-25,2,107.48,12
7280,467,9,2024-08-16,2,45.2,11
7281,121,41,2024-12-02,2,114.62,15
7282,20,33,2025-02-10,1,23.82,32
7283,1682,8,2026-05-25,4,71.72,19
7284,1619,40,2023-11-21,5,168.15,8
7285,1346,6,2026-05-07,2,45.3,30
7286,1155,44,2026-04-04,5,115.55,19
7287,897,33,2025-02-06,4,95.28,26
7288,1706,5,2025-10-23,2,108.46,11
7289,1858,40,2023-10-13,4,134.52,2
7290,168,26,2026-04-10,4,218.56,6
7291,1282,23,2025-02-09,4,122.08,13
7292,939,29,2025-06-03,4,161.2,3
7293,400,35,2023-12-09,5,79.7,18
7294,145,25,2025-08-16,5,172.65,12
7295,1086,8,2025-08-24,1,17.93,20
7296,1835,32,2024-05-22,5,155.25,36
7297,1376,31,2024-04-20,1,17.66,13
7298,526,45,2025-07-04,4,180.28,22
7299,1597,29,2026-08-07,3,120.9,11
7300,1017,50,2026-08-28,5,93.9,2
7301,1968,47,2024-04-05,2,100.54,6
7302,1215,36,2024-08-16,4,133.16,39
7303,456,23,2025-08-11,4,122.08,9
7304,1715,44,2025-12-04,2,46.22,40
7305,1324,1,2026-03-24,5,258.85,20
7306,576,49,2025-01-12,4,176.72,9
7307,1972,12,2026-09-07,4,82.64,8
7308,906,24,2025-07-24,4,101.08,12
7309,277,37,2024-11-10,3,54.06,7
7310,1595,37,2025-12-13,5,90.1,5
7311,176,50,2023-10-30,1,18.78,33
7312,1145,11,2026-07-05,5,69.95,25
7313,1962,14,2025-12-31,4,209.16,37
7314,846,1,2023-11-17,2,103.54,20
7315,128,6,2024-06-10,4,90.6,20
7316,293,4,2026-02-22,2,95.64,17
7317,1489,34,2025-04-12,3,110.67,36
7318,1386,26,2025-11-29,5,273.2,10
7319,1949,34,2026-02-22,1,36.89,17
7320,1726,21,2024-12-07,4,51.36,11
7321,1096,33,2026-03-24,5,119.1,1
7322,1765,26,2023-11-30,2,109.28,32
7323,806,18,2026-04-07,5,187.95,33
7324,1155,7,2024-09-06,5,166.7,36
7325,1674,6,2024-05-22,3,67.95,37
7326,435,3,2024-07-04,4,200.4,26
7327,417,37,2026-05-27,1,18.02,23
7328,1797,9,2025-04-08,5,113.0,6
7329,179,30,2025-07-31,1,44.18,40
7330,1786,31,2025-07-31,3,52.98,1
7331,1515,2,2025-05-04,2,107.48,38
7332,251,40,2025-07-06,4,134.52,37
7333,431,23,2024-08-09,5,152.6,4
7334,172,50,2026-03-21,4,75.12,28
7335,1153,26,2026-08-25,1,54.64,23
7336,1146,23,2026-06-05,3,91.56,12
7337,1659,47,2023-10-14,3,150.81,7
7338,1069,28,2026-05-24,1,53.13,24
7339,192,29,2026-01-18,4,161.2,35
7340,1887,33,2026-08-29,3,71.46,9
7341,1152,10,2025-08-13,1,52.15,21
7342,388,10,2025-09-30,3,156.45,33
7343,681,32,2024-07-06,2,62.1,13
7344,1330,2,2025-03-29,2,107.48,39
7345,173,36,2025-12-28,4,133.16,24
7346,1329,1,2026-09-07,3,155.31,2
7347,1276,5,2024-08-03,4,216.92,36
7348,1386,34,2024-09-16,1,36.89,25
7349,122,2,2024-12-23,1,53.74,36
7350,1702,50,2024-10-17,5,93.9,13
7351,2000,6,2025-07-05,1,22.65,6
7352,737,25,2024-08-22,3,103.59,35
7353,1079,32,2026-08-23,3,93.15,14
7354,864,8,2024-08-20,4,71.72,20
7355,769,28,2025-03-29,1,53.13,15
7356,1985,48,2025-01-22,1,14.27,14
7357,1627,49,2024-06-13,3,132.54,30
7358,912,44,2023-10-18,3,69.33,3
7359,567,10,2024-02-22,3,156.45,8
7360,254,16,2024-07-07,2,114.5,31
7361,1031,23,2024-05-13,5,152.6,17
7362,1407,22,2025-02-13,3,111.96,27
7363,1200,31,2024-12-01,1,17.66,15
7364,1175,37,2025-10-17,5,90.1,24
7365,1158,18,2025-06-24,4,150.36,19
7366,670,28,2024-09-07,4,212.52,10
7367,395,45,2024-01-22,3,135.21,31
7368,949,5,2026-01-28,1,54.23,30
7369,414,25,2024-05-12,4,138.12,36
7370,1193,8,2025-10-31,3,53.79,12
7371,2000,12,2026-09-01,5,103.3,2
7372,1409,50,2026-01-29,2,37.56,25
7373,1678,17,2024-05-16,5,119.4,8
7374,612,27,2025-05-10,5,112.5,32
7375,1090,35,2024-07-19,5,79.7,4
7376,1910,4,2025-11-19,5,239.1,34
7377,338,30,2025-03-15,2,88.36,7
7378,326,48,2024-08-12,3,42.81,18
7379,626,50,2024-01-11,1,18.78,23
7380,1772,11,2024-08-06,3,41.97,27
7381,791,12,2025-03-30,2,41.32,37
7382,134,23,2023-11-10,4,122.08,13
7383,858,35,2023-10-30,5,79.7,17
7384,401,19,2024-03-31,1,51.33,14
7385,664,1,2024-11-28,4,207.08,5
7386,1190,39,2025-11-02,4,208.88,17
7387,423,19,2024-09-09,4,205.32,27
7388,76,3,2024-03-30,1,50.1,39
7389,1969,4,2024-09-06,5,239.1,39
7390,1155,1,2024-04-25,1,51.77,4
7391,1397,27,2025-08-10,4,90.0,24
7392,975,19,2024-08-25,2,102.66,26
7393,857,41,2025-04-17,2,114.62,17
7394,1087,49,2025-10-13,4,176.72,29
7395,1745,42,2024-11-13,4,105.64,21
7396,1944,32,2024-12-05,4,124.2,30
7397,1927,49,2026-05-09,2,88.36,17
7398,549,4,2025-08-28,5,239.1,26
7399,827,32,2025-04-02,1,31.05,39
7400,1891,41,2025-04-03,5,286.55,28
7401,668,14,2023-11-14,5,261.45,38
7402,608,19,2026-06-24,1,51.33,21
7403,780,20,2024-03-24,3,135.51,23
7404,1085,36,2025-08-01,1,33.29,11
7405,1885,28,2025-03-29,4,212.52,8
7406,707,23,2024-09-11,4,122.08,13
7407,1384,4,2025-09-23,5,239.1,13
7408,749,6,2023-11-07,1,22.65,22
7409,1501,29,2026-06-28,4,161.2,17
7410,891,29,2023-11-26,4,161.2,22
7411,1930,30,2025-02-26,5,220.9,29
7412,1066,1,2026-04-19,1,51.77,25
7413,1437,5,2023-09-11,5,271.15,29
7414,593,20,2026-08-06,3,135.51,3
7415,1949,2,2026-04-11,2,107.48,33
7416,344,41,2024-05-19,4,229.24,10
7417,1252,11,2024-06-03,5,69.95,2
7418,1559,48,2025-08-27,2,28.54,39
7419,332,38,2023-09-27,3,58.89,39
7420,679,24,2026-02-24,5,126.35,27
7421,1021,39,2026-07-27,4,208.88,16
7422,1464,27,2025-09-26,5,112.5,34
7423,845,34,2024-08-16,3,110.67,5
7424,984,24,2024-12-08,3,75.81,17
7425,462,12,2025-06-09,1,20.66,13
7426,141,15,2024-12-27,4,140.08,13
7427,271,27,2025-06-30,2,45.0,18
7428,692,14,2024-10-22,4,209.16,26
7429,1433,23,2025-04-10,1,30.52,29
7430,807,49,2024-01-04,2,88.36,25
7431,313,4,2024-10-05,4,191.28,11
7432,717,9,2024-11-18,2,45.2,23
7433,1604,46,2023-10-21,4,127.08,15
7434,56,31,2025-12-03,4,70.64,12
7435,1304,39,2026-06-11,5,261.1,26
7436,928,18,2024-12-06,3,112.77,16
7437,337,33,2026-08-02,5,119.1,16
7438,998,31,2025-07-05,3,52.98,37
7439,107,4,2026-03-08,3,143.46,5
7440,816,45,2023-10-02,4,180.28,37
7441,1341,22,2023-12-01,1,37.32,10
7442,867,47,2025-06-15,5,251.35,27
7443,1826,24,2024-08-11,2,50.54,31
7444,544,37,2024-04-21,1,18.02,32
7445,1874,22,2025-04-10,4,149.28,27
7446,1697,47,2023-11-11,2,100.54,16
7447,1422,10,2025-02-04,5,260.75,13
7448,1688,42,2026-03-16,1,26.41,30
7449,1000,22,2026-04-12,2,74.64,11
7450,1398,36,2026-07-03,2,66.58,22
7451,83,22,2025-02-26,4,149.28,40
7452,812,27,2024-03-15,3,67.5,3
7453,1115,10,2026-05-04,2,104.3,1
7454,984,10,2026-05-28,3,156.45,36
7455,1594,26,2026-01-04,4,218.56,33
7456,1277,4,2024-07-04,5,239.1,25
7457,230,34,2023-10-10,4,147.56,40
7458,568,37,2026-08-04,1,18.02,6
7459,1317,43,2023-12-24,5,238.05,13
7460,475,28,2023-10-10,1,53.13,37
7461,859,15,2025-12-05,3,105.06,10
7462,1138,43,2024-02-10,2,95.22,21
7463,1498,1,2024-06-04,3,155.31,35
7464,1542,43,2024-05-21,5,238.05,26
7465,1270,50,2024-10-07,1,18.78,19
7466,1524,32,2026-03-13,4,124.2,10
7467,1850,40,2025-02-05,5,168.15,11
7468,1580,5,2026-01-21,4,216.92,17
7469,1891,2,2025-05-24,3,161.22,15
7470,1896,39,2025-05-29,5,261.1,31
7471,1904,26,2024-05-03,2,109.28,32
7472,1259,20,2024-09-11,3,135.51,28
7473,171,26,2025-05-14,1,54.64,2
7474,114,30,2025-12-17,2,88.36,13
7475,684,24,2026-05-04,4,101.08,10
7476,1364,34,2025-09-23,3,110.67,21
7477,1050,39,2024-04-30,4,208.88,39
7478,1942,44,2025-08-01,5,115.55,32
7479,1310,33,2025-03-18,3,71.46,26
7480,1758,4,2024-03-05,1,47.82,4
7481,762,2,2023-12-28,4,214.96,24
7482,968,27,2024-08-06,2,45.0,10
7483,102,46,2024-03-25,1,31.77,25
7484,753,26,2025-12-18,3,163.92,15
7485,1647,50,2025-10-18,1,18.78,30
7486,1904,7,2024-08-19,4,133.36,4
7487,1209,38,2023-12-08,2,39.26,3
7488,672,27,2025-08-17,1,22.5,3
7489,655,7,2025-10-09,4,133.36,33
7490,239,17,2023-12-06,5,119.4,15
7491,1141,49,2025-12-05,2,88.36,38
7492,1806,41,2025-12-24,1,57.31,10
7493,1904,1,2024-09-01,5,258.85,37
7494,188,4,2025-02-06,5,239.1,1
7495,1469,14,2026-03-27,4,209.16,16
7496,1882,32,2025-12-29,1,31.05,10
7497,289,36,2023-12-09,2,66.58,33
7498,988,6,2026-01-05,1,22.65,7
7499,1847,10,2025-12-22,2,104.3,39
7500,1930,31,2025-12-01,2,35.32,17
7501,103,45,2024-02-24,2,90.14,12
7502,1747,27,2023-09-26,5,112.5,23
7503,1200,8,2024-06-30,4,71.72,29
7504,1432,12,2026-06-30,4,82.64,17
7505,1033,37,2026-03-27,1,18.02,14
7506,1437,8,2023-09-27,4,71.72,22
7507,1067,2,2024-03-25,3,161.22,15
7508,1612,10,2025-01-12,5,260.75,11
7509,504,39,2025-09-30,3,156.66,17
7510,701,49,2025-04-02,2,88.36,19
7511,1748,39,2025-02-14,1,52.22,11
7512,537,22,2025-07-15,2,74.64,24
7513,944,9,2024-06-21,2,45.2,4
7514,970,5,2025-12-05,3,162.69,40
7515,1990,42,2023-10-26,4,105.64,12
7516,808,44,2025-11-09,3,69.33,21
7517,895,47,2026-02-02,5,251.35,6
7518,1824,31,2025-11-30,1,17.66,23
7519,158,48,2024-04-17,1,14.27,7
7520,965,17,2026-07-28,3,71.64,37
7521,1007,43,2024-09-09,4,190.44,32
7522,1739,12,2024-01-27,5,103.3,3
7523,1771,44,2024-05-24,5,115.55,35
7524,860,21,2026-03-29,1,12.84,12
7525,410,14,2025-10-23,2,104.58,21
7526,424,36,2025-06-08,1,33.29,28
7527,709,20,2025-01-29,5,225.85,12
7528,616,24,2025-02-14,2,50.54,20
7529,325,13,2024-02-22,5,87.3,12
7530,1445,32,2025-01-06,1,31.05,17
7531,593,47,2025-12-21,1,50.27,28
7532,345,39,2025-12-03,1,52.22,9
7533,1,36,2024-11-07,1,33.29,32
7534,61,25,2024-02-04,2,69.06,23
7535,30,38,2024-04-10,5,98.15,18
7536,1913,30,2025-05-24,2,88.36,7
7537,276,25,2026-05-25,3,103.59,35
7538,630,18,2026-05-14,2,75.18,32
7539,1113,36,2024-02-13,4,133.16,14
7540,237,21,2024-04-11,2,25.68,26
7541,394,34,2025-06-03,4,147.56,16
7542,1008,16,2024-06-15,4,229.0,15
7543,394,49,2023-09-20,2,88.36,20
7544,44,34,2025-02-26,1,36.89,36
7545,1052,15,2024-06-02,1,35.02,38
7546,798,5,2023-11-14,2,108.46,3
7547,1259,2,2024-08-28,4,214.96,39
7548,1937,2,2024-07-23,3,161.22,7
7549,1353,40,2026-06-13,5,168.15,8
7550,1499,47,2025-12-06,3,150.81,9
7551,779,44,2024-02-23,4,92.44,5
7552,150,3,2024-02-14,1,50.1,29
7553,422,30,2026-03-31,5,220.9,29
7554,1326,42,2024-02-18,3,79.23,8
7555,1,17,2025-06-30,2,47.76,19
7556,1096,31,2025-03-12,2,35.32,14
7557,407,29,2025-12-02,1,40.3,14
7558,917,30,2023-12-15,5,220.9,28
7559,1059,19,2024-04-27,1,51.33,10
7560,1930,2,2024-12-01,1,53.74,17
7561,514,11,2026-07-13,3,41.97,29
7562,1649,9,2026-03-20,2,45.2,1
7563,1772,2,2024-06-26,1,53.74,38
7564,1610,29,2025-06-15,5,201.5,16
7565,1748,37,2024-07-29,2,36.04,9
7566,1571,46,2025-07-28,5,158.85,5
7567,1887,21,2024-02-05,2,25.68,28
7568,172,50,2026-05-11,5,93.9,16
7569,950,32,2025-09-30,1,31.05,18
7570,1584,26,2024-09-16,3,163.92,33
7571,601,16,2024-05-27,5,286.25,31
7572,1940,33,2026-03-17,1,23.82,12
7573,518,34,2023-11-24,1,36.89,31
7574,259,36,2023-10-23,2,66.58,31
7575,747,40,2024-09-16,1,33.63,19
7576,1664,4,2025-05-30,2,95.64,34
7577,1482,8,2026-08-08,2,35.86,20
7578,1104,12,2026-08-25,2,41.32,22
7579,864,49,2024-12-30,5,220.9,28
7580,48,28,2026-08-18,4,212.52,16
7581,1568,42,2026-05-03,3,79.23,12
7582,1116,15,2025-08-13,2,70.04,3
7583,472,27,2024-01-07,4,90.0,15
7584,697,49,2024-04-29,2,88.36,5
7585,882,43,2025-07-26,1,47.61,13
7586,472,11,2026-05-19,4,55.96,30
7587,16,19,2024-02-02,5,256.65,25
7588,552,32,2025-07-23,2,62.1,32
7589,1941,50,2024-07-16,4,75.12,14
7590,999,42,2024-12-20,2,52.82,12
7591,1107,41,2024-12-20,1,57.31,32
7592,1096,17,2026-01-09,5,119.4,1
7593,1969,31,2025-10-23,4,70.64,1
7594,1348,27,2024-02-19,4,90.0,35
7595,373,20,2024-07-19,5,225.85,21
7596,360,4,2026-08-26,1,47.82,3
7597,265,35,2024-11-29,1,15.94,35
7598,273,34,2023-10-01,3,110.67,26
7599,836,20,2024-04-07,2,90.34,6
7600,1715,10,2026-07-23,4,208.6,40
7601,547,35,2025-05-05,3,47.82,28
7602,272,13,2025-07-09,3,52.38,15
7603,80,26,2025-09-06,2,109.28,13
7604,1978,14,2024-03-24,1,52.29,13
7605,990,11,2025-05-31,4,55.96,29
7606,450,3,2026-02-17,5,250.5,39
7607,513,19,2026-02-07,1,51.33,24
7608,1039,25,2026-01-14,2,69.06,27
7609,1228,27,2024-02-13,5,112.5,38
7610,1165,5,2024-01-28,3,162.69,24
7611,741,29,2023-10-08,1,40.3,17
7612,255,24,2026-07-25,5,126.35,26
7613,1199,18,2026-03-11,1,37.59,21
7614,394,35,2025-04-08,2,31.88,34
7615,1367,38,2023-11-16,2,39.26,11
7616,322,18,2025-11-22,2,75.18,21
7617,1948,5,2025-12-18,2,108.46,11
7618,559,25,2025-01-15,1,34.53,17
7619,1655,23,2026-06-11,2,61.04,21
7620,346,37,2024-03-20,5,90.1,15
7621,1294,16,2024-08-04,4,229.0,40
7622,1604,37,2026-04-10,4,72.08,6
7623,1838,31,2025-10-30,1,17.66,31
7624,1867,40,2025-04-03,3,100.89,40
7625,1227,11,2026-09-06,1,13.99,19
7626,609,7,2025-11-08,3,100.02,34
7627,1767,41,2025-05-30,4,229.24,11
7628,292,14,2025-01-24,4,209.16,22
7629,1999,48,2025-01-19,4,57.08,38
7630,855,31,2026-09-05,4,70.64,16
7631,1350,45,2023-11-22,3,135.21,15
7632,300,16,2024-03-10,3,171.75,20
7633,1449,16,2023-09-14,4,229.0,31
7634,1922,26,2024-03-15,5,273.2,7
7635,306,14,2025-06-02,4,209.16,35
7636,1914,15,2025-01-27,1,35.02,36
7637,963,34,2025-02-27,5,184.45,31
7638,287,25,2026-01-08,4,138.12,24
7639,580,33,2024-12-30,5,119.1,23
7640,829,17,2026-04-02,5,119.4,1
7641,1047,32,2025-03-04,4,124.2,2
7642,1816,26,2024-10-31,5,273.2,26
7643,1310,20,2024-06-10,4,180.68,35
7644,1244,35,2025-12-25,4,63.76,2
7645,1133,19,2024-06-25,3,153.99,36
7646,1987,19,2024-09-14,3,153.99,9
7647,683,30,2025-11-30,2,88.36,17
7648,514,9,2026-08-22,2,45.2,4
7649,1188,27,2024-09-15,4,90.0,13
7650,1278,14,2023-11-26,2,104.58,37
7651,574,45,2024-09-26,3,135.21,12
7652,703,5,2026-08-16,4,216.92,32
7653,1092,33,2023-10-30,5,119.1,18
7654,565,17,2023-11-22,2,47.76,2
7655,1328,44,2024-06-16,5,115.55,5
7656,1009,44,2024-12-07,3,69.33,31
7657,935,14,2024-03-28,4,209.16,7
7658,1856,9,2026-07-18,5,113.0,18
7659,883,46,2024-12-10,3,95.31,18
7660,470,35,2024-05-06,2,31.88,38
7661,656,50,2026-08-26,3,56.34,26
7662,1535,40,2025-09-02,1,33.63,7
7663,1784,16,2025-03-24,2,114.5,13
7664,573,13,2024-12-05,1,17.46,22
7665,1789,33,2026-02-03,5,119.1,17
7666,1243,3,2026-01-01,4,200.4,38
7667,78,14,2024-01-12,1,52.29,9
7668,205,7,2024-05-12,2,66.68,19
7669,314,39,2025-09-19,4,208.88,26
7670,347,41,2026-05-12,3,171.93,25
7671,863,13,2023-09-20,2,34.92,25
7672,1402,22,2026-09-01,4,149.28,9
7673,817,50,2026-06-12,5,93.9,1
7674,57,20,2026-05-05,2,90.34,30
7675,1121,3,2024-11-04,3,150.3,35
7676,1784,39,2026-03-19,4,208.88,1
7677,1211,40,2026-03-30,1,33.63,29
7678,361,42,2025-07-08,2,52.82,4
7679,1982,40,2025-08-31,4,134.52,35
7680,838,43,2025-04-24,5,238.05,34
7681,454,39,2026-01-05,1,52.22,38
7682,1475,42,2025-01-29,4,105.64,35
7683,15,33,2024-09-28,4,95.28,14
7684,1943,9,2026-04-17,4,90.4,33
7685,1363,17,2025-07-10,2,47.76,20
7686,1729,21,2024-03-12,4,51.36,6
7687,1968,24,2025-04-18,4,101.08,3
7688,97,19,2024-09-07,4,205.32,30
7689,284,25,2025-06-18,5,172.65,5
7690,884,10,2026-08-28,1,52.15,34
7691,1163,48,2026-07-03,4,57.08,24
7692,1419,46,2025-08-26,5,158.85,12
7693,1707,31,2026-04-19,5,88.3,22
7694,193,17,2025-09-10,4,95.52,12
7695,1349,10,2024-03-19,1,52.15,19
7696,1930,2,2025-11-17,5,268.7,35
7697,178,47,2026-07-25,1,50.27,11
7698,1679,47,2023-12-01,2,100.54,8
7699,807,38,2025-08-04,3,58.89,19
7700,1203,13,2026-01-22,2,34.92,24
7701,785,37,2025-01-02,2,36.04,26
7702,661,21,2025-05-08,2,25.68,27
7703,15,10,2025-10-17,2,104.3,19
7704,178,47,2026-08-15,2,100.54,27
7705,947,3,2026-03-27,1,50.1,17
7706,436,17,2024-09-20,2,47.76,30
7707,550,16,2024-06-29,1,57.25,40
7708,1482,22,2023-11-12,5,186.6,13
7709,641,4,2025-09-06,3,143.46,20
7710,1821,13,2026-08-29,1,17.46,6
7711,1964,37,2023-10-02,5,90.1,16
7712,1065,31,2024-06-06,3,52.98,20
7713,1382,21,2024-01-05,4,51.36,11
7714,1131,2,2024-11-13,3,161.22,18
7715,1229,11,2024-05-21,2,27.98,39
7716,742,48,2025-07-20,4,57.08,10
7717,10,1,2026-07-14,4,207.08,22
7718,483,3,2023-12-04,5,250.5,1
7719,958,6,2025-06-27,4,90.6,31
7720,1829,30,2024-03-05,2,88.36,17
7721,1726,34,2026-08-10,2,73.78,13
7722,298,50,2025-07-06,2,37.56,33
7723,1479,36,2024-05-25,4,133.16,27
7724,391,13,2026-07-31,3,52.38,13
7725,189,25,2024-01-07,2,69.06,29
7726,1785,41,2023-10-26,1,57.31,20
7727,1461,7,2024-10-06,4,133.36,4
7728,1869,24,2025-01-18,1,25.27,28
7729,68,46,2026-08-17,5,158.85,4
7730,528,5,2025-12-09,2,108.46,20
7731,428,15,2024-03-12,5,175.1,26
7732,1996,3,2024-08-30,1,50.1,23
7733,1880,39,2024-05-19,4,208.88,21
7734,1281,25,2026-05-27,3,103.59,7
7735,1251,29,2023-10-27,4,161.2,14
7736,431,10,2025-07-20,2,104.3,36
7737,889,8,2024-07-05,5,89.65,11
7738,1055,13,2023-10-10,4,69.84,20
7739,1192,5,2025-07-08,1,54.23,25
7740,1781,14,2026-08-01,1,52.29,26
7741,1424,35,2026-04-28,4,63.76,8
7742,282,22,2025-08-18,2,74.64,4
7743,1156,39,2026-05-07,5,261.1,33
7744,559,14,2025-04-09,3,156.87,30
7745,1794,23,2025-08-06,5,152.6,37
7746,951,29,2024-07-12,4,161.2,31
7747,1913,6,2025-08-17,1,22.65,26
7748,106,26,2024-05-16,4,218.56,35
7749,572,32,2024-12-04,2,62.1,39
7750,573,37,2026-03-04,2,36.04,39
7751,1377,28,2026-04-20,4,212.52,24
7752,1988,14,2023-11-18,1,52.29,18
7753,1067,7,2025-12-23,4,133.36,35
7754,1785,42,2026-08-22,3,79.23,12
7755,851,29,2024-03-06,3,120.9,30
7756,638,23,2025-08-28,2,61.04,16
7757,1285,29,2025-05-02,3,120.9,18
7758,1737,23,2025-10-13,2,61.04,29
7759,358,23,2025-12-24,4,122.08,37
7760,1843,31,2025-03-16,5,88.3,25
7761,965,19,2025-02-06,1,51.33,2
7762,574,40,2025-01-25,5,168.15,38
7763,1538,1,2024-06-03,1,51.77,32
7764,1699,42,2026-05-19,4,105.64,5
7765,1617,47,2023-12-20,3,150.81,8
7766,1456,24,2024-03-19,4,101.08,11
7767,1649,13,2024-04-06,2,34.92,4
7768,836,8,2024-11-25,1,17.93,14
7769,1667,39,2025-06-30,5,261.1,37
7770,538,48,2025-12-22,4,57.08,5
7771,91,40,2025-04-06,4,134.52,14
7772,120,17,2025-08-29,2,47.76,19
7773,1178,21,2025-03-25,4,51.36,35
7774,1152,44,2026-08-03,2,46.22,4
7775,1299,30,2024-03-13,3,132.54,7
7776,263,17,2026-01-15,4,95.52,12
7777,981,8,2024-07-10,2,35.86,22
7778,1389,13,2024-07-18,4,69.84,26
7779,1254,44,2025-04-06,5,115.55,12
7780,551,28,2025-11-26,3,159.39,21
7781,1833,26,2025-04-24,5,273.2,40
7782,1980,39,2025-06-21,4,208.88,21
7783,531,24,2025-04-04,3,75.81,19
7784,1204,21,2025-12-18,3,38.52,32
7785,91,3,2024-07-02,4,200.4,30
7786,1357,45,2025-06-02,4,180.28,24
7787,1536,18,2024-07-16,5,187.95,24
7788,430,21,2025-12-22,1,12.84,21
7789,590,14,2026-04-28,5,261.45,19
7790,1338,9,2023-10-25,4,90.4,33
7791,964,31,2026-05-11,1,17.66,37
7792,384,14,2025-11-19,3,156.87,32
7793,1392,4,2024-10-23,1,47.82,2
7794,1466,35,2026-04-23,4,63.76,4
7795,1737,38,2025-01-07,1,19.63,17
7796,1398,15,2026-01-04,4,140.08,38
7797,742,2,2026-02-16,5,268.7,17
7798,86,37,2024-05-20,2,36.04,13
7799,1755,28,2025-02-09,4,212.52,24
7800,447,19,2024-08-27,2,102.66,24
7801,408,19,2024-07-19,1,51.33,24
7802,524,5,2024-02-23,4,216.92,16
7803,629,22,2025-07-17,1,37.32,37
7804,1835,17,2026-02-02,4,95.52,7
7805,571,27,2025-08-31,3,67.5,7
7806,882,46,2024-10-18,5,158.85,8
7807,613,34,2025-04-11,4,147.56,35
7808,197,50,2025-04-04,4,75.12,2
7809,1327,33,2024-06-12,2,47.64,26
7810,650,13,2024-09-03,2,34.92,21
7811,1163,43,2025-05-27,3,142.83,33
7812,1628,27,2026-06-02,3,67.5,30
7813,1217,29,2026-01-15,4,161.2,9
7814,573,10,2026-01-25,2,104.3,38
7815,1349,14,2025-12-25,2,104.58,29
7816,331,26,2024-01-23,5,273.2,39
7817,969,34,2026-07-02,2,73.78,4
7818,1940,33,2025-06-06,5,119.1,1
7819,1552,31,2024-03-04,5,88.3,37
7820,1876,44,2024-09-17,2,46.22,16
7821,73,36,2025-02-28,1,33.29,23
7822,538,44,2025-07-18,1,23.11,21
7823,396,9,2024-03-24,5,113.0,38
7824,1422,36,2025-02-25,3,99.87,29
7825,9,19,2026-03-15,3,153.99,12
7826,1716,19,2025-03-24,5,256.65,14
7827,1875,50,2025-09-07,5,93.9,23
7828,69,20,2025-09-27,2,90.34,9
7829,607,28,2025-05-06,4,212.52,35
7830,34,9,2026-07-03,2,45.2,23
7831,553,8,2024-07-10,3,53.79,21
7832,1892,7,2026-08-11,4,133.36,18
7833,108,15,2025-01-15,5,175.1,13
7834,52,40,2024-01-08,4,134.52,33
7835,595,49,2024-03-12,2,88.36,22
7836,1445,8,2024-12-30,5,89.65,28
7837,862,22,2026-06-11,2,74.64,38
7838,1331,3,2026-03-30,5,250.5,26
7839,374,28,2026-02-12,1,53.13,36
7840,164,48,2023-11-25,2,28.54,30
7841,1282,17,2026-03-26,3,71.64,34
7842,97,37,2023-10-23,5,90.1,39
7843,1344,18,2024-02-19,4,150.36,1
7844,1104,27,2025-10-15,5,112.5,30
7845,715,23,2024-10-20,4,122.08,11
7846,1927,47,2025-03-15,4,201.08,18
7847,1173,20,2024-02-17,2,90.34,9
7848,1891,27,2024-12-30,1,22.5,9
7849,1953,32,2024-10-07,2,62.1,5
7850,1333,26,2026-08-24,3,163.92,10
7851,657,41,2025-04-09,3,171.93,34
7852,858,38,2024-01-11,3,58.89,31
7853,1005,35,2025-01-12,1,15.94,22
7854,1719,22,2025-10-14,3,111.96,38
7855,1163,36,2025-07-26,4,133.16,39
7856,458,31,2024-11-22,1,17.66,29
7857,1439,24,2024-03-14,5,126.35,34
7858,1279,40,2024-06-06,4,134.52,1
7859,1303,39,2024-03-26,4,208.88,3
7860,459,14,2026-02-13,1,52.29,11
7861,1045,34,2026-04-22,2,73.78,28
7862,1245,39,2025-01-12,5,261.1,18
7863,1405,36,2023-10-11,3,99.87,29
7864,1055,27,2026-01-22,4,90.0,25
7865,902,39,2025-07-12,4,208.88,12
7866,1168,17,2024-10-04,5,119.4,31
7867,542,6,2023-09-25,5,113.25,26
7868,1158,41,2025-01-23,2,114.62,7
7869,1930,49,2024-08-16,4,176.72,32
7870,1931,15,2024-09-17,3,105.06,40
7871,1875,47,2024-09-24,4,201.08,21
7872,781,30,2025-01-30,1,44.18,2
7873,1548,11,2025-07-10,4,55.96,28
7874,587,50,2024-07-18,1,18.78,34
7875,1373,18,2025-10-05,2,75.18,26
7876,999,6,2025-12-12,4,90.6,2
7877,267,46,2026-05-21,2,63.54,7
7878,477,23,2026-08-02,1,30.52,39
7879,1283,35,2026-03-27,2,31.88,21
7880,497,34,2025-04-03,2,73.78,25
7881,798,17,2023-10-05,3,71.64,28
7882,674,15,2023-09-10,3,105.06,26
7883,753,3,2026-07-01,5,250.5,17
7884,418,33,2026-06-28,2,47.64,16
7885,1202,49,2026-01-31,4,176.72,28
7886,786,39,2024-09-20,3,156.66,22
7887,757,9,2026-06-29,5,113.0,35
7888,1092,17,2026-03-11,3,71.64,14
7889,1994,20,2026-06-24,2,90.34,1
7890,1566,28,2023-09-17,1,53.13,35
7891,160,15,2026-04-06,3,105.06,30
7892,1871,38,2025-07-29,4,78.52,31
7893,598,17,2024-05-03,4,95.52,16
7894,1135,42,2023-10-06,2,52.82,5
7895,1434,6,2025-12-28,4,90.6,4
7896,1699,29,2024-11-08,2,80.6,33
7897,1951,34,2024-05-05,2,73.78,10
7898,871,39,2025-03-03,1,52.22,37
7899,1520,50,2024-07-25,2,37.56,15
7900,1449,11,2024-08-22,4,55.96,36
7901,396,15,2024-10-06,1,35.02,22
7902,1089,9,2026-08-18,4,90.4,10
7903,1888,28,2025-08-12,5,265.65,9
7904,603,6,2024-10-06,5,113.25,39
7905,421,24,2026-05-02,1,25.27,12
7906,277,29,2026-07-24,1,40.3,37
7907,1221,4,2025-08-26,5,239.1,39
7908,559,27,2024-08-10,3,67.5,7
7909,640,30,2026-03-31,3,132.54,27
7910,306,34,2026-06-27,4,147.56,32
7911,821,2,2024-09-14,1,53.74,24
7912,640,6,2025-12-17,1,22.65,18
7913,704,21,2025-03-02,1,12.84,13
7914,418,33,2023-12-24,4,95.28,14
7915,480,3,2025-08-07,1,50.1,32
7916,1116,45,2025-04-04,2,90.14,36
7917,1563,2,2023-12-01,3,161.22,23
7918,1953,26,2026-01-20,1,54.64,21
7919,1611,7,2025-11-12,2,66.68,19
7920,735,23,2025-10-01,5,152.6,11
7921,1837,28,2024-12-21,5,265.65,16
7922,1294,34,2024-06-14,2,73.78,35
7923,1980,49,2025-06-13,5,220.9,14
7924,1570,40,2024-07-11,2,67.26,35
7925,1502,15,2023-10-09,2,70.04,29
7926,1861,43,2023-10-03,2,95.22,24
7927,1271,18,2023-12-09,3,112.77,33
7928,1456,7,2026-04-02,3,100.02,40
7929,1758,47,2026-01-16,1,50.27,5
7930,296,22,2026-03-07,2,74.64,5
7931,652,45,2026-04-29,4,180.28,31
7932,364,8,2024-09-24,4,71.72,15
7933,1087,1,2026-04-02,5,258.85,24
7934,389,25,2025-02-16,4,138.12,8
7935,933,10,2024-07-18,4,208.6,25
7936,1556,2,2026-01-11,2,107.48,8
7937,1137,9,2023-11-10,1,22.6,13
7938,105,29,2024-08-10,4,161.2,17
7939,1418,26,2026-05-07,2,109.28,40
7940,505,25,2025-11-12,4,138.12,4
7941,13,22,2024-10-17,1,37.32,23
7942,743,10,2025-09-07,3,156.45,3
7943,1070,13,2023-10-14,5,87.3,14
7944,1581,5,2023-12-29,2,108.46,2
7945,835,16,2024-12-17,2,114.5,34
7946,345,42,2025-03-01,4,105.64,35
7947,1989,2,2024-08-21,5,268.7,11
7948,773,45,2026-02-05,3,135.21,39
7949,745,13,2026-02-20,3,52.38,17
7950,1571,44,2024-12-03,5,115.55,32
7951,1687,42,2023-12-17,1,26.41,38
7952,821,2,2026-02-08,4,214.96,7
7953,597,22,2025-07-11,3,111.96,9
7954,499,6,2024-09-29,5,113.25,6
7955,1960,20,2025-01-23,2,90.34,23
7956,1130,34,2025-01-25,5,184.45,4
7957,2,49,2024-05-04,2,88.36,7
7958,1347,41,2023-12-07,1,57.31,30
7959,248,38,2026-06-29,5,98.15,32
7960,299,28,2023-11-05,4,212.52,33
7961,1583,1,2024-11-24,4,207.08,12
7962,560,16,2024-12-26,2,114.5,27
7963,1593,16,2024-05-20,4,229.0,27
7964,1660,21,2026-01-10,2,25.68,31
7965,409,50,2023-10-13,5,93.9,28
7966,756,2,2026-06-06,1,53.74,20
7967,1105,28,2025-09-28,3,159.39,31
7968,1180,4,2025-12-06,3,143.46,21
7969,192,3,2025-04-30,1,50.1,27
7970,1617,48,2026-01-31,5,71.35,6
7971,520,28,2024-11-11,3,159.39,39
7972,612,15,2024-08-17,3,105.06,25
7973,1986,49,2025-08-06,3,132.54,14
7974,727,19,2026-03-06,3,153.99,39
7975,186,26,2025-12-21,2,109.28,37
7976,1762,7,2026-02-09,1,33.34,31
7977,1894,21,2026-04-01,2,25.68,2
7978,119,34,2025-08-19,3,110.67,10
7979,373,46,2024-01-06,2,63.54,23
7980,1931,22,2024-04-24,5,186.6,2
7981,767,41,2026-07-29,5,286.55,16
7982,250,10,2023-12-13,5,260.75,7
7983,431,38,2026-06-28,5,98.15,4
7984,766,46,2025-12-31,4,127.08,2
7985,1670,39,2025-06-24,1,52.22,34
7986,958,44,2024-10-17,2,46.22,4
7987,1674,18,2023-10-25,4,150.36,27
7988,1978,30,2024-06-28,3,132.54,17
7989,69,18,2024-12-02,2,75.18,11
7990,246,45,2026-02-23,1,45.07,35
7991,310,19,2025-11-05,4,205.32,2
7992,910,18,2025-03-20,1,37.59,11
7993,440,15,2025-12-28,5,175.1,3
7994,790,4,2024-03-29,5,239.1,33
7995,684,47,2025-06-02,1,50.27,22
7996,1489,12,2025-04-27,3,61.98,26
7997,1992,8,2023-12-13,4,71.72,38
7998,1569,45,2024-04-09,1,45.07,35
7999,228,37,2026-04-27,1,18.02,31
8000,1782,21,2023-12-16,1,12.84,6
8001,1721,17,2024-11-17,1,23.88,4
8002,538,14,2026-05-16,2,104.58,32
8003,359,2,2024-09-12,2,107.48,34
8004,188,33,2026-06-30,2,47.64,6
8005,397,43,2024-09-20,5,238.05,37
8006,641,31,2025-04-05,5,88.3,24
8007,1998,5,2026-01-05,1,54.23,27
8008,1985,21,2024-01-19,1,12.84,18
8009,1936,21,2025-02-20,3,38.52,15
8010,454,17,2026-06-21,4,95.52,2
8011,816,31,2026-05-31,2,35.32,33
8012,1220,32,2024-07-31,2,62.1,35
8013,952,28,2024-08-30,5,265.65,32
8014,111,10,2025-10-19,3,156.45,23
8015,1127,32,2025-05-03,1,31.05,39
8016,108,43,2026-08-26,4,190.44,22
8017,42,16,2024-05-05,4,229.0,20
8018,1944,14,2024-01-11,2,104.58,12
8019,1013,49,2025-06-24,1,44.18,3
8020,1030,11,2025-06-19,3,41.97,18
8021,912,6,2026-09-08,3,67.95,31
8022,704,44,2025-08-21,5,115.55,2
8023,191,35,2025-10-25,2,31.88,27
8024,1355,33,2024-01-21,1,23.82,1
8025,1661,3,2025-04-26,3,150.3,37
8026,1687,26,2024-02-21,3,163.92,32
8027,1168,3,2025-03-16,1,50.1,25
8028,543,19,2025-05-11,1,51.33,32
8029,1242,48,2026-02-06,2,28.54,35
8030,781,35,2025-02-24,2,31.88,31
8031,1381,22,2024-12-16,2,74.64,12
8032,1472,11,2024-02-11,2,27.98,15
8033,756,46,2025-10-17,3,95.31,12
8034,240,1,2025-03-11,4,207.08,19
8035,1795,12,2026-03-19,3,61.98,8
8036,1084,47,2026-05-05,5,251.35,2
8037,103,22,2025-07-27,2,74.64,7
8038,360,44,2024-11-03,1,23.11,5
8039,1820,22,2026-05-12,2,74.64,15
8040,1822,12,2026-08-08,5,103.3,5
8041,1836,30,2024-08-18,3,132.54,4
8042,1622,23,2026-08-02,5,152.6,28
8043,1088,42,2025-04-24,1,26.41,16
8044,93,3,2024-02-01,3,150.3,31
8045,1295,19,2025-04-06,5,256.65,10
8046,1741,18,2025-11-30,3,112.77,34
8047,438,32,2026-07-17,2,62.1,38
8048,767,38,2024-09-29,3,58.89,23
8049,1728,35,2024-12-21,3,47.82,35
8050,540,38,2026-01-09,5,98.15,25
8051,1177,37,2024-05-08,4,72.08,4
8052,1885,28,2026-02-10,5,265.65,29
8053,1854,15,2024-11-05,1,35.02,11
8054,773,12,2024-09-24,1,20.66,21
8055,552,36,2025-07-27,5,166.45,27
8056,577,44,2024-11-25,2,46.22,14
8057,456,20,2025-07-31,3,135.51,23
8058,1401,2,2024-05-15,4,214.96,33
8059,1587,38,2025-09-12,4,78.52,26
8060,1892,45,2025-11-01,5,225.35,8
8061,147,42,2025-01-28,4,105.64,24
8062,647,46,2025-05-09,5,158.85,8
8063,362,15,2024-07-08,1,35.02,8
8064,1192,13,2025-07-04,3,52.38,7
8065,374,7,2025-06-18,2,66.68,24
8066,1708,50,2025-01-18,5,93.9,23
8067,434,6,2024-10-17,2,45.3,32
8068,1271,32,2026-05-25,1,31.05,22
8069,1746,1,2026-05-06,1,51.77,38
8070,424,29,2023-10-01,5,201.5,36
8071,1718,26,2024-04-24,4,218.56,24
8072,404,16,2025-02-19,3,171.75,14
8073,52,3,2024-03-15,1,50.1,18
8074,1583,26,2025-10-18,2,109.28,27
8075,596,40,2024-03-02,3,100.89,5
8076,1,7,2026-08-02,5,166.7,15
8077,167,10,2024-09-16,1,52.15,21
8078,502,37,2024-04-12,3,54.06,15
8079,509,14,2023-11-28,4,209.16,9
8080,1149,27,2024-11-19,2,45.0,1
8081,446,35,2023-10-15,4,63.76,11
8082,670,36,2023-09-15,5,166.45,9
8083,1146,22,2024-02-09,5,186.6,14
8084,1176,43,2024-01-05,1,47.61,35
8085,430,14,2026-01-31,5,261.45,38
8086,1056,47,2026-07-25,4,201.08,33
8087,1868,29,2025-05-07,5,201.5,1
8088,1310,42,2026-08-28,1,26.41,22
8089,964,25,2024-01-12,3,103.59,15
8090,1561,3,2026-03-19,5,250.5,9
8091,56,5,2024-01-31,3,162.69,14
8092,1240,44,2025-09-28,5,115.55,11
8093,262,23,2025-06-26,5,152.6,1
8094,329,15,2024-02-26,4,140.08,25
8095,1319,15,2026-06-22,4,140.08,10
8096,1424,36,2026-08-10,4,133.16,2
8097,1972,21,2025-08-20,1,12.84,7
8098,1146,3,2023-11-16,4,200.4,11
8099,1064,48,2025-05-09,5,71.35,29
8100,1047,12,2025-05-09,5,103.3,4
8101,9,42,2024-08-10,2,52.82,7
8102,900,3,2024-06-17,5,250.5,7
8103,684,26,2023-11-02,5,273.2,10
8104,1967,6,2025-03-03,4,90.6,2
8105,1917,34,2026-05-18,2,73.78,36
8106,1718,35,2024-12-15,4,63.76,21
8107,1887,13,2026-03-05,5,87.3,8
8108,1999,7,2024-04-02,4,133.36,40
8109,230,45,2024-06-06,3,135.21,24
8110,596,12,2025-11-01,2,41.32,20
8111,530,3,2026-09-05,1,50.1,16
8112,1639,18,2024-01-09,1,37.59,6
8113,855,3,2024-07-06,2,100.2,14
8114,208,1,2024-07-11,3,155.31,20
8115,1486,49,2026-07-12,5,220.9,16
8116,1466,27,2025-02-21,1,22.5,35
8117,43,37,2023-09-16,4,72.08,37
8118,536,33,2024-10-30,1,23.82,23
8119,1018,19,2024-01-24,5,256.65,35
8120,220,10,2026-01-10,5,260.75,16
8121,841,8,2024-05-16,1,17.93,20
8122,1523,1,2025-05-24,1,51.77,19
8123,1399,7,2026-05-19,5,166.7,22
8124,552,47,2024-09-05,5,251.35,33
8125,1119,37,2025-12-28,3,54.06,20
8126,846,27,2025-12-29,5,112.5,9
8127,1505,15,2024-08-08,5,175.1,26
8128,1574,37,2023-10-03,3,54.06,3
8129,310,50,2025-08-28,1,18.78,32
8130,1456,3,2025-05-26,4,200.4,8
8131,693,20,2025-08-31,2,90.34,8
8132,1584,4,2023-10-04,3,143.46,32
8133,1537,11,2026-04-20,5,69.95,35
8134,342,5,2025-11-18,3,162.69,24
8135,723,21,2025-01-10,1,12.84,5
8136,632,12,2024-10-15,4,82.64,20
8137,414,42,2026-04-15,5,132.05,11
8138,123,13,2025-02-26,3,52.38,27
8139,181,24,2025-11-23,3,75.81,22
8140,373,49,2025-10-05,4,176.72,30
8141,1686,41,2025-06-22,4,229.24,40
8142,1544,29,2025-10-14,1,40.3,29
8143,1905,29,2025-01-04,2,80.6,19
8144,81,24,2024-02-15,4,101.08,18
8145,1802,26,2025-09-08,5,273.2,27
8146,259,32,2024-11-25,5,155.25,9
8147,1374,35,2025-01-18,3,47.82,40
8148,1250,47,2023-11-18,5,251.35,40
8149,1134,4,2025-09-30,3,143.46,20
8150,732,32,2025-05-01,3,93.15,10
8151,1400,42,2024-06-18,3,79.23,23
8152,1526,10,2026-03-25,3,156.45,14
8153,1761,36,2024-10-13,3,99.87,13
8154,1335,2,2024-08-06,2,107.48,25
8155,2000,15,2026-05-16,3,105.06,22
8156,136,29,2024-04-15,2,80.6,3
8157,499,20,2024-05-31,4,180.68,16
8158,1043,28,2026-01-16,2,106.26,21
8159,1823,45,2024-10-28,2,90.14,21
8160,1884,2,2026-03-02,1,53.74,26
8161,1932,12,2026-01-12,2,41.32,38
8162,1647,36,2023-09-16,3,99.87,29
8163,1079,22,2026-08-05,4,149.28,10
8164,871,19,2025-06-17,2,102.66,40
8165,548,38,2025-02-11,5,98.15,23
8166,913,5,2024-01-12,3,162.69,35
8167,202,42,2026-06-01,1,26.41,10
8168,1917,5,2024-09-02,3,162.69,7
8169,1039,25,2026-08-25,4,138.12,18
8170,954,24,2023-11-16,4,101.08,40
8171,600,3,2024-05-07,5,250.5,10
8172,958,11,2025-05-15,3,41.97,37
8173,1410,38,2026-02-10,4,78.52,11
8174,1900,40,2023-09-10,3,100.89,24
8175,344,41,2024-02-27,2,114.62,40
8176,1761,26,2024-10-05,5,273.2,34
8177,160,47,2024-08-16,3,150.81,27
8178,370,27,2025-10-29,5,112.5,37
8179,1109,23,2025-02-23,2,61.04,30
8180,1661,21,2025-08-18,1,12.84,4
8181,1535,22,2025-10-05,3,111.96,14
8182,1125,20,2024-12-08,5,225.85,11
8183,60,36,2024-10-16,5,166.45,16
8184,1186,27,2025-03-24,1,22.5,14
8185,441,13,2024-04-17,2,34.92,3
8186,485,39,2024-02-01,5,261.1,1
8187,1102,2,2026-08-05,2,107.48,25
8188,121,24,2026-03-31,1,25.27,17
8189,184,19,2025-12-17,4,205.32,6
8190,1147,38,2023-10-31,2,39.26,36
8191,787,42,2023-10-18,5,132.05,14
8192,949,39,2024-02-01,4,208.88,34
8193,338,4,2026-04-18,3,143.46,25
8194,774,45,2023-11-07,5,225.35,22
8195,1593,13,2024-01-22,4,69.84,25
8196,1722,32,2025-09-23,4,124.2,7
8197,1398,26,2025-09-14,4,218.56,28
8198,1621,14,2024-05-13,2,104.58,2
8199,1550,36,2025-02-27,3,99.87,35
8200,1918,21,2025-06-10,2,25.68,24
8201,1271,48,2025-11-25,2,28.54,4
8202,883,36,2025-06-04,3,99.87,29
8203,1315,6,2025-01-08,2,45.3,24
8204,647,18,2026-09-05,3,112.77,19
8205,1051,43,2024-10-08,5,238.05,32
8206,616,13,2025-01-21,3,52.38,32
8207,353,20,2024-01-09,3,135.51,40
8208,1790,38,2024-09-20,4,78.52,2
8209,1423,3,2026-06-14,3,150.3,18
8210,1196,23,2025-09-14,3,91.56,32
8211,1456,35,2023-10-16,4,63.76,5
8212,1529,25,2025-06-03,2,69.06,38
8213,70,34,2026-02-24,1,36.89,34
8214,724,38,2025-09-01,3,58.89,27
8215,1243,12,2026-08-25,4,82.64,1
8216,889,41,2025-11-20,5,286.55,35
8217,1968,6,2025-08-12,2,45.3,25
8218,450,24,2025-09-05,1,25.27,17
8219,798,27,2026-01-26,1,22.5,13
8220,1116,11,2024-06-28,3,41.97,25
8221,1286,23,2025-10-29,4,122.08,23
8222,1915,29,2024-11-20,5,201.5,19
8223,1226,8,2024-08-12,2,35.86,4
8224,996,46,2026-09-06,3,95.31,32
8225,507,38,2023-11-11,5,98.15,14
8226,1080,4,2023-12-07,1,47.82,21
8227,1567,4,2024-09-15,5,239.1,4
8228,1962,20,2026-05-26,5,225.85,26
8229,167,41,2024-11-28,3,171.93,14
8230,641,35,2023-10-19,5,79.7,5
8231,28,29,2026-07-14,5,201.5,34
8232,1786,19,2025-11-25,1,51.33,39
8233,30,4,2025-04-16,3,143.46,13
8234,1343,28,2025-02-07,5,265.65,38
8235,1010,33,2023-12-17,1,23.82,37
8236,1037,46,2026-04-21,4,127.08,21
8237,1956,42,2024-08-30,2,52.82,13
8238,659,43,2025-03-11,2,95.22,30
8239,161,7,2025-01-24,2,66.68,30
8240,831,50,2026-02-20,4,75.12,34
8241,1570,24,2024-04-29,2,50.54,13
8242,234,2,2023-10-17,1,53.74,10
8243,788,4,2025-02-02,2,95.64,11
8244,521,11,2026-08-14,5,69.95,18
8245,61,21,2023-10-14,2,25.68,29
8246,1958,3,2025-12-23,4,200.4,27
8247,1984,28,2026-03-29,4,212.52,6
8248,139,31,2024-11-22,4,70.64,25
8249,913,46,2025-04-21,1,31.77,7
8250,547,48,2024-08-11,3,42.81,40
8251,1469,3,2026-06-13,4,200.4,18
8252,1611,37,2026-08-17,5,90.1,13
8253,553,15,2025-04-15,4,140.08,23
8254,1304,41,2025-09-10,5,286.55,15
8255,420,41,2025-06-17,4,229.24,23
8256,1567,24,2025-07-24,2,50.54,19
8257,448,23,2025-10-25,3,91.56,11
8258,1828,3,2026-04-06,5,250.5,2
8259,36,3,2025-08-24,3,150.3,22
8260,1198,49,2025-03-03,5,220.9,11
8261,284,20,2025-06-02,4,180.68,22
8262,734,40,2024-01-31,4,134.52,9
8263,85,4,2024-03-15,5,239.1,30
8264,339,43,2024-10-18,1,47.61,24
8265,1812,13,2025-04-29,4,69.84,17
8266,66,28,2024-06-27,2,106.26,1
8267,1697,35,2024-09-26,2,31.88,19
8268,27,19,2025-06-06,2,102.66,26
8269,880,19,2023-11-06,1,51.33,23
8270,742,3,2024-02-01,4,200.4,20
8271,1555,17,2025-11-13,2,47.76,28
8272,1141,39,2024-11-23,2,104.44,29
8273,1963,26,2024-03-03,5,273.2,28
8274,1512,27,2025-12-23,3,67.5,31
8275,1727,48,2025-02-07,3,42.81,3
8276,259,12,2025-04-18,1,20.66,30
8277,1561,30,2025-04-20,1,44.18,7
8278,922,16,2024-11-21,2,114.5,35
8279,1406,11,2026-06-07,4,55.96,25
8280,1144,36,2024-07-10,4,133.16,7
8281,1613,22,2025-03-20,3,111.96,10
8282,1337,22,2024-12-18,2,74.64,23
8283,1401,23,2023-12-17,2,61.04,18
8284,1548,31,2024-01-31,2,35.32,24
8285,411,38,2025-01-21,1,19.63,18
8286,1165,9,2026-07-07,4,90.4,13
8287,54,28,2026-02-13,1,53.13,34
8288,1795,16,2025-11-26,4,229.0,9
8289,1709,1,2023-09-22,5,258.85,27
8290,1454,1,2026-02-12,5,258.85,20
8291,1980,19,2026-07-02,5,256.65,33
8292,171,16,2024-04-20,4,229.0,40
8293,1506,3,2023-10-05,4,200.4,18
8294,800,21,2026-01-13,4,51.36,22
8295,392,2,2023-10-15,3,161.22,32
8296,1082,24,2026-02-05,4,101.08,20
8297,1813,15,2026-05-03,4,140.08,8
8298,1329,1,2025-05-17,4,207.08,20
8299,1348,30,2024-04-26,3,132.54,5
8300,639,6,2025-10-04,3,67.95,23
8301,1451,45,2026-03-07,3,135.21,21
8302,123,36,2024-07-22,1,33.29,23
8303,1483,24,2024-12-09,1,25.27,35
8304,472,6,2026-08-23,1,22.65,29
8305,893,2,2024-11-11,2,107.48,18
8306,1770,49,2025-08-05,5,220.9,32
8307,1792,11,2025-07-14,2,27.98,4
8308,1232,3,2023-11-26,2,100.2,18
8309,384,48,2024-06-07,4,57.08,24
8310,91,42,2023-11-18,5,132.05,9
8311,295,23,2026-04-07,3,91.56,18
8312,1885,37,2026-02-24,5,90.1,26
8313,1445,1,2025-06-11,2,103.54,25
8314,1574,46,2024-01-02,4,127.08,13
8315,1139,28,2026-05-01,2,106.26,20
8316,808,37,2024-05-17,3,54.06,7
8317,1946,29,2024-11-25,3,120.9,34
8318,795,33,2024-10-21,5,119.1,37
8319,1501,41,2024-10-15,5,286.55,1
8320,210,9,2024-01-09,3,67.8,31
8321,1781,4,2024-04-13,4,191.28,19
8322,1601,15,2023-10-11,5,175.1,39
8323,393,5,2024-06-01,5,271.15,4
8324,224,22,2023-11-25,1,37.32,8
8325,256,26,2025-06-23,5,273.2,5
8326,962,10,2025-08-30,4,208.6,12
8327,1903,36,2025-07-15,1,33.29,23
8328,428,18,2026-02-07,5,187.95,38
8329,642,15,2026-07-31,4,140.08,4
8330,839,5,2026-02-16,1,54.23,18
8331,1489,6,2025-09-15,1,22.65,15
8332,554,18,2025-06-17,4,150.36,35
8333,591,4,2024-09-03,5,239.1,18
8334,1199,9,2025-11-28,5,113.0,21
8335,679,17,2024-01-08,3,71.64,24
8336,396,40,2024-01-06,4,134.52,31
8337,1852,14,2025-02-21,4,209.16,21
8338,510,1,2024-12-14,2,103.54,27
8339,1705,5,2023-12-25,2,108.46,20
8340,813,8,2026-07-03,4,71.72,12
8341,978,31,2024-07-04,2,35.32,32
8342,186,20,2023-12-22,5,225.85,40
8343,1717,15,2024-06-22,3,105.06,18
8344,1923,18,2026-06-07,3,112.77,4
8345,964,19,2025-06-19,5,256.65,34
8346,477,10,2023-11-02,3,156.45,8
8347,1816,39,2023-11-12,1,52.22,24
8348,1904,47,2023-12-25,2,100.54,16
8349,1760,34,2024-10-15,4,147.56,3
8350,218,48,2024-02-13,3,42.81,27
8351,1083,42,2026-06-14,5,132.05,26
8352,1390,35,2026-04-28,4,63.76,7
8353,785,17,2026-09-05,2,47.76,9
8354,957,28,2024-12-10,3,159.39,32
8355,750,16,2024-07-11,3,171.75,40
8356,1424,5,2025-06-04,4,216.92,21
8357,922,18,2025-03-24,4,150.36,35
8358,1678,18,2025-04-05,1,37.59,3
8359,1298,43,2025-01-20,5,238.05,20
8360,104,41,2024-08-20,1,57.31,11
8361,834,30,2024-11-24,2,88.36,21
8362,435,27,2024-07-14,2,45.0,39
8363,359,28,2026-01-07,4,212.52,6
8364,1282,1,2025-03-18,4,207.08,31
8365,1057,28,2024-04-05,3,159.39,3
8366,1577,19,2026-03-25,3,153.99,12
8367,1196,15,2024-12-22,4,140.08,15
8368,1754,41,2023-12-29,2,114.62,18
8369,396,14,2023-10-29,1,52.29,33
8370,1539,7,2025-06-08,1,33.34,9
8371,895,37,2025-11-10,5,90.1,3
8372,546,33,2026-01-03,1,23.82,27
8373,1526,50,2026-08-13,4,75.12,6
8374,1955,28,2024-12-23,5,265.65,34
8375,211,30,2024-05-18,5,220.9,33
8376,1071,49,2025-06-13,5,220.9,23
8377,1242,25,2025-06-17,2,69.06,35
8378,801,1,2024-06-04,5,258.85,23
8379,831,3,2026-07-08,3,150.3,8
8380,1841,41,2025-12-02,5,286.55,19
8381,1374,15,2023-09-17,4,140.08,7
8382,1753,3,2023-10-07,1,50.1,31
8383,1814,19,2024-09-10,4,205.32,2
8384,360,37,2025-06-12,1,18.02,19
8385,862,8,2023-12-26,3,53.79,2
8386,700,48,2026-08-08,1,14.27,34
8387,720,46,2026-07-20,2,63.54,7
8388,447,40,2025-08-22,3,100.89,4
8389,1447,21,2026-08-19,2,25.68,27
8390,96,44,2025-06-07,1,23.11,17
8391,999,5,2025-07-23,4,216.92,28
8392,1320,13,2025-11-21,4,69.84,19
8393,57,36,2024-05-04,3,99.87,26
8394,761,7,2024-11-25,2,66.68,27
8395,1217,50,2024-02-06,2,37.56,28
8396,1473,1,2024-06-30,1,51.77,9
8397,12,10,2025-01-30,5,260.75,34
8398,980,47,2025-07-15,4,201.08,31
8399,1584,31,2025-07-11,4,70.64,9
8400,143,23,2023-11-18,2,61.04,37
8401,354,21,2024-01-05,4,51.36,6
8402,1786,20,2026-02-06,5,225.85,32
8403,113,19,2025-12-06,3,153.99,23
8404,1718,43,2023-11-21,3,142.83,23
8405,1983,40,2026-06-13,4,134.52,20
8406,1172,42,2025-07-04,3,79.23,23
8407,229,40,2024-03-01,5,168.15,15
8408,830,26,2024-07-21,2,109.28,16
8409,553,15,2026-01-03,3,105.06,25
8410,1604,9,2026-05-06,5,113.0,27
8411,295,40,2026-05-21,3,100.89,4
8412,117,30,2024-10-24,4,176.72,37
8413,1039,3,2026-07-31,1,50.1,8
8414,1099,29,2023-09-20,2,80.6,23
8415,949,28,2025-02-22,5,265.65,9
8416,54,43,2024-11-30,4,190.44,14
8417,1338,25,2025-09-05,1,34.53,37
8418,960,3,2025-02-28,5,250.5,20
8419,1091,5,2025-01-26,3,162.69,23
8420,113,46,2024-06-11,2,63.54,24
8421,1742,27,2025-06-29,3,67.5,22
8422,105,17,2025-08-09,5,119.4,24
8423,874,35,2023-11-02,3,47.82,38
8424,1258,5,2025-05-30,3,162.69,3
8425,1454,26,2023-10-18,3,163.92,22
8426,1664,49,2024-08-09,5,220.9,2
8427,1370,10,2024-10-14,5,260.75,11
8428,547,25,2024-11-27,3,103.59,24
8429,1313,45,2024-01-13,5,225.35,1
8430,795,13,2024-07-25,2,34.92,4
8431,316,31,2024-12-20,5,88.3,31
8432,1110,22,2024-07-31,2,74.64,34
8433,1847,37,2025-01-13,5,90.1,10
8434,1150,31,2025-08-15,5,88.3,13
8435,1311,30,2023-12-31,3,132.54,29
8436,981,20,2025-02-24,2,90.34,40
8437,540,5,2024-06-12,2,108.46,5
8438,184,45,2024-12-25,4,180.28,7
8439,88,22,2024-06-08,5,186.6,36
8440,1964,16,2025-07-18,4,229.0,2
8441,834,38,2026-04-28,5,98.15,16
8442,408,24,2025-07-03,5,126.35,13
8443,1260,40,2026-02-22,1,33.63,19
8444,825,6,2024-09-30,3,67.95,5
8445,1338,50,2024-09-05,3,56.34,10
8446,951,37,2025-06-15,5,90.1,20
8447,1782,2,2026-01-21,4,214.96,36
8448,1343,31,2026-05-06,2,35.32,33
8449,932,39,2025-10-14,4,208.88,39
8450,1760,5,2024-11-08,5,271.15,27
8451,277,34,2025-10-16,3,110.67,31
8452,1898,43,2025-06-05,1,47.61,30
8453,1974,48,2023-09-10,1,14.27,4
8454,1356,46,2024-03-10,4,127.08,28
8455,1580,37,2026-06-26,1,18.02,11
8456,28,31,2024-01-22,4,70.64,19
8457,8,48,2025-11-22,2,28.54,20
8458,1741,8,2026-04-27,3,53.79,21
8459,1871,31,2026-09-07,4,70.64,6
8460,1437,8,2025-01-03,2,35.86,18
8461,597,7,2025-09-25,3,100.02,34
8462,1851,16,2024-07-27,3,171.75,15
8463,1537,28,2025-12-18,1,53.13,35
8464,1022,8,2025-04-02,5,89.65,14
8465,1508,4,2024-10-07,5,239.1,19
8466,1029,43,2026-02-18,3,142.83,22
8467,382,2,2024-02-08,1,53.74,2
8468,1339,2,2025-03-09,4,214.96,33
8469,577,39,2026-06-02,1,52.22,39
8470,818,40,2024-09-19,1,33.63,2
8471,1436,18,2025-05-29,1,37.59,4
8472,232,2,2023-10-31,3,161.22,34
8473,205,46,2026-06-08,5,158.85,24
8474,1356,9,2026-02-18,3,67.8,4
8475,1896,37,2023-12-11,2,36.04,32
8476,1573,49,2026-09-05,5,220.9,18
8477,1569,4,2023-11-27,3,143.46,28
8478,1056,49,2024-02-13,4,176.72,31
8479,819,22,2025-10-13,5,186.6,8
8480,1634,25,2025-03-05,5,172.65,10
8481,737,43,2026-05-27,2,95.22,26
8482,1151,15,2026-04-30,3,105.06,22
8483,960,36,2025-03-24,3,99.87,28
8484,1227,33,2023-10-02,3,71.46,22
8485,575,12,2025-12-15,3,61.98,8
8486,1034,10,2025-09-20,5,260.75,20
8487,1430,3,2025-08-29,5,250.5,39
8488,1345,27,2024-09-09,3,67.5,7
8489,1417,43,2026-06-15,3,142.83,21
8490,1184,6,2026-06-07,4,90.6,8
8491,10,27,2024-06-11,1,22.5,11
8492,126,16,2023-10-15,3,171.75,34
8493,1016,29,2023-12-19,1,40.3,20
8494,1847,7,2024-03-15,5,166.7,13
8495,455,46,2024-04-10,5,158.85,25
8496,1354,30,2025-09-09,5,220.9,35
8497,1099,4,2026-07-27,2,95.64,7
8498,1955,21,2026-07-13,4,51.36,28
8499,1989,23,2026-01-29,4,122.08,11
8500,477,42,2023-11-20,4,105.64,33
8501,1903,27,2026-07-28,2,45.0,4
8502,881,34,2023-09-20,4,147.56,6
8503,1354,6,2024-10-13,3,67.95,39
8504,1346,47,2025-08-26,2,100.54,29
8505,328,34,2024-05-16,4,147.56,21
8506,418,17,2024-03-20,2,47.76,11
8507,1585,12,2024-10-31,3,61.98,3
8508,85,46,2025-02-25,3,95.31,8
8509,764,13,2026-01-08,3,52.38,20
8510,295,23,2026-04-04,3,91.56,21
8511,1891,27,2025-11-23,2,45.0,3
8512,461,31,2024-09-10,5,88.3,35
8513,1227,2,2024-05-26,3,161.22,19
8514,303,14,2026-09-02,3,156.87,24
8515,1339,3,2026-06-12,3,150.3,4
8516,586,37,2024-09-01,3,54.06,27
8517,1449,1,2025-01-11,3,155.31,3
8518,1532,17,2024-02-27,3,71.64,19
8519,319,46,2025-12-25,4,127.08,11
8520,1178,33,2025-04-17,4,95.28,20
8521,274,16,2024-11-09,2,114.5,38
8522,426,7,2025-10-02,4,133.36,5
8523,1023,13,2025-12-02,3,52.38,34
8524,1410,8,2025-06-04,5,89.65,11
8525,698,30,2023-11-05,4,176.72,28
8526,12,19,2023-09-17,1,51.33,16
8527,516,16,2026-07-21,5,286.25,20
8528,716,36,2025-05-31,1,33.29,11
8529,1853,32,2024-08-07,4,124.2,35
8530,1400,29,2025-04-15,4,161.2,25
8531,1156,20,2024-12-09,3,135.51,4
8532,1082,22,2024-12-07,4,149.28,13
8533,727,11,2024-09-30,4,55.96,32
8534,876,21,2024-12-10,4,51.36,8
8535,1267,17,2025-08-10,5,119.4,20
8536,1504,48,2025-08-11,3,42.81,18
8537,849,35,2026-01-16,5,79.7,9
8538,738,32,2025-06-29,2,62.1,23
8539,1315,25,2026-03-31,3,103.59,34
8540,503,2,2025-08-20,4,214.96,36
8541,1396,23,2025-02-01,4,122.08,15
8542,1571,5,2024-08-06,2,108.46,30
8543,1720,5,2025-02-04,3,162.69,32
8544,404,12,2024-03-04,5,103.3,27
8545,1621,30,2023-10-03,2,88.36,18
8546,992,12,2026-05-13,2,41.32,33
8547,674,28,2026-02-04,5,265.65,30
8548,123,48,2026-02-05,5,71.35,26
8549,1503,36,2024-04-12,4,133.16,1
8550,1706,31,2025-11-17,1,17.66,10
8551,1980,7,2026-07-03,4,133.36,15
8552,1759,11,2026-01-31,5,69.95,14
8553,909,35,2026-01-09,2,31.88,17
8554,93,22,2024-09-01,1,37.32,20
8555,1596,2,2026-05-23,1,53.74,2
8556,1078,14,2024-06-05,2,104.58,9
8557,1503,19,2026-08-28,5,256.65,32
8558,730,5,2025-05-24,2,108.46,28
8559,1614,8,2025-12-16,1,17.93,12
8560,1506,47,2026-01-26,4,201.08,15
8561,1846,2,2026-08-20,5,268.7,9
8562,1658,26,2024-09-07,3,163.92,32
8563,643,4,2025-11-13,3,143.46,39
8564,23,15,2024-11-15,4,140.08,21
8565,721,28,2025-08-24,5,265.65,24
8566,1083,29,2024-08-08,3,120.9,9
8567,478,47,2026-02-03,5,251.35,38
8568,8,50,2025-06-26,2,37.56,38
8569,725,1,2026-02-11,1,51.77,3
8570,648,25,2024-04-18,4,138.12,24
8571,206,15,2024-12-03,5,175.1,33
8572,1522,22,2024-05-02,3,111.96,35
8573,331,32,2026-05-06,2,62.1,3
8574,825,11,2025-07-26,2,27.98,33
8575,597,45,2026-08-06,2,90.14,32
8576,1144,27,2024-05-24,2,45.0,19
8577,415,49,2023-12-15,4,176.72,34
8578,93,36,2023-09-29,4,133.16,32
8579,945,31,2024-12-12,2,35.32,38
8580,1524,28,2025-03-08,2,106.26,39
8581,213,32,2025-03-12,1,31.05,4
8582,1071,38,2023-11-20,4,78.52,27
8583,283,43,2024-06-02,4,190.44,12
8584,1006,29,2025-12-21,4,161.2,16
8585,1489,29,2024-11-13,1,40.3,7
8586,1098,25,2025-05-21,4,138.12,24
8587,696,25,2023-10-27,1,34.53,19
8588,1178,41,2025-07-01,4,229.24,6
8589,1635,19,2025-02-23,4,205.32,19
8590,1519,31,2024-08-25,1,17.66,30
8591,10,26,2025-11-10,5,273.2,1
8592,911,48,2026-02-03,4,57.08,25
8593,751,38,2026-01-02,3,58.89,38
8594,144,26,2026-05-10,3,163.92,5
8595,1842,2,2024-06-13,5,268.7,5
8596,204,41,2025-06-22,2,114.62,14
8597,287,27,2024-04-08,4,90.0,28
8598,952,5,2023-11-09,3,162.69,5
8599,1109,31,2025-04-09,4,70.64,36
8600,1356,41,2026-08-13,5,286.55,37
8601,1571,21,2026-02-17,4,51.36,5
8602,1756,46,2024-05-16,1,31.77,15
8603,219,10,2025-06-11,4,208.6,34
8604,89,24,2024-07-07,4,101.08,27
8605,1991,25,2026-09-03,2,69.06,29
8606,1127,2,2024-09-03,1,53.74,17
8607,682,38,2026-03-21,4,78.52,33
8608,860,4,2024-01-20,4,191.28,22
8609,1562,23,2023-09-27,1,30.52,7
8610,1318,1,2026-04-01,4,207.08,2
8611,1301,31,2025-11-11,1,17.66,20
8612,1588,12,2024-02-22,3,61.98,4
8613,734,7,2026-05-12,4,133.36,28
8614,456,14,2023-11-30,4,209.16,9
8615,703,21,2025-03-30,1,12.84,14
8616,1312,38,2025-05-03,5,98.15,22
8617,1913,15,2024-07-04,3,105.06,35
8618,1448,48,2023-11-20,1,14.27,1
8619,1247,34,2025-10-29,3,110.67,15
8620,1428,9,2024-06-13,1,22.6,12
8621,1376,3,2024-11-12,3,150.3,34
8622,1167,21,2024-08-17,4,51.36,34
8623,954,2,2026-08-20,5,268.7,39
8624,1936,44,2025-01-23,3,69.33,32
8625,1537,31,2026-04-21,1,17.66,32
8626,1167,30,2025-10-25,2,88.36,38
8627,1653,15,2024-01-15,2,70.04,26
8628,845,27,2025-03-08,3,67.5,2
8629,77,50,2024-08-09,1,18.78,3
8630,707,30,2024-07-14,3,132.54,29
8631,699,10,2025-04-15,3,156.45,37
8632,447,44,2024-04-15,1,23.11,30
8633,645,37,2024-07-19,2,36.04,6
8634,1834,17,2023-11-28,1,23.88,37
8635,1707,26,2025-08-15,5,273.2,13
8636,1460,47,2025-11-26,1,50.27,18
8637,584,35,2023-10-01,5,79.7,3
8638,486,22,2023-12-23,1,37.32,23
8639,1597,16,2023-10-28,3,171.75,27
8640,207,28,2025-09-30,1,53.13,35
8641,368,14,2025-02-18,2,104.58,25
8642,634,34,2026-06-27,4,147.56,7
8643,1176,34,2025-02-23,3,110.67,35
8644,926,9,2026-02-24,4,90.4,15
8645,192,17,2023-11-01,3,71.64,39
8646,1214,3,2026-03-15,4,200.4,12
8647,246,8,2024-06-14,4,71.72,30
8648,1062,25,2024-05-17,3,103.59,9
8649,1402,35,2025-09-24,3,47.82,4
8650,84,28,2025-08-23,3,159.39,26
8651,223,20,2024-08-27,4,180.68,16
8652,932,5,2026-02-28,5,271.15,12
8653,369,37,2026-02-04,2,36.04,37
8654,585,22,2026-03-02,5,186.6,15
8655,804,48,2026-01-10,2,28.54,11
8656,1,22,2023-11-14,5,186.6,27
8657,55,30,2024-02-28,2,88.36,6
8658,1610,16,2023-12-31,5,286.25,17
8659,213,20,2026-01-17,4,180.68,29
8660,830,48,2024-06-24,2,28.54,2
8661,1873,30,2026-07-17,1,44.18,1
8662,1564,38,2025-05-07,4,78.52,16
8663,1393,40,2026-08-30,4,134.52,1
8664,1487,47,2023-09-28,3,150.81,5
8665,361,32,2026-08-06,2,62.1,8
8666,1473,45,2026-02-09,1,45.07,17
8667,1681,49,2024-11-11,5,220.9,24
8668,1020,37,2023-10-07,2,36.04,4
8669,1983,38,2026-06-13,5,98.15,28
8670,1976,8,2026-05-17,4,71.72,28
8671,1153,20,2026-05-21,5,225.85,31
8672,1285,47,2026-04-30,4,201.08,9
8673,655,41,2026-08-05,3,171.93,35
8674,1219,31,2023-11-12,1,17.66,25
8675,327,45,2025-11-15,5,225.35,25
8676,1974,22,2024-08-08,4,149.28,29
8677,316,21,2023-10-06,3,38.52,1
8678,1460,47,2024-01-23,1,50.27,22
8679,670,20,2024-01-09,4,180.68,37
8680,1666,50,2024-07-08,1,18.78,31
8681,436,19,2025-09-01,1,51.33,21
8682,575,25,2026-05-13,3,103.59,19
8683,1475,2,2024-07-17,1,53.74,2
8684,490,35,2026-05-24,2,31.88,24
8685,1640,41,2026-05-07,2,114.62,26
8686,559,46,2025-08-11,1,31.77,34
8687,209,22,2025-02-06,3,111.96,38
8688,280,43,2025-01-04,2,95.22,37
8689,1517,9,2024-12-06,3,67.8,6
8690,1046,32,2025-11-12,1,31.05,21
8691,388,7,2025-04-29,2,66.68,22
8692,388,29,2026-06-17,4,161.2,28
8693,1629,16,2023-11-04,4,229.0,29
8694,1620,45,2024-03-30,4,180.28,14
8695,552,3,2026-01-07,3,150.3,9
8696,1519,34,2025-04-02,4,147.56,6
8697,738,35,2023-10-25,1,15.94,15
8698,1011,31,2025-06-08,2,35.32,5
8699,124,36,2024-10-08,1,33.29,13
8700,1143,40,2024-01-10,1,33.63,35
8701,887,26,2024-03-09,1,54.64,15
8702,296,32,2024-03-14,1,31.05,3
8703,1699,26,2024-01-13,2,109.28,28
8704,755,35,2025-07-26,1,15.94,6
8705,833,46,2024-04-29,4,127.08,20
8706,452,46,2025-02-14,1,31.77,21
8707,1593,20,2026-07-25,2,90.34,36
8708,218,45,2026-07-26,4,180.28,6
8709,882,3,2024-04-26,4,200.4,36
8710,384,32,2025-09-15,1,31.05,24
8711,1072,7,2025-11-21,4,133.36,36
8712,1850,28,2025-01-05,4,212.52,30
8713,339,2,2026-04-04,4,214.96,3
8714,774,41,2023-12-08,5,286.55,6
8715,1472,21,2026-05-15,5,64.2,25
8716,911,1,2026-05-26,2,103.54,9
8717,850,35,2026-05-02,3,47.82,3
8718,1580,7,2024-02-15,3,100.02,9
8719,742,29,2026-05-25,3,120.9,22
8720,1709,18,2023-09-14,3,112.77,18
8721,226,38,2024-11-27,4,78.52,36
8722,927,19,2023-12-26,4,205.32,14
8723,1219,26,2024-09-15,3,163.92,35
8724,782,9,2025-09-18,3,67.8,9
8725,1472,50,2026-01-23,2,37.56,8
8726,626,8,2026-08-21,3,53.79,14
8727,614,23,2025-05-03,2,61.04,36
8728,1947,50,2025-08-31,1,18.78,37
8729,1026,33,2026-02-13,4,95.28,16
8730,934,22,2026-01-20,1,37.32,8
8731,1934,40,2024-01-10,3,100.89,5
8732,661,48,2023-09-24,5,71.35,9
8733,1542,7,2023-10-22,4,133.36,37
8734,126,18,2024-06-21,1,37.59,37
8735,1686,42,2024-09-16,4,105.64,38
8736,1580,11,2024-03-30,2,27.98,20
8737,190,23,2026-05-12,3,91.56,10
8738,872,19,2025-08-02,2,102.66,32
8739,280,20,2024-01-14,3,135.51,13
8740,607,47,2026-03-12,4,201.08,40
8741,1514,36,2024-08-20,3,99.87,24
8742,1617,47,2024-09-22,1,50.27,3
8743,1950,19,2024-11-18,5,256.65,1
8744,966,40,2026-02-15,2,67.26,10
8745,1738,8,2025-03-11,5,89.65,7
8746,1017,43,2023-11-12,5,238.05,23
8747,916,45,2026-07-17,3,135.21,26
8748,1763,45,2025-01-25,4,180.28,15
8749,1239,28,2024-06-29,4,212.52,15
8750,860,31,2026-06-20,3,52.98,25
8751,744,39,2024-08-24,4,208.88,12
8752,856,34,2025-06-28,3,110.67,4
8753,1192,11,2023-11-06,3,41.97,1
8754,1869,29,2025-06-13,5,201.5,26
8755,1273,44,2024-04-24,5,115.55,24
8756,936,49,2025-06-27,1,44.18,11
8757,1838,34,2026-08-30,4,147.56,27
8758,26,19,2026-04-09,2,102.66,30
8759,422,24,2025-02-16,4,101.08,17
8760,1304,20,2024-08-08,5,225.85,32
8761,395,33,2024-07-17,2,47.64,25
8762,1915,30,2024-12-15,3,132.54,33
8763,564,18,2023-09-25,1,37.59,19
8764,1256,35,2024-12-17,3,47.82,4
8765,229,40,2023-10-28,2,67.26,4
8766,1515,30,2024-04-22,2,88.36,36
8767,1372,6,2024-08-08,1,22.65,35
8768,592,3,2024-02-05,4,200.4,16
8769,792,10,2025-11-10,3,156.45,1
8770,1899,16,2025-02-16,4,229.0,8
8771,1241,18,2026-01-17,5,187.95,40
8772,1601,25,2026-03-22,4,138.12,30
8773,1542,34,2023-11-24,3,110.67,39
8774,401,46,2023-11-29,4,127.08,25
8775,1139,36,2023-09-20,1,33.29,39
8776,1658,26,2025-06-18,1,54.64,35
8777,1944,48,2024-04-03,1,14.27,24
8778,1534,50,2025-06-18,4,75.12,10
8779,545,49,2023-10-24,2,88.36,6
8780,1440,39,2025-03-11,2,104.44,16
8781,888,3,2024-04-19,2,100.2,22
8782,1977,14,2025-07-09,2,104.58,25
8783,256,14,2023-11-13,2,104.58,13
8784,1509,16,2025-07-12,2,114.5,32
8785,85,18,2025-04-30,3,112.77,38
8786,827,26,2026-07-18,1,54.64,35
8787,1337,13,2026-04-24,1,17.46,13
8788,267,7,2025-08-28,2,66.68,3
8789,911,15,2025-05-19,5,175.1,21
8790,1332,33,2024-11-14,1,23.82,13
8791,430,48,2026-05-16,2,28.54,21
8792,828,39,2025-02-17,5,261.1,27
8793,1842,41,2024-08-03,1,57.31,2
8794,183,39,2024-07-25,3,156.66,3
8795,1094,8,2026-03-03,3,53.79,27
8796,1091,31,2025-06-01,5,88.3,13
8797,787,8,2025-12-28,2,35.86,14
8798,749,7,2025-01-08,5,166.7,37
8799,935,49,2024-08-25,5,220.9,30
8800,1287,13,2024-08-24,3,52.38,21
8801,421,20,2025-04-18,3,135.51,32
8802,1359,36,2023-10-18,3,99.87,35
8803,124,34,2025-06-25,3,110.67,4
8804,1982,50,2025-06-23,3,56.34,24
8805,264,50,2025-07-16,1,18.78,31
8806,1741,42,2025-06-23,2,52.82,21
8807,621,17,2023-12-04,5,119.4,27
8808,1931,27,2025-01-20,3,67.5,21
8809,1816,26,2023-11-01,4,218.56,32
8810,1439,49,2026-05-11,5,220.9,28
8811,1884,31,2026-04-21,5,88.3,35
8812,342,38,2023-11-09,3,58.89,38
8813,681,32,2025-05-07,1,31.05,7
8814,501,44,2026-04-16,5,115.55,33
8815,452,33,2025-10-13,2,47.64,6
8816,1567,8,2026-07-21,5,89.65,23
8817,1379,18,2026-08-22,1,37.59,15
8818,1946,36,2025-06-30,3,99.87,10
8819,1702,48,2026-08-11,3,42.81,24
8820,205,29,2023-10-20,4,161.2,12
8821,919,28,2024-09-19,4,212.52,32
8822,95,33,2025-07-14,5,119.1,21
8823,620,14,2024-11-10,3,156.87,33
8824,474,46,2024-10-11,4,127.08,27
8825,1774,37,2025-05-15,1,18.02,25
8826,821,48,2023-10-20,5,71.35,29
8827,961,48,2025-08-29,3,42.81,1
8828,171,12,2026-08-13,4,82.64,14
8829,1394,46,2023-11-09,4,127.08,4
8830,832,49,2024-06-21,5,220.9,24
8831,1084,6,2026-05-25,1,22.65,23
8832,565,9,2025-10-10,2,45.2,20
8833,683,34,2024-05-09,5,184.45,26
8834,311,32,2025-09-28,3,93.15,39
8835,120,39,2026-05-31,3,156.66,5
8836,1258,16,2025-12-01,3,171.75,37
8837,937,27,2024-02-01,2,45.0,24
8838,97,2,2026-09-01,4,214.96,36
8839,383,39,2026-07-11,3,156.66,38
8840,1277,49,2025-06-02,1,44.18,27
8841,1345,24,2026-01-06,5,126.35,22
8842,1212,5,2024-10-13,3,162.69,39
8843,1135,9,2025-09-03,5,113.0,9
8844,354,45,2025-05-01,5,225.35,10
8845,1248,50,2025-05-26,3,56.34,16
8846,1257,25,2026-02-13,1,34.53,13
8847,944,24,2024-01-16,4,101.08,13
8848,41,30,2026-01-02,4,176.72,4
8849,972,8,2023-10-29,4,71.72,20
8850,1312,23,2024-05-15,1,30.52,13
8851,740,46,2025-10-02,1,31.77,8
8852,1035,40,2025-10-20,2,67.26,5
8853,537,3,2026-01-12,1,50.1,38
8854,1200,39,2024-08-06,2,104.44,23
8855,342,31,2023-09-29,5,88.3,25
8856,1666,2,2025-01-25,2,107.48,26
8857,1356,11,2025-05-22,2,27.98,4
8858,761,48,2023-12-09,4,57.08,21
8859,100,10,2024-04-13,1,52.15,14
8860,740,10,2024-04-29,5,260.75,24
8861,1397,49,2025-10-18,5,220.9,38
8862,98,11,2024-04-25,1,13.99,20
8863,1985,31,2025-08-12,3,52.98,18
8864,65,32,2026-01-28,2,62.1,34
8865,945,37,2024-04-27,4,72.08,6
8866,1618,3,2024-12-03,2,100.2,32
8867,35,26,2024-02-08,3,163.92,2
8868,645,42,2025-08-05,2,52.82,4
8869,1507,20,2023-12-07,3,135.51,26
8870,926,42,2025-04-07,5,132.05,38
8871,201,39,2024-11-06,1,52.22,24
8872,1940,45,2024-03-01,4,180.28,23
8873,974,49,2024-09-10,4,176.72,16
8874,156,21,2024-04-21,5,64.2,35
8875,1736,8,2026-07-06,4,71.72,36
8876,506,27,2024-05-20,4,90.0,23
8877,483,11,2025-07-16,4,55.96,19
8878,175,37,2025-11-24,3,54.06,39
8879,1695,33,2024-12-11,2,47.64,31
8880,1346,45,2024-12-11,3,135.21,11
8881,1696,23,2023-12-22,5,152.6,15
8882,1571,27,2024-10-28,3,67.5,11
8883,953,7,2026-04-11,1,33.34,30
8884,1705,37,2025-02-27,3,54.06,23
8885,1660,42,2023-12-28,4,105.64,5
8886,1872,6,2024-08-29,4,90.6,29
8887,1164,35,2026-07-27,3,47.82,14
8888,223,33,2024-05-31,5,119.1,36
8889,1688,4,2024-10-05,3,143.46,22
8890,149,38,2024-09-25,5,98.15,8
8891,939,19,2024-10-17,2,102.66,3
8892,1020,38,2026-01-20,2,39.26,19
8893,332,38,2025-03-16,4,78.52,7
8894,1533,31,2024-05-29,4,70.64,32
8895,813,28,2024-01-01,5,265.65,39
8896,575,13,2024-10-08,5,87.3,7
8897,1597,5,2024-12-28,2,108.46,3
8898,1119,4,2023-11-19,4,191.28,11
8899,876,24,2026-08-18,5,126.35,14
8900,1671,16,2025-02-08,4,229.0,27
8901,775,32,2025-05-02,5,155.25,19
8902,288,3,2026-02-05,1,50.1,13
8903,1018,40,2025-08-23,2,67.26,22
8904,1425,6,2025-11-14,4,90.6,5
8905,1944,14,2024-03-06,2,104.58,32
8906,1403,45,2024-05-03,1,45.07,33
8907,1153,3,2025-09-16,1,50.1,21
8908,246,39,2024-10-30,5,261.1,37
8909,1406,14,2024-09-26,5,261.45,5
8910,1190,50,2026-06-12,4,75.12,31
8911,1279,42,2026-02-13,2,52.82,16
8912,251,6,2024-07-04,3,67.95,17
8913,1327,48,2023-11-29,3,42.81,35
8914,1607,31,2023-12-22,1,17.66,15
8915,49,28,2025-07-18,5,265.65,14
8916,997,34,2025-02-27,1,36.89,9
8917,1036,42,2025-09-17,3,79.23,17
8918,1441,37,2024-08-28,4,72.08,10
8919,1307,11,2024-04-22,2,27.98,1
8920,810,45,2026-05-14,4,180.28,16
8921,1990,26,2026-06-30,5,273.2,12
8922,1798,40,2025-03-30,2,67.26,7
8923,1658,8,2024-03-10,2,35.86,11
8924,739,12,2024-07-07,3,61.98,23
8925,62,5,2026-06-02,2,108.46,32
8926,1407,43,2024-06-14,3,142.83,38
8927,1636,19,2026-01-28,5,256.65,26
8928,1319,40,2024-07-08,3,100.89,19
8929,1739,28,2024-02-29,4,212.52,3
8930,1537,45,2025-04-06,5,225.35,24
8931,491,36,2025-04-22,4,133.16,7
8932,936,46,2026-07-05,5,158.85,8
8933,1100,44,2024-02-14,4,92.44,9
8934,1241,25,2025-06-22,2,69.06,1
8935,659,20,2025-05-05,3,135.51,15
8936,888,9,2023-09-13,4,90.4,18
8937,1165,9,2026-02-24,3,67.8,33
8938,585,48,2023-11-17,1,14.27,36
8939,930,8,2025-11-26,5,89.65,11
8940,1189,10,2024-11-24,3,156.45,39
8941,452,9,2026-03-15,2,45.2,7
8942,830,40,2024-07-12,1,33.63,25
8943,1964,39,2026-06-06,1,52.22,13
8944,1059,10,2024-02-05,3,156.45,22
8945,1589,14,2024-04-21,4,209.16,22
8946,1062,12,2026-08-30,1,20.66,38
8947,227,26,2023-11-29,5,273.2,39
8948,926,32,2026-07-30,5,155.25,12
8949,1721,7,2025-07-01,5,166.7,2
8950,523,4,2026-02-01,1,47.82,24
8951,1505,3,2025-08-01,4,200.4,3
8952,724,14,2025-11-28,2,104.58,1
8953,467,3,2026-07-31,4,200.4,16
8954,1175,49,2025-05-10,3,132.54,26
8955,1045,23,2024-07-13,1,30.52,9
8956,526,23,2024-11-04,1,30.52,29
8957,1328,31,2025-07-25,5,88.3,15
8958,712,49,2024-07-14,1,44.18,34
8959,24,31,2024-11-18,5,88.3,24
8960,259,49,2026-08-29,2,88.36,35
8961,229,17,2025-11-17,1,23.88,25
8962,103,40,2025-04-26,3,100.89,26
8963,245,14,2026-01-16,4,209.16,27
8964,1940,39,2025-01-20,4,208.88,21
8965,244,49,2024-06-07,5,220.9,10
8966,971,30,2024-08-13,3,132.54,28
8967,1936,29,2025-03-27,2,80.6,26
8968,1801,2,2024-06-02,5,268.7,8
8969,1818,34,2025-08-18,3,110.67,17
8970,132,5,2024-09-10,1,54.23,34
8971,1243,39,2025-04-18,5,261.1,1
8972,1472,32,2024-01-08,1,31.05,1
8973,1631,30,2025-04-12,2,88.36,1
8974,43,8,2025-05-23,1,17.93,13
8975,295,12,2024-05-12,3,61.98,18
8976,875,50,2026-06-21,5,93.9,30
8977,1467,27,2026-03-05,1,22.5,17
8978,1472,36,2025-09-17,4,133.16,4
8979,1917,43,2024-01-07,5,238.05,26
8980,1571,31,2024-05-09,1,17.66,8
8981,265,18,2024-05-01,1,37.59,17
8982,93,6,2026-03-25,1,22.65,14
8983,1817,22,2023-12-18,3,111.96,18
8984,1958,37,2026-06-06,1,18.02,6
8985,1339,2,2026-03-15,3,161.22,12
8986,108,19,2026-02-20,5,256.65,26
8987,1362,36,2025-06-26,1,33.29,18
8988,1876,12,2024-06-01,1,20.66,4
8989,1293,34,2026-09-07,4,147.56,20
8990,450,18,2025-11-23,5,187.95,29
8991,1792,48,2025-06-18,4,57.08,7
8992,460,17,2024-08-09,1,23.88,2
8993,519,41,2024-06-21,3,171.93,36
8994,384,44,2026-09-03,5,115.55,2
8995,181,7,2024-03-31,2,66.68,21
8996,454,31,2024-05-05,5,88.3,34
8997,439,49,2023-11-23,2,88.36,34
8998,727,8,2025-12-06,1,17.93,18
8999,1572,8,2024-05-08,3,53.79,22
9000,1553,11,2024-12-23,1,13.99,5
9001,1061,37,2026-01-29,4,72.08,24
9002,663,9,2026-03-13,2,45.2,26
9003,183,11,2024-01-19,3,41.97,38
9004,29,23,2024-02-01,3,91.56,22
9005,723,15,2025-06-17,1,35.02,27
9006,1667,9,2023-11-09,5,113.0,29
9007,1830,43,2025-05-19,3,142.83,26
9008,1203,50,2023-12-26,1,18.78,1
9009,1478,38,2025-12-18,3,58.89,20
9010,1882,23,2024-09-14,2,61.04,36
9011,577,23,2023-11-11,2,61.04,6
9012,1734,35,2024-07-13,4,63.76,18
9013,1021,17,2026-01-31,4,95.52,37
9014,365,19,2023-12-20,5,256.65,19
9015,892,14,2024-01-06,4,209.16,28
9016,262,36,2026-02-21,2,66.58,29
9017,1376,24,2023-09-24,5,126.35,3
9018,202,18,2024-01-28,3,112.77,14
9019,939,49,2024-12-26,1,44.18,35
9020,464,27,2024-11-18,5,112.5,9
9021,921,13,2024-09-07,5,87.3,27
9022,1330,4,2025-02-03,5,239.1,5
9023,1323,19,2026-04-28,5,256.65,26
9024,203,21,2025-09-25,2,25.68,34
9025,1802,9,2023-11-16,5,113.0,17
9026,919,36,2026-06-07,4,133.16,25
9027,257,48,2024-05-27,3,42.81,30
9028,1776,29,2024-05-19,3,120.9,18
9029,814,50,2024-06-28,4,75.12,38
9030,1278,47,2026-01-19,1,50.27,28
9031,1861,33,2025-02-11,5,119.1,9
9032,1947,16,2026-04-13,1,57.25,6
9033,1486,33,2024-05-19,2,47.64,1
9034,1713,7,2023-09-21,5,166.7,30
9035,646,34,2025-06-20,3,110.67,38
9036,579,11,2026-01-02,5,69.95,24
9037,238,49,2024-09-08,3,132.54,24
9038,352,44,2025-09-07,2,46.22,5
9039,520,47,2024-07-17,4,201.08,39
9040,1767,48,2026-04-03,3,42.81,30
9041,959,15,2024-12-05,4,140.08,23
9042,1890,31,2023-12-20,3,52.98,4
9043,300,13,2024-01-15,5,87.3,29
9044,989,48,2023-10-27,3,42.81,15
9045,34,31,2026-02-27,5,88.3,27
9046,684,17,2024-11-30,1,23.88,28
9047,1139,47,2024-12-25,1,50.27,31
9048,229,2,2025-04-15,4,214.96,21
9049,1859,24,2024-08-31,4,101.08,31
9050,826,43,2024-01-22,1,47.61,7
9051,336,31,2026-02-23,4,70.64,8
9052,1925,31,2024-03-24,5,88.3,19
9053,1951,22,2025-12-13,3,111.96,33
9054,265,10,2025-01-30,4,208.6,31
9055,1752,9,2025-11-07,5,113.0,8
9056,1769,18,2024-05-22,4,150.36,39
9057,828,40,2024-06-02,4,134.52,12
9058,195,35,2024-07-28,4,63.76,33
9059,1965,44,2025-04-26,4,92.44,40
9060,1627,17,2024-02-23,5,119.4,20
9061,622,12,2024-02-06,5,103.3,38
9062,1169,29,2024-05-30,4,161.2,15
9063,1333,43,2026-01-18,4,190.44,4
9064,1355,20,2024-03-16,1,45.17,32
9065,1981,1,2025-01-30,1,51.77,1
9066,1429,21,2025-02-19,5,64.2,9
9067,1150,40,2026-03-04,4,134.52,4
9068,1847,49,2024-09-22,4,176.72,6
9069,289,29,2025-02-02,2,80.6,33
9070,56,39,2025-08-02,2,104.44,26
9071,1732,16,2026-06-04,1,57.25,26
9072,1884,21,2023-11-19,3,38.52,30
9073,947,9,2025-09-08,4,90.4,33
9074,1906,10,2024-04-21,4,208.6,13
9075,426,41,2026-03-21,4,229.24,31
9076,1907,17,2024-01-04,2,47.76,6
9077,255,11,2024-05-01,1,13.99,29
9078,132,26,2023-10-14,4,218.56,10
9079,1555,27,2025-09-10,4,90.0,9
9080,1997,40,2025-03-19,4,134.52,8
9081,847,45,2026-06-04,1,45.07,12
9082,245,18,2025-11-22,5,187.95,7
9083,223,45,2025-11-28,4,180.28,8
9084,1074,6,2025-05-13,5,113.25,12
9085,642,45,2025-05-18,3,135.21,29
9086,1382,11,2024-04-11,1,13.99,30
9087,815,31,2026-05-04,1,17.66,10
9088,452,9,2024-01-21,2,45.2,2
9089,694,7,2024-09-03,2,66.68,31
9090,1089,14,2024-12-20,1,52.29,24
9091,520,38,2026-07-24,5,98.15,30
9092,1313,22,2023-11-02,5,186.6,20
9093,1709,43,2024-11-27,4,190.44,13
9094,1248,34,2025-05-11,5,184.45,12
9095,1476,44,2023-11-20,3,69.33,13
9096,982,14,2024-07-10,1,52.29,10
9097,836,47,2024-07-24,5,251.35,35
9098,312,29,2025-05-24,5,201.5,26
9099,1035,28,2026-08-13,3,159.39,15
9100,57,6,2024-01-16,2,45.3,32
9101,414,50,2025-07-02,1,18.78,19
9102,1837,42,2025-10-16,5,132.05,14
9103,1053,16,2025-03-09,2,114.5,24
9104,323,26,2025-12-17,4,218.56,16
9105,1646,35,2023-09-27,3,47.82,23
9106,422,42,2024-05-04,1,26.41,17
9107,1582,5,2023-09-12,3,162.69,35
9108,1066,50,2024-02-14,2,37.56,8
9109,979,17,2025-08-24,3,71.64,29
9110,1742,3,2025-04-19,4,200.4,19
9111,1263,36,2024-06-11,5,166.45,38
9112,1638,14,2026-08-15,4,209.16,14
9113,689,44,2023-09-12,1,23.11,34
9114,1935,26,2024-02-20,5,273.2,19
9115,30,44,2024-01-07,4,92.44,38
9116,356,23,2025-11-02,5,152.6,39
9117,1596,3,2023-10-05,1,50.1,6
9118,922,48,2025-10-19,1,14.27,36
9119,178,27,2026-02-27,2,45.0,3
9120,1850,45,2026-06-14,4,180.28,11
9121,1938,19,2025-04-28,4,205.32,30
9122,1581,10,2024-07-29,1,52.15,25
9123,1447,29,2024-01-23,5,201.5,37
9124,1554,50,2026-05-14,5,93.9,4
9125,417,11,2024-05-24,2,27.98,17
9126,1010,6,2025-01-19,1,22.65,23
9127,982,27,2024-02-20,1,22.5,10
9128,1234,6,2026-08-17,2,45.3,17
9129,1322,47,2026-01-14,3,150.81,35
9130,907,17,2024-11-28,2,47.76,17
9131,254,17,2026-08-21,1,23.88,8
9132,962,16,2026-05-08,4,229.0,17
9133,800,38,2024-02-20,2,39.26,18
9134,1858,1,2025-11-07,4,207.08,33
9135,88,19,2025-12-12,3,153.99,18
9136,839,15,2025-12-23,1,35.02,18
9137,109,39,2025-11-29,1,52.22,10
9138,700,41,2024-07-28,1,57.31,35
9139,211,7,2025-02-21,4,133.36,3
9140,1416,24,2025-11-26,5,126.35,21
9141,781,16,2025-06-13,4,229.0,13
9142,396,17,2026-02-19,2,47.76,31
9143,719,42,2024-04-20,1,26.41,21
9144,308,20,2025-10-02,1,45.17,17
9145,397,11,2024-09-25,5,69.95,38
9146,1133,37,2024-10-03,3,54.06,31
9147,1185,35,2024-08-17,5,79.7,11
9148,850,48,2024-09-22,3,42.81,36
9149,1033,40,2026-09-01,2,67.26,8
9150,849,41,2025-06-30,2,114.62,20
9151,1601,37,2024-06-27,2,36.04,39
9152,351,22,2023-10-09,1,37.32,26
9153,858,34,2024-01-04,5,184.45,28
9154,276,36,2025-02-12,3,99.87,26
9155,222,44,2025-04-21,4,92.44,2
9156,482,31,2024-08-25,3,52.98,2
9157,513,29,2023-10-11,2,80.6,7
9158,1934,34,2026-01-05,5,184.45,27
9159,21,29,2025-12-30,2,80.6,21
9160,1308,16,2023-11-11,3,171.75,1
9161,588,18,2024-11-02,2,75.18,26
9162,603,41,2025-06-05,3,171.93,34
9163,724,34,2024-09-12,3,110.67,29
9164,377,11,2024-08-03,4,55.96,13
9165,441,30,2023-12-22,1,44.18,40
9166,389,50,2025-12-24,4,75.12,31
9167,1542,31,2024-03-30,5,88.3,40
9168,1176,37,2024-03-12,5,90.1,22
9169,1931,48,2024-10-28,4,57.08,5
9170,1547,41,2026-09-07,5,286.55,16
9171,1057,28,2025-04-03,4,212.52,31
9172,1896,27,2024-11-04,2,45.0,30
9173,1788,2,2026-01-04,1,53.74,20
9174,239,47,2024-07-01,3,150.81,24
9175,1467,7,2024-01-18,2,66.68,4
9176,767,13,2023-12-24,1,17.46,32
9177,460,19,2026-09-05,5,256.65,16
9178,1876,7,2024-11-21,4,133.36,20
9179,605,27,2026-06-13,2,45.0,14
9180,49,49,2026-08-30,2,88.36,1
9181,1150,4,2024-01-30,5,239.1,2
9182,802,12,2024-12-06,4,82.64,35
9183,607,14,2024-11-18,3,156.87,4
9184,642,22,2025-01-03,5,186.6,5
9185,768,4,2025-09-03,1,47.82,26
9186,1325,27,2025-11-17,5,112.5,40
9187,1855,29,2024-01-29,2,80.6,12
9188,1680,23,2024-07-10,4,122.08,24
9189,1143,4,2025-11-18,1,47.82,23
9190,1708,17,2024-05-24,1,23.88,10
9191,1241,22,2025-06-10,3,111.96,11
9192,840,13,2023-12-13,5,87.3,13
9193,89,38,2025-01-09,1,19.63,12
9194,948,18,2025-11-09,1,37.59,1
9195,370,49,2026-04-26,5,220.9,29
9196,1546,36,2024-08-19,3,99.87,27
9197,1519,28,2024-04-13,5,265.65,15
9198,1722,5,2024-03-24,5,271.15,1
9199,1949,22,2023-10-27,5,186.6,9
9200,707,45,2026-06-21,1,45.07,7
9201,1676,5,2025-02-06,5,271.15,10
9202,954,6,2023-10-12,2,45.3,28
9203,9,30,2024-11-22,5,220.9,2
9204,124,50,2026-07-01,3,56.34,23
9205,339,29,2024-02-15,2,80.6,29
9206,967,7,2026-06-14,3,100.02,35
9207,1843,24,2025-04-27,2,50.54,39
9208,187,11,2025-04-15,5,69.95,7
9209,343,25,2024-08-17,4,138.12,36
9210,1584,1,2025-08-15,3,155.31,23
9211,1543,12,2026-02-02,1,20.66,22
9212,366,10,2026-03-03,4,208.6,31
9213,951,37,2024-12-06,4,72.08,27
9214,946,44,2026-05-27,3,69.33,38
9215,287,50,2025-04-26,5,93.9,39
9216,324,43,2024-06-12,1,47.61,36
9217,1678,26,2026-01-31,1,54.64,39
9218,1588,15,2025-01-25,3,105.06,40
9219,604,6,2025-06-13,1,22.65,17
9220,1501,24,2026-05-16,1,25.27,6
9221,1047,48,2024-05-05,5,71.35,6
9222,1655,33,2025-01-15,2,47.64,9
9223,149,38,2024-05-12,5,98.15,15
9224,942,4,2026-07-10,1,47.82,21
9225,1745,39,2024-12-08,3,156.66,24
9226,487,47,2024-06-10,3,150.81,33
9227,985,50,2026-06-26,5,93.9,13
9228,1915,43,2024-02-23,5,238.05,36
9229,864,19,2024-05-01,1,51.33,15
9230,1192,50,2026-05-02,5,93.9,4
9231,62,11,2024-06-27,4,55.96,13
9232,601,49,2025-11-29,3,132.54,6
9233,516,16,2024-09-28,2,114.5,15
9234,1208,42,2025-05-02,3,79.23,31
9235,1068,5,2026-02-09,1,54.23,38
9236,562,32,2024-11-28,2,62.1,27
9237,1641,26,2026-02-04,4,218.56,19
9238,726,25,2024-06-15,1,34.53,3
9239,489,7,2023-09-24,3,100.02,3
9240,133,23,2024-06-29,3,91.56,35
9241,1768,36,2025-04-16,5,166.45,28
9242,1088,34,2024-06-13,4,147.56,20
9243,1245,47,2024-03-04,5,251.35,32
9244,157,14,2024-02-24,5,261.45,24
9245,1427,25,2025-11-09,5,172.65,12
9246,565,41,2024-01-03,4,229.24,9
9247,192,12,2025-10-09,4,82.64,4
9248,1368,12,2024-11-02,4,82.64,28
9249,1040,13,2026-07-17,1,17.46,30
9250,1715,41,2025-10-07,5,286.55,5
9251,101,15,2026-07-26,5,175.1,17
9252,645,8,2024-07-06,1,17.93,30
9253,1602,19,2025-01-16,3,153.99,14
9254,1004,1,2024-12-02,3,155.31,29
9255,1998,44,2023-11-02,2,46.22,17
9256,1766,14,2024-03-07,1,52.29,36
9257,649,48,2026-08-31,2,28.54,24
9258,598,9,2025-01-10,1,22.6,19
9259,745,43,2026-03-31,5,238.05,19
9260,1563,45,2026-04-06,2,90.14,23
9261,1787,25,2025-07-29,2,69.06,3
9262,735,1,2023-10-11,2,103.54,34
9263,491,11,2025-02-25,4,55.96,15
9264,1658,25,2026-06-08,1,34.53,35
9265,1370,40,2024-09-01,4,134.52,5
9266,1948,27,2026-04-30,1,22.5,31
9267,1689,49,2025-11-01,3,132.54,39
9268,142,16,2023-11-01,3,171.75,12
9269,638,40,2024-05-13,4,134.52,14
9270,1357,3,2024-02-19,5,250.5,3
9271,1966,43,2023-12-19,4,190.44,35
9272,1199,44,2026-08-16,4,92.44,33
9273,788,7,2024-10-28,1,33.34,19
9274,446,11,2025-07-04,3,41.97,18
9275,1383,17,2026-03-25,2,47.76,4
9276,783,47,2026-04-04,2,100.54,31
9277,1106,32,2024-12-04,1,31.05,32
9278,251,18,2023-09-18,3,112.77,19
9279,599,44,2023-11-13,2,46.22,6
9280,683,12,2025-05-15,3,61.98,22
9281,25,48,2026-01-05,5,71.35,31
9282,700,24,2024-07-05,1,25.27,35
9283,244,2,2023-11-21,4,214.96,37
9284,1460,27,2024-05-14,3,67.5,23
9285,1933,7,2026-06-17,5,166.7,7
9286,766,17,2024-09-29,1,23.88,14
9287,307,8,2025-01-09,3,53.79,24
9288,1915,17,2023-12-08,4,95.52,18
9289,825,31,2024-03-19,4,70.64,26
9290,1485,17,2024-07-30,1,23.88,27
9291,1603,17,2026-04-21,1,23.88,29
9292,1929,31,2023-11-23,4,70.64,26
9293,695,38,2025-04-07,3,58.89,31
9294,468,50,2026-03-17,2,37.56,28
9295,763,13,2024-08-23,3,52.38,4
9296,848,3,2024-09-11,2,100.2,38
9297,1145,42,2024-05-15,2,52.82,36
9298,1246,37,2025-05-17,4,72.08,4
9299,560,2,2026-07-18,4,214.96,4
9300,1733,41,2024-02-14,3,171.93,4
9301,365,4,2026-05-20,5,239.1,37
9302,357,12,2026-01-30,4,82.64,40
9303,1240,34,2025-02-03,5,184.45,12
9304,669,12,2024-08-29,2,41.32,34
9305,1934,12,2025-11-14,2,41.32,23
9306,1658,17,2024-10-10,5,119.4,8
9307,281,22,2026-06-25,2,74.64,33
9308,1875,1,2024-08-24,2,103.54,17
9309,1226,49,2024-06-21,4,176.72,24
9310,471,42,2026-01-09,4,105.64,15
9311,655,14,2026-02-12,5,261.45,6
9312,1391,34,2025-09-26,1,36.89,11
9313,1794,35,2026-04-04,3,47.82,13
9314,1622,24,2025-07-21,4,101.08,22
9315,432,49,2024-09-17,3,132.54,16
9316,1234,18,2024-10-05,3,112.77,12
9317,15,29,2026-02-23,2,80.6,9
9318,58,47,2024-03-01,2,100.54,5
9319,1930,19,2025-07-29,5,256.65,16
9320,40,7,2024-04-27,3,100.02,20
9321,1513,44,2026-04-24,2,46.22,18
9322,292,39,2023-11-02,5,261.1,27
9323,1259,10,2024-10-08,4,208.6,38
9324,1756,15,2025-12-31,2,70.04,32
9325,495,41,2024-01-02,3,171.93,21
9326,337,5,2025-11-29,5,271.15,5
9327,421,28,2024-05-17,4,212.52,4
9328,621,33,2025-08-22,3,71.46,16
9329,1054,13,2025-09-08,1,17.46,28
9330,279,45,2023-11-27,1,45.07,6
9331,64,8,2024-09-28,4,71.72,10
9332,1763,3,2025-12-08,1,50.1,27
9333,1470,1,2026-03-23,3,155.31,38
9334,1654,17,2026-07-25,5,119.4,17
9335,7,35,2024-11-17,5,79.7,27
9336,311,16,2023-12-23,5,286.25,2
9337,1253,2,2025-03-22,5,268.7,34
9338,1638,17,2025-09-30,3,71.64,31
9339,1104,39,2026-03-29,2,104.44,5
9340,1516,28,2024-10-18,3,159.39,14
9341,406,13,2024-02-09,2,34.92,9
9342,1162,31,2025-06-01,4,70.64,14
9343,119,31,2025-09-10,5,88.3,12
9344,199,46,2024-04-15,4,127.08,28
9345,1695,19,2025-09-14,5,256.65,17
9346,1733,36,2026-03-05,4,133.16,12
9347,295,42,2025-06-19,4,105.64,17
9348,557,19,2026-03-26,2,102.66,26
9349,310,19,2025-12-24,1,51.33,33
9350,1181,32,2024-02-29,1,31.05,15
9351,1336,21,2024-03-24,5,64.2,24
9352,707,45,2023-10-21,4,180.28,16
9353,1855,12,2026-01-22,3,61.98,34
9354,502,2,2024-06-25,1,53.74,38
9355,289,47,2024-04-22,1,50.27,7
9356,127,17,2026-06-20,2,47.76,27
9357,244,9,2024-09-01,3,67.8,16
9358,1982,43,2026-05-17,3,142.83,12
9359,405,44,2026-02-04,1,23.11,22
9360,1126,14,2026-08-28,2,104.58,7
9361,1375,10,2026-06-29,5,260.75,17
9362,703,13,2026-07-02,4,69.84,26
9363,1896,7,2024-12-31,1,33.34,16
9364,1781,33,2026-07-24,3,71.46,37
9365,1036,16,2024-10-29,5,286.25,7
9366,962,27,2025-10-14,5,112.5,4
9367,1410,13,2023-11-05,4,69.84,14
9368,1403,6,2023-10-16,1,22.65,15
9369,399,5,2025-12-21,4,216.92,36
9370,1709,46,2025-03-17,4,127.08,32
9371,844,25,2026-01-21,4,138.12,40
9372,878,25,2026-06-16,5,172.65,15
9373,1853,25,2025-09-09,2,69.06,28
9374,736,18,2025-07-14,5,187.95,34
9375,812,2,2024-08-26,2,107.48,26
9376,1860,46,2023-09-28,1,31.77,15
9377,114,32,2025-11-03,5,155.25,35
9378,44,42,2024-09-01,4,105.64,17
9379,217,16,2025-04-06,3,171.75,33
9380,1833,22,2024-05-26,4,149.28,19
9381,1338,26,2023-12-07,5,273.2,14
9382,847,9,2025-05-20,2,45.2,32
9383,684,12,2026-08-09,1,20.66,15
9384,1868,49,2024-03-31,5,220.9,30
9385,795,2,2025-10-11,2,107.48,13
9386,1675,50,2025-03-13,1,18.78,35
9387,1193,6,2024-12-29,4,90.6,29
9388,1462,27,2026-04-07,1,22.5,16
9389,446,50,2025-11-30,3,56.34,27
9390,696,43,2026-04-17,3,142.83,21
9391,1294,27,2024-12-11,1,22.5,32
9392,921,42,2024-04-22,5,132.05,10
9393,879,2,2026-01-19,1,53.74,2
9394,72,17,2023-10-10,1,23.88,1
9395,868,26,2025-07-20,5,273.2,19
9396,176,2,2025-11-29,3,161.22,4
9397,1823,2,2026-08-13,4,214.96,27
9398,1364,6,2023-09-29,1,22.65,24
9399,1445,14,2024-03-02,4,209.16,6
9400,1392,30,2025-03-09,3,132.54,1
9401,99,10,2026-08-28,1,52.15,4
9402,1855,3,2025-12-05,4,200.4,4
9403,1433,50,2026-02-10,2,37.56,19
9404,1883,29,2024-12-11,1,40.3,23
9405,1097,19,2023-11-05,5,256.65,38
9406,1016,20,2026-02-18,2,90.34,15
9407,1559,27,2024-03-14,5,112.5,36
9408,1512,13,2026-05-18,2,34.92,23
9409,1356,42,2026-07-25,3,79.23,27
9410,545,23,2024-11-27,5,152.6,5
9411,206,6,2024-04-06,3,67.95,22
9412,1379,29,2025-01-18,3,120.9,40
9413,1168,39,2025-07-15,2,104.44,28
9414,635,25,2024-12-11,2,69.06,28
9415,1753,31,2026-09-07,1,17.66,22
9416,1933,25,2026-02-06,2,69.06,33
9417,872,32,2025-02-04,2,62.1,20
9418,915,13,2023-11-29,2,34.92,25
9419,859,23,2024-01-31,3,91.56,10
9420,1912,11,2023-11-02,5,69.95,19
9421,1670,40,2024-07-26,1,33.63,14
9422,1808,48,2025-01-10,3,42.81,20
9423,360,28,2024-11-22,4,212.52,32
9424,1355,50,2024-08-28,3,56.34,17
9425,1664,9,2026-08-01,4,90.4,13
9426,1443,47,2026-02-27,5,251.35,5
9427,788,3,2024-08-04,5,250.5,14
9428,1597,5,2024-04-18,3,162.69,25
9429,1915,20,2025-09-28,4,180.68,25
9430,142,27,2024-03-01,5,112.5,22
9431,1216,48,2024-03-26,5,71.35,27
9432,1630,26,2025-11-08,4,218.56,13
9433,988,38,2025-02-05,1,19.63,15
9434,263,15,2026-08-20,4,140.08,38
9435,1407,20,2024-10-18,1,45.17,17
9436,1798,40,2025-03-29,4,134.52,17
9437,1496,47,2024-06-05,1,50.27,36
9438,995,6,2024-03-29,3,67.95,38
9439,379,30,2024-02-01,1,44.18,9
9440,659,11,2025-08-17,2,27.98,31
9441,337,40,2025-06-15,2,67.26,24
9442,1844,29,2024-12-30,5,201.5,29
9443,528,3,2025-07-25,4,200.4,26
9444,1062,33,2025-04-06,3,71.46,23
9445,1231,41,2025-04-03,3,171.93,35
9446,609,30,2024-06-09,4,176.72,21
9447,864,17,2023-12-18,3,71.64,6
9448,1319,35,2026-03-07,5,79.7,24
9449,1915,3,2024-02-15,1,50.1,7
9450,1465,5,2025-09-01,4,216.92,26
9451,346,6,2026-08-13,5,113.25,6
9452,1250,8,2025-07-03,5,89.65,16
9453,1568,30,2024-10-22,5,220.9,34
9454,1163,32,2024-01-22,3,93.15,12
9455,904,18,2025-03-11,2,75.18,8
9456,1436,3,2025-08-19,3,150.3,33
9457,847,17,2025-03-18,1,23.88,6
9458,1951,9,2023-09-27,3,67.8,40
9459,1985,9,2026-01-29,4,90.4,19
9460,464,10,2024-10-09,5,260.75,31
9461,1186,38,2025-05-18,5,98.15,37
9462,839,46,2024-09-16,4,127.08,20
9463,630,39,2026-04-10,4,208.88,17
9464,1227,9,2025-11-07,1,22.6,1
9465,1954,40,2025-07-29,4,134.52,21
9466,1986,28,2024-01-11,1,53.13,24
9467,214,31,2024-04-16,3,52.98,39
9468,458,24,2025-03-05,3,75.81,16
9469,1147,19,2024-06-23,3,153.99,36
9470,1168,36,2025-10-22,4,133.16,17
9471,997,11,2025-12-10,5,69.95,38
9472,950,8,2025-01-03,2,35.86,11
9473,1269,19,2026-05-13,5,256.65,31
9474,966,11,2024-07-21,4,55.96,28
9475,1004,1,2024-10-30,1,51.77,11
9476,357,16,2023-09-30,2,114.5,1
9477,1904,38,2024-10-04,1,19.63,6
9478,514,48,2025-09-11,1,14.27,18
9479,1452,41,2023-12-27,3,171.93,24
9480,945,38,2026-01-13,2,39.26,19
9481,24,32,2025-03-12,3,93.15,39
9482,926,49,2026-01-13,4,176.72,25
9483,1487,12,2024-08-31,1,20.66,9
9484,1599,15,2023-11-29,5,175.1,13
9485,1917,9,2024-10-08,5,113.0,31
9486,952,8,2025-06-11,5,89.65,16
9487,821,2,2025-04-21,3,161.22,28
9488,1561,1,2023-09-17,3,155.31,5
9489,84,48,2026-09-04,3,42.81,25
9490,558,22,2026-05-25,2,74.64,35
9491,1566,49,2024-09-22,1,44.18,29
9492,1036,3,2026-05-02,4,200.4,16
9493,1091,23,2026-04-25,2,61.04,18
9494,534,44,2023-11-02,4,92.44,31
9495,1688,28,2025-08-31,3,159.39,29
9496,839,18,2026-02-16,3,112.77,3
9497,1404,11,2025-05-17,4,55.96,36
9498,1072,42,2024-06-20,5,132.05,8
9499,1296,18,2024-06-05,1,37.59,4
9500,668,17,2026-05-23,3,71.64,21
9501,839,40,2024-04-23,5,168.15,6
9502,917,36,2025-11-30,3,99.87,3
9503,1072,9,2024-11-04,2,45.2,5
9504,736,46,2024-10-04,4,127.08,36
9505,593,42,2025-11-14,4,105.64,21
9506,1724,22,2024-05-17,3,111.96,14
9507,231,43,2026-02-15,3,142.83,10
9508,4,21,2024-04-11,5,64.2,22
9509,438,37,2026-03-27,4,72.08,8
9510,485,17,2023-10-10,4,95.52,12
9511,623,29,2025-02-15,4,161.2,9
9512,1147,39,2024-04-23,2,104.44,35
9513,1283,31,2024-02-25,1,17.66,27
9514,4,37,2023-09-26,2,36.04,11
9515,1305,19,2025-01-07,3,153.99,16
9516,1954,25,2024-07-21,5,172.65,7
9517,165,40,2024-05-24,2,67.26,9
9518,999,6,2024-05-23,5,113.25,20
9519,1185,27,2024-08-11,5,112.5,8
9520,1153,41,2026-06-21,2,114.62,10
9521,350,1,2024-10-25,4,207.08,20
9522,948,20,2024-11-08,3,135.51,35
9523,665,41,2023-11-08,2,114.62,34
9524,362,15,2025-09-16,1,35.02,8
9525,734,45,2025-02-21,4,180.28,31
9526,1460,2,2023-11-16,1,53.74,6
9527,894,28,2024-09-26,4,212.52,22
9528,1541,4,2025-05-09,3,143.46,14
9529,699,45,2025-07-31,1,45.07,16
9530,45,46,2024-12-04,1,31.77,36
9531,1791,19,2024-12-30,1,51.33,38
9532,1367,22,2025-12-28,4,149.28,26
9533,1834,18,2024-02-12,4,150.36,23
9534,1522,20,2025-06-05,3,135.51,17
9535,1607,10,2024-07-10,1,52.15,16
9536,1120,8,2024-02-23,4,71.72,8
9537,1006,12,2026-03-08,3,61.98,16
9538,279,11,2025-03-05,2,27.98,22
9539,39,6,2025-12-28,5,113.25,19
9540,923,26,2026-06-26,5,273.2,19
9541,302,33,2024-12-22,3,71.46,3
9542,618,1,2023-11-19,2,103.54,28
9543,1872,50,2025-10-22,1,18.78,18
9544,1615,8,2025-07-18,1,17.93,12
9545,614,34,2025-09-24,4,147.56,27
9546,1838,50,2023-12-22,2,37.56,17
9547,288,14,2024-10-16,5,261.45,9
9548,1317,12,2024-07-17,3,61.98,17
9549,1035,39,2025-07-29,3,156.66,14
9550,1216,1,2024-06-02,5,258.85,2
9551,839,18,2024-04-18,5,187.95,19
9552,653,25,2026-01-17,5,172.65,2
9553,1935,29,2023-12-09,2,80.6,17
9554,756,42,2023-12-25,3,79.23,36
9555,1447,20,2026-03-18,5,225.85,39
9556,329,36,2025-08-19,4,133.16,11
9557,1784,37,2026-01-09,2,36.04,17
9558,338,40,2025-02-07,2,67.26,1
9559,535,40,2024-11-15,2,67.26,36
9560,1886,6,2025-03-21,4,90.6,26
9561,412,33,2024-03-19,2,47.64,27
9562,1572,40,2024-05-29,4,134.52,25
9563,1000,41,2024-08-22,2,114.62,4
9564,1805,14,2025-09-13,3,156.87,37
9565,1460,42,2026-01-15,1,26.41,1
9566,1149,46,2026-07-31,2,63.54,38
9567,1425,35,2024-11-09,4,63.76,26
9568,1391,23,2025-09-14,1,30.52,8
9569,535,27,2025-01-15,2,45.0,15
9570,962,29,2024-08-27,3,120.9,31
9571,1779,50,2024-05-05,1,18.78,22
9572,699,49,2025-01-25,3,132.54,33
9573,519,41,2026-02-01,5,286.55,32
9574,432,26,2025-12-11,1,54.64,36
9575,1967,47,2024-10-18,4,201.08,18
9576,135,11,2024-07-06,5,69.95,23
9577,1558,40,2024-01-12,5,168.15,10
9578,1981,31,2024-06-01,2,35.32,21
9579,304,30,2025-06-16,1,44.18,22
9580,568,12,2025-11-15,2,41.32,7
9581,779,4,2026-03-28,3,143.46,7
9582,1805,18,2024-10-08,1,37.59,26
9583,1649,17,2024-02-04,2,47.76,10
9584,1463,45,2025-03-31,4,180.28,2
9585,344,4,2023-10-20,1,47.82,21
9586,1562,44,2024-04-07,1,23.11,16
9587,296,26,2024-04-22,5,273.2,33
9588,1127,22,2026-01-16,5,186.6,16
9589,1475,42,2024-04-19,5,132.05,26
9590,1555,13,2024-04-01,4,69.84,11
9591,121,43,2025-07-30,4,190.44,21
9592,1013,18,2024-01-30,4,150.36,8
9593,1250,42,2024-11-26,2,52.82,5
9594,762,21,2024-02-21,1,12.84,9
9595,919,11,2025-04-26,1,13.99,10
9596,1318,27,2023-11-27,5,112.5,10
9597,1238,6,2026-04-07,2,45.3,7
9598,1592,39,2026-09-08,5,261.1,23
9599,613,36,2024-11-02,1,33.29,35
9600,1605,31,2025-09-14,5,88.3,39
9601,47,1,2026-02-09,4,207.08,27
9602,792,20,2025-02-26,2,90.34,27
9603,143,41,2025-06-29,5,286.55,28
9604,1840,17,2025-09-28,5,119.4,20
9605,637,28,2025-02-19,1,53.13,34
9606,816,48,2025-02-14,1,14.27,8
9607,640,29,2026-08-11,4,161.2,33
9608,1789,45,2024-04-04,4,180.28,27
9609,899,3,2025-06-20,5,250.5,18
9610,1387,2,2024-05-06,2,107.48,10
9611,1897,9,2025-11-10,4,90.4,11
9612,1952,3,2025-10-25,4,200.4,18
9613,732,17,2025-11-13,2,47.76,3
9614,616,1,2024-08-10,4,207.08,15
9615,1299,7,2024-02-26,5,166.7,36
9616,772,34,2024-12-18,5,184.45,3
9617,1216,13,2025-09-12,1,17.46,7
9618,1209,13,2024-09-09,5,87.3,39
9619,348,13,2026-05-18,2,34.92,20
9620,1900,5,2026-05-10,1,54.23,15
9621,1435,10,2025-06-14,2,104.3,19
9622,518,24,2025-11-06,5,126.35,19
9623,177,50,2025-06-24,3,56.34,5
9624,1300,38,2025-10-26,3,58.89,20
9625,91,15,2025-06-30,1,35.02,30
9626,1511,29,2025-12-01,4,161.2,38
9627,467,48,2024-06-20,5,71.35,5
9628,145,18,2024-04-02,5,187.95,20
9629,1087,11,2025-10-14,3,41.97,25
9630,1258,7,2025-02-08,4,133.36,33
9631,1325,20,2026-07-27,4,180.68,22
9632,1055,19,2024-08-29,4,205.32,18
9633,1351,36,2025-06-07,5,166.45,12
9634,422,46,2026-07-05,5,158.85,36
9635,1315,9,2025-08-10,5,113.0,32
9636,1872,16,2025-10-28,3,171.75,29
9637,1511,5,2025-02-11,5,271.15,39
9638,1703,48,2024-11-09,5,71.35,24
9639,872,46,2024-12-27,2,63.54,10
9640,1792,43,2024-08-09,4,190.44,8
9641,251,32,2025-05-16,4,124.2,26
9642,1750,26,2025-03-16,1,54.64,10
9643,1764,5,2025-07-30,5,271.15,8
9644,304,42,2024-05-04,5,132.05,20
9645,1331,3,2026-08-28,1,50.1,32
9646,797,5,2024-03-07,5,271.15,6
9647,345,17,2026-06-10,4,95.52,8
9648,1909,1,2024-07-11,4,207.08,13
9649,1316,47,2023-12-22,2,100.54,36
9650,512,14,2024-09-19,4,209.16,35
9651,575,6,2026-07-04,1,22.65,2
9652,220,39,2024-06-12,4,208.88,7
9653,1314,17,2025-06-08,1,23.88,39
9654,1457,33,2024-07-15,3,71.46,26
9655,271,44,2026-02-05,5,115.55,40
9656,1246,6,2026-01-23,3,67.95,21
9657,33,23,2024-09-13,3,91.56,36
9658,593,41,2026-05-13,5,286.55,37
9659,1719,7,2026-03-05,3,100.02,6
9660,1518,13,2025-07-24,4,69.84,8
9661,1784,1,2025-11-18,4,207.08,21
9662,821,43,2025-06-30,5,238.05,24
9663,551,11,2025-03-23,4,55.96,16
9664,1680,41,2024-06-09,5,286.55,17
9665,1406,2,2024-10-22,5,268.7,32
9666,1780,24,2023-12-09,1,25.27,25
9667,24,8,2025-05-17,3,53.79,20
9668,352,44,2024-08-19,1,23.11,30
9669,385,46,2026-07-16,3,95.31,1
9670,1600,16,2024-11-01,3,171.75,9
9671,129,37,2023-12-05,2,36.04,11
9672,840,20,2025-03-19,4,180.68,28
9673,256,41,2024-03-17,2,114.62,12
9674,1580,39,2024-12-09,2,104.44,21
9675,1547,20,2024-11-21,2,90.34,40
9676,1137,6,2026-04-06,2,45.3,17
9677,1674,27,2023-10-18,2,45.0,7
9678,1997,28,2026-09-04,3,159.39,6
9679,1920,3,2025-01-13,1,50.1,38
9680,698,5,2024-08-02,1,54.23,4
9681,66,18,2025-02-17,4,150.36,6
9682,342,9,2025-09-01,1,22.6,26
9683,530,28,2024-02-15,1,53.13,7
9684,1790,21,2026-06-07,3,38.52,30
9685,857,25,2024-11-12,3,103.59,37
9686,1205,24,2024-02-05,2,50.54,9
9687,394,17,2025-06-12,3,71.64,32
9688,21,12,2026-08-30,2,41.32,22
9689,1736,16,2023-09-22,1,57.25,23
9690,11,22,2025-11-01,3,111.96,16
9691,1580,21,2024-12-11,2,25.68,15
9692,1687,3,2025-03-16,1,50.1,18
9693,88,19,2025-08-11,4,205.32,16
9694,248,4,2024-02-02,1,47.82,8
9695,1463,5,2023-10-12,1,54.23,8
9696,643,4,2025-06-22,2,95.64,1
9697,823,41,2023-11-21,3,171.93,21
9698,1898,4,2025-06-15,1,47.82,23
9699,398,33,2024-09-12,4,95.28,35
9700,741,14,2024-11-11,5,261.45,18
9701,315,42,2024-10-05,5,132.05,36
9702,1621,27,2025-07-10,1,22.5,32
9703,670,14,2024-12-31,4,209.16,40
9704,1383,13,2023-10-23,5,87.3,21
9705,1221,29,2024-08-24,5,201.5,33
9706,56,50,2024-10-12,3,56.34,6
9707,651,30,2026-07-12,2,88.36,18
9708,1084,38,2024-09-28,1,19.63,37
9709,1018,15,2025-05-20,2,70.04,12
9710,1299,29,2026-02-13,4,161.2,14
9711,1260,50,2024-09-25,2,37.56,26
9712,1036,27,2024-01-17,1,22.5,18
9713,1398,40,2024-03-14,5,168.15,18
9714,200,22,2026-02-20,2,74.64,35
9715,1309,22,2025-06-14,3,111.96,8
9716,545,31,2023-11-26,1,17.66,22
9717,1454,16,2024-01-08,2,114.5,34
9718,1449,13,2025-07-21,2,34.92,26
9719,492,28,2023-09-12,4,212.52,18
9720,225,2,2023-09-16,4,214.96,34
9721,1347,17,2025-07-04,4,95.52,6
9722,978,31,2025-11-20,3,52.98,27
9723,1291,48,2023-12-24,4,57.08,31
9724,1232,48,2025-09-28,4,57.08,22
9725,779,10,2026-06-27,1,52.15,32
9726,204,27,2023-11-15,3,67.5,32
9727,1387,46,2026-04-13,3,95.31,2
9728,237,46,2025-07-08,3,95.31,24
9729,446,39,2023-12-04,2,104.44,24
9730,1804,41,2026-08-09,5,286.55,38
9731,1684,34,2025-08-10,5,184.45,20
9732,566,6,2025-02-14,4,90.6,39
9733,794,10,2025-11-27,4,208.6,6
9734,268,39,2023-10-19,5,261.1,36
9735,1857,44,2024-05-23,2,46.22,30
9736,1893,10,2026-03-18,4,208.6,28
9737,493,9,2026-08-03,3,67.8,6
9738,166,21,2024-08-07,2,25.68,1
9739,136,49,2024-03-27,3,132.54,16
9740,876,6,2025-04-25,4,90.6,5
9741,109,47,2024-11-16,2,100.54,34
9742,72,20,2024-02-17,2,90.34,18
9743,452,46,2024-02-15,4,127.08,8
9744,414,48,2024-11-29,3,42.81,36
9745,509,32,2025-12-09,3,93.15,7
9746,301,49,2024-02-05,1,44.18,39
9747,1626,1,2024-10-02,1,51.77,25
9748,1187,38,2025-08-21,1,19.63,28
9749,752,24,2026-02-20,5,126.35,39
9750,688,13,2024-05-26,5,87.3,34
9751,81,46,2026-01-21,4,127.08,2
9752,271,47,2024-10-31,4,201.08,22
9753,1424,35,2024-09-23,5,79.7,17
9754,13,30,2026-03-09,5,220.9,16
9755,704,19,2024-11-24,3,153.99,32
9756,179,22,2025-10-22,5,186.6,14
9757,1824,36,2026-03-06,4,133.16,25
9758,900,15,2024-06-01,5,175.1,28
9759,142,44,2024-06-11,1,23.11,3
9760,614,46,2025-12-06,4,127.08,31
9761,216,28,2024-07-25,4,212.52,39
9762,1194,42,2025-07-31,5,132.05,7
9763,150,29,2024-12-18,5,201.5,26
9764,443,15,2026-04-29,1,35.02,32
9765,1385,11,2024-12-09,2,27.98,12
9766,56,2,2023-10-22,4,214.96,22
9767,519,47,2024-12-29,5,251.35,34
9768,1029,31,2024-10-03,5,88.3,29
9769,1411,40,2026-09-04,5,168.15,38
9770,1582,32,2024-10-29,2,62.1,1
9771,1048,14,2026-08-03,2,104.58,26
9772,1696,40,2025-10-19,5,168.15,31
9773,1608,24,2023-09-30,5,126.35,38
9774,1007,27,2025-06-27,2,45.0,12
9775,1041,37,2024-05-20,5,90.1,9
9776,429,26,2023-10-31,2,109.28,10
9777,2000,2,2024-06-08,3,161.22,19
9778,365,15,2025-10-15,3,105.06,26
9779,1817,23,2024-08-26,2,61.04,4
9780,543,11,2025-08-12,5,69.95,19
9781,486,27,2024-08-08,5,112.5,21
9782,1848,10,2023-10-05,1,52.15,29
9783,404,9,2024-09-13,1,22.6,17
9784,1740,25,2026-03-02,2,69.06,7
9785,618,9,2026-08-13,3,67.8,29
9786,1180,15,2024-11-12,5,175.1,22
9787,1680,40,2026-08-30,1,33.63,19
9788,776,14,2024-01-02,2,104.58,34
9789,922,42,2026-09-01,2,52.82,3
9790,1503,42,2026-07-30,2,52.82,20
9791,1727,29,2025-03-07,4,161.2,40
9792,202,41,2023-12-14,4,229.24,10
9793,686,11,2025-02-09,3,41.97,21
9794,1084,13,2026-06-23,5,87.3,5
9795,950,34,2025-11-23,4,147.56,8
9796,1585,10,2024-03-07,5,260.75,23
9797,1583,5,2025-02-21,4,216.92,7
9798,550,47,2026-05-05,4,201.08,10
9799,1617,45,2026-06-01,3,135.21,21
9800,1943,6,2025-03-06,3,67.95,13
9801,1233,11,2026-02-13,2,27.98,22
9802,713,50,2025-07-26,3,56.34,24
9803,35,13,2025-05-20,5,87.3,4
9804,1228,25,2025-11-05,1,34.53,33
9805,1683,6,2025-12-18,1,22.65,5
9806,1796,10,2026-02-02,2,104.3,35
9807,1661,36,2025-06-03,1,33.29,8
9808,1914,49,2025-11-16,5,220.9,10
9809,1954,48,2024-11-19,4,57.08,27
9810,1254,50,2026-06-01,3,56.34,21
9811,697,43,2026-07-25,5,238.05,12
9812,765,13,2026-07-24,4,69.84,31
9813,452,37,2023-11-30,4,72.08,31
9814,970,17,2026-06-01,5,119.4,28
9815,1167,44,2024-02-15,5,115.55,39
9816,1455,19,2024-04-13,2,102.66,30
9817,671,36,2023-09-19,1,33.29,21
9818,180,49,2025-01-26,3,132.54,23
9819,1056,38,2024-12-16,3,58.89,11
9820,1842,50,2024-04-29,1,18.78,12
9821,783,30,2025-04-02,4,176.72,15
9822,179,29,2025-11-28,1,40.3,10
9823,1745,15,2026-01-14,5,175.1,34
9824,351,22,2024-10-07,2,74.64,24
9825,1154,15,2025-07-21,2,70.04,32
9826,1612,24,2026-06-25,1,25.27,23
9827,1410,14,2024-08-08,3,156.87,39
9828,887,13,2024-01-09,4,69.84,1
9829,1700,17,2025-07-08,5,119.4,38
9830,1935,5,2024-01-21,1,54.23,4
9831,714,13,2025-10-23,5,87.3,25
9832,1907,46,2026-04-12,2,63.54,31
9833,1536,30,2025-01-17,4,176.72,6
9834,1360,38,2025-11-07,3,58.89,18
9835,873,35,2024-03-31,3,47.82,9
9836,159,3,2024-08-09,3,150.3,7
9837,198,27,2023-10-26,2,45.0,3
9838,1873,6,2025-12-01,1,22.65,24
9839,556,15,2025-08-15,1,35.02,12
9840,1252,50,2026-06-13,2,37.56,31
9841,844,6,2024-11-13,1,22.65,1
9842,1327,10,2025-01-05,1,52.15,33
9843,397,11,2024-01-12,4,55.96,32
9844,1414,17,2024-04-23,2,47.76,16
9845,1809,34,2026-02-02,4,147.56,36
9846,523,3,2024-07-20,1,50.1,14
9847,228,41,2025-01-30,3,171.93,18
9848,1539,23,2024-04-15,1,30.52,39
9849,18,37,2025-04-06,1,18.02,22
9850,448,14,2024-10-31,2,104.58,21
9851,1976,31,2024-03-15,2,35.32,16
9852,911,45,2025-09-10,1,45.07,2
9853,1054,44,2026-04-25,3,69.33,25
9854,1091,14,2025-05-20,4,209.16,13
9855,1913,46,2025-08-31,3,95.31,39
9856,1177,38,2024-02-09,5,98.15,18
9857,544,25,2026-02-04,1,34.53,34
9858,178,39,2024-05-08,5,261.1,36
9859,119,25,2025-06-21,2,69.06,17
9860,1965,19,2024-03-07,3,153.99,32
9861,1792,19,2025-04-08,2,102.66,40
9862,1509,15,2023-10-15,4,140.08,34
9863,167,23,2026-01-09,1,30.52,23
9864,259,37,2025-03-24,4,72.08,13
9865,775,19,2025-11-08,5,256.65,32
9866,1474,15,2025-12-25,3,105.06,17
9867,1141,21,2025-05-25,4,51.36,21
9868,626,50,2024-11-15,5,93.9,7
9869,1387,50,2026-04-02,1,18.78,39
9870,329,4,2023-12-16,2,95.64,27
9871,1441,12,2025-03-08,4,82.64,18
9872,1398,37,2026-08-23,1,18.02,6
9873,77,15,2024-01-05,3,105.06,23
9874,328,15,2026-05-07,2,70.04,37
9875,845,45,2025-08-29,2,90.14,31
9876,1912,42,2024-02-14,1,26.41,26
9877,336,46,2024-08-17,1,31.77,26
9878,949,34,2025-10-26,1,36.89,29
9879,1757,42,2024-06-18,3,79.23,27
9880,1329,18,2024-12-14,1,37.59,7
9881,1394,13,2024-06-19,1,17.46,38
9882,1525,45,2024-03-29,3,135.21,17
9883,909,2,2026-07-20,2,107.48,24
9884,942,36,2025-09-13,3,99.87,25
9885,1810,22,2023-09-23,5,186.6,31
9886,1313,29,2024-08-30,2,80.6,37
9887,1081,6,2024-05-29,1,22.65,4
9888,885,29,2025-03-03,2,80.6,11
9889,346,29,2024-05-16,5,201.5,20
9890,1599,13,2024-10-02,1,17.46,16
9891,383,44,2025-06-14,2,46.22,28
9892,836,38,2026-03-31,1,19.63,34
9893,114,36,2025-03-22,2,66.58,16
9894,713,34,2024-03-10,2,73.78,25
9895,1882,9,2026-02-15,4,90.4,11
9896,458,30,2025-02-14,3,132.54,4
9897,393,29,2025-03-23,2,80.6,19
9898,1348,6,2024-10-17,1,22.65,37
9899,1336,4,2026-03-26,5,239.1,2
9900,1758,50,2025-10-04,2,37.56,29
9901,1253,23,2024-09-28,5,152.6,36
9902,1204,40,2024-07-24,2,67.26,22
9903,399,35,2025-02-14,4,63.76,6
9904,726,32,2026-01-04,3,93.15,16
9905,402,40,2024-01-18,3,100.89,26
9906,1660,50,2023-12-28,1,18.78,4
9907,337,50,2025-02-18,3,56.34,20
9908,89,47,2024-08-01,2,100.54,23
9909,1107,39,2025-04-05,5,261.1,39
9910,806,35,2023-09-15,3,47.82,6
9911,1485,27,2023-09-26,1,22.5,5
9912,1107,4,2024-01-13,5,239.1,28
9913,1334,44,2023-12-26,1,23.11,25
9914,1290,44,2024-04-29,2,46.22,32
9915,1981,14,2025-12-04,2,104.58,9
9916,292,37,2024-07-23,3,54.06,15
9917,1785,17,2024-07-16,4,95.52,3
9918,73,13,2025-05-25,1,17.46,37
9919,1044,21,2025-07-02,4,51.36,26
9920,1731,23,2024-06-02,1,30.52,2
9921,238,45,2024-04-15,1,45.07,38
9922,1253,15,2025-11-13,1,35.02,20
9923,64,21,2025-12-27,2,25.68,23
9924,425,10,2025-05-02,1,52.15,40
9925,528,25,2024-01-22,4,138.12,14
9926,1342,15,2024-02-04,4,140.08,23
9927,354,44,2025-12-06,5,115.55,24
9928,897,31,2025-06-29,1,17.66,15
9929,1195,13,2025-08-01,5,87.3,19
9930,119,12,2025-10-18,4,82.64,28
9931,565,34,2026-01-17,2,73.78,9
9932,566,38,2026-04-28,1,19.63,13
9933,164,24,2024-01-25,3,75.81,4
9934,276,25,2024-08-09,5,172.65,11
9935,1819,8,2025-10-24,5,89.65,31
9936,647,30,2024-03-01,2,88.36,35
9937,931,4,2026-04-29,1,47.82,16
9938,10,13,2025-02-26,3,52.38,34
9939,1048,32,2024-07-05,2,62.1,3
9940,1968,43,2023-09-28,5,238.05,10
9941,1083,48,2024-11-30,5,71.35,29
9942,1737,26,2024-02-10,4,218.56,22
9943,559,31,2024-03-28,3,52.98,17
9944,542,40,2024-06-15,4,134.52,1
9945,689,10,2023-10-17,4,208.6,13
9946,1704,27,2025-01-07,3,67.5,34
9947,667,29,2024-05-10,1,40.3,6
9948,1448,2,2023-12-05,5,268.7,11
9949,863,7,2023-10-29,5,166.7,31
9950,118,36,2023-10-03,2,66.58,20
9951,1469,21,2023-10-22,2,25.68,18
9952,220,35,2025-09-19,1,15.94,14
9953,1147,34,2023-12-14,4,147.56,26
9954,73,27,2024-04-19,2,45.0,4
9955,745,8,2026-05-24,2,35.86,19
9956,771,42,2026-03-17,3,79.23,29
9957,992,28,2026-06-16,2,106.26,17
9958,547,33,2025-04-12,2,47.64,38
9959,688,15,2026-02-18,2,70.04,18
9960,1424,47,2024-07-04,4,201.08,7
9961,978,10,2025-06-17,2,104.3,27
9962,1169,8,2025-06-23,4,71.72,24
9963,1334,17,2026-05-25,2,47.76,17
9964,1635,46,2025-11-04,4,127.08,39
9965,101,41,2026-03-19,3,171.93,1
9966,225,5,2025-08-04,3,162.69,27
9967,1311,15,2024-02-27,5,175.1,27
9968,1052,35,2026-06-05,2,31.88,34
9969,1124,31,2026-08-24,5,88.3,3
9970,606,11,2025-05-23,1,13.99,29
9971,1867,16,2025-10-05,3,171.75,1
9972,1677,9,2026-07-12,1,22.6,25
9973,1095,31,2025-02-12,1,17.66,2
9974,129,4,2025-01-16,3,143.46,38
9975,549,4,2024-06-07,4,191.28,26
9976,1948,5,2024-01-03,4,216.92,26
9977,165,46,2024-10-09,2,63.54,13
9978,92,31,2026-06-10,3,52.98,34
9979,165,10,2024-03-26,2,104.3,13
9980,1218,36,2024-09-15,5,166.45,20
9981,1685,43,2026-05-29,3,142.83,40
9982,1180,48,2025-02-03,4,57.08,16
9983,278,25,2024-11-08,3,103.59,32
9984,1310,30,2025-02-28,2,88.36,22
9985,1646,49,2023-09-28,1,44.18,10
9986,1949,19,2024-12-23,5,256.65,1
9987,1116,16,2023-11-19,5,286.25,36
9988,1389,39,2025-10-23,5,261.1,36
9989,1205,18,2026-04-01,3,112.77,1
9990,1513,29,2025-12-13,5,201.5,39
9991,677,40,2025-09-04,1,33.63,24
9992,353,4,2024-07-08,3,143.46,22
9993,1108,41,2025-07-06,2,114.62,33
9994,157,11,2024-10-26,5,69.95,27
9995,398,11,2025-02-11,3,41.97,38
9996,1556,14,2024-11-23,3,156.87,25
9997,597,44,2025-04-20,3,69.33,6
9998,871,45,2024-01-14,5,225.35,37
9999,907,44,2025-07-27,2,46.22,2
10000,1280,22,2024-12-09,2,74.64,1
10001,892,45,2025-06-26,4,180.28,18
10002,1539,31,2024-08-27,2,35.32,32
10003,385,3,2024-07-06,2,100.2,1
10004,399,12,2024-02-17,1,20.66,4
10005,419,15,2026-05-09,3,105.06,7
10006,1891,44,2024-03-12,1,23.11,38
10007,1168,19,2024-07-06,4,205.32,14
10008,1450,18,2024-06-04,5,187.95,39
10009,61,36,2024-09-04,4,133.16,32
10010,520,50,2026-04-14,5,93.9,23
10011,1144,12,2025-09-05,5,103.3,14
10012,1816,32,2025-06-29,2,62.1,18
10013,1976,43,2025-07-06,2,95.22,20
10014,435,2,2026-01-13,1,53.74,20
10015,1760,45,2025-10-30,4,180.28,21
10016,1027,15,2024-04-04,1,35.02,3
10017,1054,45,2026-05-15,1,45.07,11
10018,1198,23,2024-11-21,4,122.08,8
10019,1361,11,2023-10-30,3,41.97,1
10020,1614,35,2025-07-27,2,31.88,24
10021,838,25,2024-04-02,2,69.06,15
10022,828,18,2026-05-13,3,112.77,25
10023,465,4,2024-09-16,3,143.46,6
10024,33,40,2023-09-18,3,100.89,22
10025,1076,45,2026-05-22,4,180.28,17
10026,599,29,2024-07-28,3,120.9,12
10027,2,4,2025-05-11,2,95.64,22
10028,479,46,2024-12-30,2,63.54,33
10029,1754,43,2023-11-11,2,95.22,21
10030,1226,27,2024-08-05,1,22.5,40
10031,677,42,2024-03-11,4,105.64,11
10032,851,20,2024-05-28,5,225.85,1
10033,1221,31,2024-01-02,5,88.3,27
10034,1584,30,2025-02-08,2,88.36,12
10035,170,50,2026-01-01,3,56.34,27
10036,143,22,2026-04-27,3,111.96,30
10037,921,43,2024-06-03,5,238.05,28
10038,896,3,2026-01-17,5,250.5,15
10039,1544,35,2024-06-18,4,63.76,34
10040,1815,11,2026-03-25,5,69.95,30
10041,602,30,2024-10-28,2,88.36,33
10042,214,36,2024-03-30,3,99.87,33
10043,1940,31,2025-07-01,3,52.98,29
10044,1171,42,2023-12-31,2,52.82,11
10045,516,37,2025-12-24,5,90.1,7
10046,233,17,2026-06-04,5,119.4,15
10047,1081,20,2025-05-25,2,90.34,9
10048,1360,35,2025-08-27,1,15.94,34
10049,271,31,2024-11-13,4,70.64,10
10050,52,29,2023-10-22,3,120.9,40
10051,120,3,2025-08-27,3,150.3,19
10052,1090,21,2024-06-04,5,64.2,30
10053,277,38,2026-07-28,5,98.15,26
10054,983,49,2025-12-02,2,88.36,7
10055,1823,48,2024-05-07,3,42.81,37
10056,1744,49,2026-01-28,4,176.72,31
10057,1070,36,2025-02-23,5,166.45,5
10058,1744,39,2024-12-15,4,208.88,3
10059,1622,50,2023-09-25,2,37.56,17
10060,1700,15,2024-09-23,4,140.08,1
10061,21,43,2024-02-19,5,238.05,35
10062,297,42,2025-10-24,2,52.82,25
10063,364,36,2023-12-25,5,166.45,12
10064,1982,15,2024-02-19,2,70.04,31
10065,1233,23,2025-01-11,1,30.52,34
10066,702,11,2023-11-18,4,55.96,22
10067,1056,17,2025-05-11,4,95.52,9
10068,1627,46,2026-02-04,1,31.77,3
10069,1948,12,2024-07-18,2,41.32,10
10070,710,22,2026-03-18,2,74.64,4
10071,161,23,2025-04-19,1,30.52,5
10072,1613,6,2026-04-30,4,90.6,11
10073,1622,39,2025-05-24,4,208.88,11
10074,1461,3,2026-07-06,1,50.1,26
10075,2000,27,2025-08-22,4,90.0,6
10076,429,14,2023-10-03,5,261.45,19
10077,711,35,2026-03-19,4,63.76,6
10078,771,23,2024-05-13,2,61.04,29
10079,83,27,2024-03-06,2,45.0,39
10080,662,43,2024-12-09,1,47.61,14
10081,1272,35,2025-02-18,1,15.94,38
10082,662,50,2026-05-18,2,37.56,14
10083,576,29,2026-07-21,2,80.6,17
10084,158,44,2025-04-11,4,92.44,9
10085,1990,27,2026-03-16,5,112.5,15
10086,1975,11,2025-02-23,4,55.96,18
10087,675,13,2024-12-22,1,17.46,6
10088,389,1,2025-07-27,5,258.85,6
10089,1173,37,2026-04-09,5,90.1,2
10090,1515,36,2025-03-30,3,99.87,30
10091,174,18,2026-03-01,3,112.77,14
10092,1189,9,2025-12-23,3,67.8,35
10093,1336,38,2025-05-07,5,98.15,40
10094,837,35,2024-05-05,5,79.7,30
10095,567,10,2026-06-29,3,156.45,23
10096,1878,4,2024-12-15,5,239.1,36
10097,1189,27,2025-08-06,1,22.5,32
10098,1032,42,2026-01-16,3,79.23,38
10099,2000,46,2024-03-15,4,127.08,8
10100,1967,23,2024-07-05,3,91.56,35
10101,1582,18,2025-11-29,5,187.95,21
10102,1615,8,2024-01-28,5,89.65,18
10103,1004,14,2024-10-07,5,261.45,17
10104,138,22,2026-03-21,3,111.96,3
10105,709,17,2024-02-20,2,47.76,26
10106,1276,31,2026-03-06,5,88.3,10
10107,28,41,2023-11-06,1,57.31,22
10108,1925,21,2026-01-23,3,38.52,39
10109,344,26,2024-01-14,5,273.2,32
10110,115,34,2026-07-06,3,110.67,6
10111,1252,29,2024-12-13,1,40.3,2
10112,825,46,2024-03-13,3,95.31,15
10113,398,11,2024-05-21,1,13.99,18
10114,1519,34,2026-02-20,4,147.56,18
10115,478,23,2026-07-04,2,61.04,5
10116,398,18,2024-02-18,1,37.59,5
10117,1082,35,2024-05-19,1,15.94,12
10118,1897,14,2024-03-01,3,156.87,31
10119,939,24,2024-08-31,3,75.81,34
10120,1012,2,2023-10-20,2,107.48,28
10121,1266,19,2023-12-20,5,256.65,31
10122,158,34,2025-01-15,4,147.56,12
10123,1763,23,2025-03-09,1,30.52,11
10124,514,35,2024-12-21,5,79.7,22
10125,1706,31,2026-04-25,5,88.3,28
10126,1230,46,2023-12-08,1,31.77,19
10127,571,13,2024-01-08,1,17.46,29
10128,980,5,2024-01-27,4,216.92,26
10129,407,10,2026-02-26,5,260.75,26
10130,995,46,2025-07-30,3,95.31,13
10131,1515,16,2025-06-14,5,286.25,25
10132,1522,32,2025-10-10,1,31.05,37
10133,1644,49,2025-10-17,3,132.54,40
10134,48,34,2024-11-17,5,184.45,34
10135,1339,17,2025-04-28,1,23.88,13
10136,1361,24,2024-04-28,2,50.54,36
10137,1183,25,2024-01-12,5,172.65,14
10138,1110,4,2025-02-02,5,239.1,22
10139,222,7,2026-03-05,4,133.36,39
10140,404,41,2025-07-08,2,114.62,25
10141,1434,42,2024-08-05,4,105.64,4
10142,1711,28,2025-06-13,4,212.52,12
10143,1448,11,2026-06-21,4,55.96,12
10144,1376,32,2024-09-28,1,31.05,19
10145,961,50,2024-03-01,1,18.78,18
10146,897,38,2025-02-21,4,78.52,35
10147,1939,39,2024-06-18,1,52.22,5
10148,1192,28,2024-07-16,4,212.52,2
10149,318,35,2024-05-01,5,79.7,13
10150,493,6,2026-08-28,4,90.6,3
10151,1985,49,2025-02-18,5,220.9,38
10152,1931,1,2025-10-06,5,258.85,8
10153,1582,17,2026-07-23,3,71.64,17
10154,1326,7,2025-08-30,4,133.36,25
10155,653,45,2026-04-06,1,45.07,11
10156,274,48,2023-12-28,3,42.81,15
10157,1224,41,2025-10-11,4,229.24,16
10158,680,3,2025-12-31,2,100.2,10
10159,696,19,2023-11-24,4,205.32,33
10160,1004,15,2025-04-22,1,35.02,31
10161,126,18,2025-09-06,3,112.77,24
10162,1231,36,2024-06-10,4,133.16,13
10163,1653,42,2026-02-24,5,132.05,31
10164,702,39,2025-08-25,3,156.66,37
10165,979,46,2025-10-31,2,63.54,17
10166,1525,1,2024-01-27,5,258.85,29
10167,506,29,2026-01-11,3,120.9,35
10168,961,50,2024-08-18,2,37.56,6
10169,991,22,2025-04-24,1,37.32,17
10170,1179,1,2025-09-23,5,258.85,16
10171,1721,37,2023-11-29,4,72.08,35
10172,1441,13,2026-02-14,2,34.92,20
10173,1816,3,2024-01-13,3,150.3,29
10174,834,2,2024-05-29,4,214.96,5
10175,8,38,2025-09-27,1,19.63,39
10176,1888,43,2025-05-24,5,238.05,40
10177,880,40,2024-11-12,3,100.89,32
10178,1865,16,2023-10-11,1,57.25,30
10179,1594,40,2023-10-04,2,67.26,3
10180,921,16,2024-04-05,4,229.0,35
10181,22,24,2025-09-30,5,126.35,39
10182,1797,17,2024-02-14,5,119.4,39
10183,525,48,2024-01-29,3,42.81,18
10184,117,20,2023-10-01,3,135.51,35
10185,656,37,2024-08-13,3,54.06,31
10186,719,29,2025-01-24,5,201.5,34
10187,702,39,2024-11-11,2,104.44,16
10188,1294,6,2024-09-03,2,45.3,27
10189,737,14,2024-04-20,3,156.87,5
10190,1887,34,2025-08-30,5,184.45,4
10191,1547,1,2023-11-22,4,207.08,28
10192,1230,29,2025-06-28,3,120.9,1
10193,1590,21,2024-10-01,1,12.84,40
10194,1158,49,2024-02-03,5,220.9,3
10195,1236,36,2024-02-26,2,66.58,21
10196,1230,17,2025-11-11,5,119.4,33
10197,1042,10,2025-09-11,2,104.3,31
10198,697,31,2025-05-19,2,35.32,34
10199,962,15,2025-12-22,5,175.1,1
10200,972,27,2026-08-15,3,67.5,12
10201,527,28,2025-11-12,4,212.52,20
10202,1753,42,2025-04-20,2,52.82,24
10203,21,11,2026-01-19,1,13.99,38
10204,1046,9,2024-09-02,2,45.2,24
10205,574,46,2026-07-27,5,158.85,37
10206,1643,42,2025-06-02,5,132.05,28
10207,1331,3,2025-11-27,5,250.5,33
10208,253,10,2025-10-26,1,52.15,26
10209,1685,7,2024-08-23,3,100.02,25
10210,735,4,2026-01-22,5,239.1,26
10211,1235,23,2024-01-15,2,61.04,36
10212,616,4,2024-04-26,4,191.28,23
10213,1689,22,2025-09-09,1,37.32,39
10214,1420,32,2026-08-01,4,124.2,13
10215,1008,24,2024-11-08,2,50.54,40
10216,1357,33,2024-08-20,1,23.82,29
10217,49,21,2024-01-10,1,12.84,37
10218,1918,18,2025-11-10,5,187.95,6
10219,1104,42,2024-10-06,1,26.41,6
10220,555,17,2023-12-13,4,95.52,5
10221,1238,19,2026-07-05,3,153.99,2
10222,1224,37,2025-01-19,5,90.1,21
10223,1350,20,2026-08-15,3,135.51,21
10224,1082,29,2026-05-26,5,201.5,39
10225,117,28,2026-08-28,4,212.52,6
10226,1508,12,2024-01-08,5,103.3,22
10227,232,50,2024-08-23,4,75.12,36
10228,1001,32,2025-10-19,2,62.1,14
10229,942,23,2023-11-11,3,91.56,12
10230,1680,35,2026-03-07,4,63.76,12
10231,921,16,2024-01-22,2,114.5,28
10232,1500,6,2025-12-19,5,113.25,9
10233,1232,6,2026-07-15,2,45.3,8
10234,1520,10,2024-04-05,5,260.75,10
10235,1104,9,2025-03-22,2,45.2,23
10236,1344,19,2023-11-18,1,51.33,7
10237,1436,26,2026-01-24,1,54.64,24
10238,1475,9,2025-10-15,3,67.8,36
10239,1989,45,2025-08-17,2,90.14,11
10240,730,14,2023-12-14,5,261.45,26
10241,961,48,2026-01-19,4,57.08,3
10242,787,11,2025-10-11,2,27.98,32
10243,175,42,2026-02-19,1,26.41,2
10244,437,49,2024-09-03,5,220.9,9
10245,1012,10,2025-03-11,4,208.6,32
10246,305,16,2026-08-14,3,171.75,3
10247,1824,33,2024-06-13,1,23.82,34
10248,1862,47,2025-03-08,4,201.08,16
10249,1332,7,2024-04-30,4,133.36,29
10250,129,24,2024-09-08,2,50.54,25
10251,64,12,2024-08-10,3,61.98,19
10252,1063,5,2024-03-19,3,162.69,39
10253,637,12,2026-06-06,5,103.3,10
10254,744,12,2025-09-10,5,103.3,39
10255,1772,26,2023-09-15,4,218.56,15
10256,1804,11,2023-10-02,4,55.96,17
10257,1368,20,2024-11-12,3,135.51,22
10258,1051,19,2026-02-14,5,256.65,34
10259,273,45,2024-02-10,3,135.21,10
10260,977,6,2024-06-15,2,45.3,25
10261,1879,9,2024-02-05,2,45.2,20
10262,266,25,2025-11-09,4,138.12,21
10263,918,10,2025-12-28,4,208.6,22
10264,289,30,2024-12-04,5,220.9,25
10265,1248,41,2024-04-23,5,286.55,28
10266,533,32,2023-10-07,4,124.2,3
10267,167,33,2024-01-15,1,23.82,28
10268,1584,9,2025-09-08,5,113.0,13
10269,799,16,2024-08-19,4,229.0,18
10270,372,11,2024-05-06,4,55.96,20
10271,712,48,2025-02-06,1,14.27,19
10272,51,46,2026-03-23,2,63.54,20
10273,1144,33,2025-08-08,1,23.82,39
10274,1989,16,2024-05-08,5,286.25,19
10275,249,28,2025-10-10,2,106.26,38
10276,496,3,2026-08-08,3,150.3,20
10277,1682,14,2023-12-28,3,156.87,10
10278,1500,47,2024-11-06,3,150.81,13
10279,980,34,2024-02-01,3,110.67,2
10280,1136,47,2024-03-26,4,201.08,14
10281,1394,14,2024-04-28,1,52.29,21
10282,1752,2,2026-06-14,4,214.96,18
10283,253,22,2024-07-23,2,74.64,1
10284,1516,23,2024-11-19,1,30.52,31
10285,746,38,2025-10-24,3,58.89,25
10286,1656,20,2023-12-07,2,90.34,35
10287,1007,27,2025-12-10,1,22.5,15
10288,179,16,2024-12-07,4,229.0,20
10289,487,29,2025-12-26,2,80.6,1
10290,1225,38,2023-12-07,4,78.52,3
10291,1922,20,2024-04-07,4,180.68,24
10292,1262,46,2025-12-27,1,31.77,34
10293,1098,18,2025-02-03,2,75.18,2
10294,197,1,2023-09-24,3,155.31,33
10295,962,31,2023-09-26,4,70.64,31
10296,1914,20,2025-04-28,4,180.68,2
10297,807,2,2025-05-05,2,107.48,32
10298,1579,20,2025-07-10,1,45.17,11
10299,1861,22,2024-10-05,4,149.28,10
10300,659,14,2024-09-13,5,261.45,32
10301,1644,23,2024-11-01,4,122.08,14
10302,562,23,2024-07-17,1,30.52,10
10303,1438,32,2025-12-21,2,62.1,39
10304,1335,24,2025-01-02,4,101.08,40
10305,1771,35,2024-11-12,4,63.76,32
10306,130,25,2025-02-10,3,103.59,13
10307,577,44,2025-03-30,2,46.22,16
10308,122,26,2024-09-17,4,218.56,17
10309,1474,18,2025-05-19,3,112.77,19
10310,1862,21,2025-06-06,1,12.84,7
10311,1027,50,2026-06-03,5,93.9,34
10312,677,40,2026-06-22,4,134.52,12
10313,697,26,2024-11-13,3,163.92,38
10314,1088,13,2025-06-26,4,69.84,15
10315,725,33,2024-04-28,1,23.82,14
10316,27,47,2023-09-20,4,201.08,19
10317,797,40,2024-03-05,5,168.15,33
10318,1417,6,2025-12-19,4,90.6,36
10319,371,8,2026-02-02,3,53.79,16
10320,1336,18,2026-04-25,4,150.36,17
10321,1314,2,2024-07-10,2,107.48,32
10322,841,4,2026-04-06,4,191.28,25
10323,881,23,2025-02-23,4,122.08,3
10324,91,34,2025-11-21,3,110.67,18
10325,1814,48,2025-09-27,3,42.81,23
10326,1140,35,2024-10-24,2,31.88,5
10327,1669,12,2026-01-08,5,103.3,26
10328,1734,50,2026-09-06,5,93.9,6
10329,1785,36,2024-08-09,1,33.29,24
10330,860,24,2026-08-23,2,50.54,2
10331,1545,28,2026-09-07,2,106.26,38
10332,305,10,2023-10-13,3,156.45,32
10333,401,50,2023-10-17,1,18.78,2
10334,1975,8,2025-10-20,1,17.93,19
10335,736,31,2024-08-15,1,17.66,30
10336,766,19,2026-06-27,2,102.66,40
10337,5,46,2025-08-07,1,31.77,4
10338,1644,29,2024-06-11,5,201.5,37
10339,1389,10,2026-02-08,3,156.45,17
10340,1382,43,2024-01-13,2,95.22,23
10341,1377,49,2025-12-20,4,176.72,3
10342,682,13,2026-06-15,4,69.84,37
10343,632,26,2024-03-22,2,109.28,24
10344,1701,1,2024-06-13,4,207.08,33
10345,1970,29,2025-06-11,5,201.5,19
10346,617,41,2026-01-15,1,57.31,5
10347,1021,34,2026-01-23,2,73.78,39
10348,624,6,2025-05-04,1,22.65,33
10349,76,28,2024-02-15,1,53.13,6
10350,257,8,2025-02-03,3,53.79,26
10351,183,25,2026-07-28,2,69.06,11
10352,1474,43,2024-02-28,3,142.83,15
10353,1408,34,2023-10-27,1,36.89,17
10354,1067,27,2024-12-14,4,90.0,25
10355,657,26,2025-04-22,1,54.64,30
10356,166,41,2024-01-16,4,229.24,19
10357,307,48,2026-02-25,3,42.81,39
10358,626,3,2026-06-17,2,100.2,19
10359,462,14,2025-11-20,5,261.45,28
10360,1158,50,2024-01-23,5,93.9,21
10361,1646,26,2023-11-11,5,273.2,10
10362,1157,2,2024-11-10,3,161.22,15
10363,898,25,2026-04-10,1,34.53,35
10364,909,37,2024-06-04,3,54.06,23
10365,934,44,2026-08-09,4,92.44,35
10366,977,36,2023-11-19,5,166.45,30
10367,1633,17,2023-11-28,2,47.76,5
10368,961,17,2024-02-13,5,119.4,29
10369,1966,46,2026-05-30,1,31.77,12
10370,448,36,2024-04-12,5,166.45,16
10371,1485,38,2023-11-07,5,98.15,35
10372,816,2,2024-09-26,4,214.96,31
10373,823,26,2025-05-29,1,54.64,4
10374,959,42,2026-05-19,3,79.23,20
10375,305,36,2025-10-08,1,33.29,23
10376,1608,34,2024-05-25,5,184.45,11
10377,1623,41,2025-08-13,3,171.93,32
10378,328,1,2025-11-30,5,258.85,6
10379,1951,9,2024-05-05,1,22.6,17
10380,430,17,2025-01-01,5,119.4,2
10381,1075,38,2024-06-15,3,58.89,4
10382,630,41,2024-11-04,5,286.55,2
10383,1137,42,2026-02-20,4,105.64,29
10384,1809,48,2025-12-15,3,42.81,13
10385,1491,43,2024-04-19,3,142.83,33
10386,1724,2,2025-05-15,5,268.7,6
10387,387,47,2025-12-09,2,100.54,40
10388,968,2,2024-02-15,3,161.22,7
10389,1948,49,2024-06-01,2,88.36,22
10390,235,46,2024-10-14,4,127.08,6
10391,1705,26,2025-02-21,2,109.28,1
10392,1921,26,2025-09-13,1,54.64,31
10393,292,46,2024-08-31,5,158.85,7
10394,1834,5,2025-05-24,2,108.46,17
10395,1469,26,2023-12-16,2,109.28,19
10396,149,7,2025-04-01,2,66.68,4
10397,250,33,2024-01-05,2,47.64,26
10398,1618,1,2025-08-09,4,207.08,32
10399,125,36,2026-01-23,4,133.16,20
10400,1830,49,2024-03-11,5,220.9,9
10401,385,32,2024-07-10,2,62.1,17
10402,1151,23,2024-07-21,1,30.52,10
10403,1253,16,2024-08-23,3,171.75,26
10404,388,26,2026-01-24,2,109.28,22
10405,1147,25,2024-06-30,5,172.65,23
10406,1090,42,2024-05-08,1,26.41,29
10407,388,29,2026-06-20,3,120.9,30
10408,145,22,2024-02-17,3,111.96,35
10409,264,24,2025-09-28,1,25.27,38
10410,367,10,2024-11-14,4,208.6,18
10411,1334,30,2026-08-12,4,176.72,16
10412,1140,27,2026-07-19,5,112.5,5
10413,533,36,2024-01-22,1,33.29,7
10414,1966,44,2026-02-18,5,115.55,20
10415,341,1,2025-07-26,3,155.31,24
10416,23,39,2024-04-14,1,52.22,32
10417,653,40,2025-01-29,5,168.15,21
10418,689,37,2024-12-13,5,90.1,19
10419,1173,36,2025-04-24,1,33.29,35
10420,1017,45,2026-01-21,5,225.35,32
10421,1989,10,2024-12-24,4,208.6,22
10422,1545,14,2024-06-04,5,261.45,4
10423,457,20,2024-09-30,5,225.85,4
10424,1036,5,2026-05-03,2,108.46,9
10425,196,11,2023-11-04,2,27.98,4
10426,1379,29,2024-03-29,3,120.9,8
10427,428,36,2024-02-05,4,133.16,23
10428,708,22,2025-02-20,3,111.96,32
10429,483,24,2025-03-25,5,126.35,32
10430,71,50,2024-05-14,5,93.9,10
10431,377,2,2023-09-18,5,268.7,29
10432,1964,3,2026-05-24,5,250.5,29
10433,1057,14,2025-04-12,3,156.87,4
10434,1653,17,2024-05-12,3,71.64,21
10435,528,23,2025-12-24,5,152.6,32
10436,903,5,2026-08-29,2,108.46,10
10437,537,37,2025-10-12,3,54.06,39
10438,152,29,2025-02-01,4,161.2,27
10439,1149,25,2025-01-22,3,103.59,29
10440,1632,25,2025-06-28,4,138.12,4
10441,1420,7,2024-09-11,2,66.68,12
10442,284,43,2025-08-01,1,47.61,32
10443,47,13,2026-04-21,3,52.38,28
10444,1575,16,2026-05-03,1,57.25,22
10445,1861,4,2024-08-17,3,143.46,19
10446,1949,34,2023-09-13,4,147.56,19
10447,415,50,2026-07-06,5,93.9,4
10448,396,45,2023-10-14,5,225.35,33
10449,1357,33,2025-02-09,2,47.64,29
10450,462,8,2026-09-03,5,89.65,32
10451,1042,17,2024-10-14,2,47.76,2
10452,1847,25,2025-09-20,5,172.65,10
10453,1375,15,2026-03-16,1,35.02,34
10454,1516,12,2025-12-05,5,103.3,20
10455,801,39,2026-06-01,1,52.22,3
10456,1612,22,2025-01-14,5,186.6,4
10457,1325,31,2023-11-25,4,70.64,25
10458,1400,37,2026-08-13,1,18.02,40
10459,1233,5,2024-11-07,2,108.46,13
10460,1936,28,2026-05-29,1,53.13,10
10461,1727,26,2025-07-19,1,54.64,20
10462,1154,23,2025-12-20,5,152.6,28
10463,1121,21,2024-04-12,3,38.52,17
10464,1670,31,2026-08-11,4,70.64,31
10465,1324,31,2025-11-18,3,52.98,18
10466,356,48,2024-02-15,3,42.81,28
10467,170,28,2024-01-24,2,106.26,20
10468,578,15,2025-03-06,1,35.02,35
10469,1356,50,2026-01-23,3,56.34,36
10470,1339,1,2024-10-26,1,51.77,24
10471,183,8,2024-11-19,5,89.65,24
10472,1246,5,2025-06-09,1,54.23,23
10473,522,27,2025-11-26,2,45.0,13
10474,749,8,2025-10-23,1,17.93,11
10475,221,30,2026-09-01,4,176.72,21
10476,369,3,2025-05-19,2,100.2,30
10477,879,39,2023-11-20,1,52.22,8
10478,1492,7,2024-01-27,4,133.36,3
10479,1275,23,2025-04-22,4,122.08,28
10480,822,1,2024-05-23,2,103.54,40
10481,90,48,2025-10-12,5,71.35,30
10482,1266,40,2024-02-08,5,168.15,18
10483,1402,34,2025-08-13,3,110.67,32
10484,165,22,2025-05-10,5,186.6,17
10485,651,40,2024-01-30,5,168.15,13
10486,1621,22,2025-05-12,5,186.6,11
10487,1440,39,2026-02-02,1,52.22,5
10488,1760,48,2025-04-15,1,14.27,14
10489,1046,28,2025-07-04,4,212.52,35
10490,1461,2,2024-07-28,1,53.74,33
10491,1921,45,2024-10-17,2,90.14,35
10492,886,18,2025-04-16,4,150.36,26
10493,310,47,2024-06-08,5,251.35,6
10494,325,32,2023-12-20,2,62.1,22
10495,963,12,2023-11-11,1,20.66,24
10496,1634,49,2025-03-24,3,132.54,30
10497,1821,42,2025-09-06,4,105.64,18
10498,266,28,2026-01-26,2,106.26,9
10499,625,47,2026-08-17,4,201.08,31
10500,1410,8,2023-10-22,4,71.72,11
10501,85,21,2025-05-15,4,51.36,28
10502,1427,41,2026-03-24,2,114.62,2
10503,1266,15,2025-03-25,3,105.06,33
10504,77,37,2024-05-10,1,18.02,17
10505,1949,11,2024-10-14,4,55.96,30
10506,1751,35,2024-02-11,5,79.7,31
10507,1696,29,2025-02-14,5,201.5,4
10508,1901,31,2026-06-04,1,17.66,8
10509,154,26,2024-11-07,2,109.28,25
10510,1971,7,2024-07-11,5,166.7,1
10511,1217,29,2025-03-06,3,120.9,4
10512,1328,42,2024-05-29,1,26.41,11
10513,1621,41,2025-03-22,2,114.62,22
10514,1458,18,2024-10-03,1,37.59,5
10515,573,18,2024-05-08,1,37.59,34
10516,1322,1,2026-09-08,2,103.54,26
10517,1179,10,2024-11-05,3,156.45,38
10518,1716,44,2024-07-05,2,46.22,23
10519,543,47,2025-03-31,4,201.08,33
10520,329,22,2025-03-27,2,74.64,6
10521,1853,4,2023-10-13,2,95.64,2
10522,121,28,2026-05-16,5,265.65,15
10523,169,45,2025-07-22,3,135.21,36
10524,993,45,2025-07-08,3,135.21,2
10525,1789,42,2023-09-26,2,52.82,2
10526,549,4,2026-05-04,1,47.82,18
10527,1897,13,2023-09-16,4,69.84,2
10528,1110,7,2025-09-18,5,166.7,21
10529,209,19,2024-05-18,2,102.66,29
10530,1709,4,2024-01-28,3,143.46,14
10531,1096,40,2024-07-18,1,33.63,8
10532,1946,38,2024-02-04,5,98.15,7
10533,1567,36,2024-11-11,3,99.87,14
10534,588,7,2024-03-24,2,66.68,35
10535,996,14,2024-07-19,2,104.58,5
10536,666,47,2025-08-30,5,251.35,20
10537,172,42,2026-08-20,3,79.23,37
10538,1942,33,2024-10-14,3,71.46,38
10539,411,35,2025-07-26,2,31.88,33
10540,1186,4,2023-09-23,4,191.28,39
10541,1491,10,2025-04-29,1,52.15,3
10542,1832,47,2025-12-07,5,251.35,32
10543,1829,2,2026-07-21,3,161.22,1
10544,1360,40,2026-01-13,5,168.15,39
10545,362,32,2024-09-10,1,31.05,38
10546,731,6,2024-01-25,4,90.6,36
10547,517,21,2024-10-02,2,25.68,34
10548,1396,26,2024-01-16,3,163.92,1
10549,724,3,2025-02-13,4,200.4,7
10550,88,19,2024-12-16,1,51.33,7
10551,193,6,2023-10-02,2,45.3,34
10552,1653,28,2023-12-20,2,106.26,22
10553,1932,3,2025-12-14,5,250.5,8
10554,136,14,2024-03-30,1,52.29,39
10555,1741,22,2026-04-03,3,111.96,7
10556,40,27,2024-12-06,1,22.5,8
10557,56,8,2024-01-13,5,89.65,10
10558,1853,14,2025-08-21,3,156.87,40
10559,704,15,2024-11-16,2,70.04,5
10560,297,45,2026-04-06,4,180.28,10
10561,1207,14,2024-04-13,2,104.58,20
10562,90,26,2025-10-18,5,273.2,19
10563,165,6,2026-08-16,4,90.6,15
10564,1836,47,2024-05-22,1,50.27,8
10565,1717,27,2023-09-16,3,67.5,24
10566,1710,29,2024-12-07,1,40.3,8
10567,703,3,2025-04-19,4,200.4,10
10568,680,3,2024-12-18,3,150.3,2
10569,610,20,2024-09-19,3,135.51,35
10570,1476,24,2024-06-06,5,126.35,39
10571,759,50,2024-02-06,3,56.34,31
10572,1313,31,2025-10-07,3,52.98,21
10573,503,27,2024-03-05,3,67.5,22
10574,1096,45,2023-11-06,1,45.07,32
10575,850,8,2025-07-11,1,17.93,2
10576,457,11,2026-09-05,1,13.99,3
10577,1150,25,2025-01-05,5,172.65,23
10578,982,45,2023-12-20,3,135.21,4
10579,300,30,2023-09-30,3,132.54,20
10580,853,46,2025-04-06,4,127.08,21
10581,909,46,2024-03-27,2,63.54,18
10582,1380,4,2024-12-11,1,47.82,25
10583,294,46,2025-06-05,3,95.31,35
10584,1792,47,2025-08-30,3,150.81,10
10585,1356,35,2023-11-15,2,31.88,22
10586,250,29,2026-01-28,2,80.6,21
10587,124,3,2026-01-03,2,100.2,40
10588,1124,11,2026-04-27,1,13.99,36
10589,932,10,2025-02-14,2,104.3,2
10590,208,47,2023-12-26,3,150.81,3
10591,1515,34,2024-03-01,5,184.45,38
10592,591,18,2024-09-12,2,75.18,38
10593,1299,14,2023-09-17,5,261.45,28
10594,1051,16,2026-08-04,1,57.25,32
10595,1524,34,2025-03-21,5,184.45,27
10596,631,50,2023-12-06,5,93.9,1
10597,1510,3,2025-02-13,3,150.3,26
10598,1466,45,2024-01-17,3,135.21,33
10599,917,43,2026-02-22,5,238.05,31
10600,1960,8,2025-10-13,3,53.79,29
10601,1556,47,2025-08-09,2,100.54,16
10602,1034,13,2023-10-11,1,17.46,27
10603,664,4,2024-05-14,3,143.46,31
10604,1749,36,2025-09-13,1,33.29,4
10605,1808,20,2023-10-30,5,225.85,38
10606,157,21,2025-10-27,3,38.52,20
10607,1795,34,2024-01-25,5,184.45,27
10608,765,44,2026-03-14,4,92.44,11
10609,1840,45,2023-10-11,2,90.14,35
10610,894,9,2026-09-05,3,67.8,22
10611,1377,50,2024-04-09,1,18.78,38
10612,1382,49,2024-04-22,1,44.18,9
10613,168,5,2023-10-11,3,162.69,3
10614,360,12,2025-07-04,4,82.64,11
10615,270,19,2026-03-03,4,205.32,25
10616,947,46,2024-09-06,1,31.77,10
10617,1970,4,2026-08-15,4,191.28,21
10618,866,41,2025-03-03,4,229.24,36
10619,1111,35,2024-06-15,5,79.7,25
10620,1222,42,2024-08-19,4,105.64,18
10621,481,16,2026-05-26,2,114.5,34
10622,576,26,2024-03-03,2,109.28,27
10623,1857,27,2024-08-02,3,67.5,14
10624,755,24,2025-08-21,3,75.81,2
10625,754,25,2023-10-11,2,69.06,28
10626,773,36,2023-09-24,2,66.58,14
10627,116,24,2024-07-02,4,101.08,13
10628,1386,32,2024-02-16,5,155.25,28
10629,1065,35,2024-12-13,2,31.88,20
10630,1100,35,2026-05-19,3,47.82,19
10631,1713,30,2026-05-18,5,220.9,12
10632,1024,12,2025-01-18,3,61.98,32
10633,1639,7,2025-11-18,3,100.02,5
10634,874,3,2026-02-04,1,50.1,14
10635,1666,7,2025-08-05,2,66.68,26
10636,1088,4,2023-12-29,2,95.64,26
10637,2,42,2024-05-03,4,105.64,2
10638,1489,38,2025-10-24,2,39.26,22
10639,1743,24,2026-07-28,4,101.08,20
10640,1112,29,2024-02-12,1,40.3,9
10641,146,19,2024-08-14,4,205.32,39
10642,1503,23,2024-09-29,2,61.04,13
10643,380,35,2024-01-01,1,15.94,32
10644,1144,35,2024-11-10,5,79.7,20
10645,1401,2,2025-08-13,3,161.22,5
10646,149,39,2025-09-30,4,208.88,13
10647,123,40,2026-03-03,4,134.52,38
10648,245,23,2024-04-20,5,152.6,5
10649,706,47,2024-05-03,5,251.35,2
10650,466,34,2025-11-21,4,147.56,36
10651,1772,17,2024-07-18,1,23.88,36
10652,606,20,2023-10-21,3,135.51,26
10653,141,38,2025-02-22,1,19.63,15
10654,1638,13,2024-10-23,5,87.3,16
10655,1566,47,2024-04-17,1,50.27,10
10656,650,49,2025-04-03,5,220.9,21
10657,1706,22,2024-01-17,4,149.28,4
10658,1943,4,2024-11-08,2,95.64,21
10659,584,1,2023-10-25,5,258.85,37
10660,174,49,2024-03-28,1,44.18,5
10661,1830,43,2024-07-20,2,95.22,29
10662,1297,27,2024-07-30,3,67.5,15
10663,846,49,2026-08-20,2,88.36,12
10664,171,15,2026-02-20,3,105.06,9
10665,831,5,2025-06-10,5,271.15,25
10666,1127,46,2024-05-18,4,127.08,10
10667,799,11,2024-12-10,4,55.96,9
10668,575,37,2025-10-12,3,54.06,13
10669,481,18,2024-06-07,4,150.36,3
10670,1991,41,2025-09-03,4,229.24,40
10671,1071,35,2025-01-13,4,63.76,28
10672,1847,41,2024-03-08,4,229.24,36
10673,1077,33,2024-10-26,5,119.1,24
10674,581,10,2026-03-30,5,260.75,7
10675,1741,24,2026-02-11,4,101.08,18
10676,1905,25,2023-09-13,4,138.12,12
10677,1259,47,2025-09-03,5,251.35,35
10678,985,45,2025-12-09,4,180.28,29
10679,340,48,2024-09-25,1,14.27,22
10680,1883,37,2025-07-19,3,54.06,19
10681,1059,5,2025-05-16,4,216.92,31
10682,512,1,2025-03-02,1,51.77,7
10683,166,45,2024-07-19,1,45.07,11
10684,1710,44,2024-07-18,1,23.11,21
10685,852,27,2025-09-28,5,112.5,27
10686,757,37,2023-12-24,1,18.02,28
10687,973,5,2025-12-19,4,216.92,2
10688,1458,21,2024-10-23,3,38.52,7
10689,592,27,2026-04-25,2,45.0,3
10690,124,45,2024-11-10,2,90.14,4
10691,1453,26,2026-02-23,2,109.28,19
10692,539,22,2024-04-13,4,149.28,8
10693,1936,9,2026-06-10,2,45.2,15
10694,1536,41,2024-01-26,3,171.93,11
10695,268,33,2026-06-06,3,71.46,7
10696,1425,33,2023-10-13,5,119.1,18
10697,1818,46,2025-08-19,2,63.54,29
10698,864,30,2025-07-06,5,220.9,27
10699,1036,22,2025-05-13,5,186.6,29
10700,86,7,2024-03-27,4,133.36,27
10701,321,37,2024-09-01,2,36.04,23
10702,879,37,2025-10-26,5,90.1,25
10703,1590,7,2026-07-03,4,133.36,8
10704,121,12,2026-08-10,3,61.98,23
10705,563,32,2025-02-20,4,124.2,2
10706,111,14,2026-03-19,5,261.45,39
10707,1627,3,2025-07-31,3,150.3,37
10708,980,3,2025-03-06,5,250.5,12
10709,1783,28,2025-08-09,2,106.26,24
10710,815,21,2023-10-22,3,38.52,26
10711,1393,4,2024-10-27,1,47.82,30
10712,236,45,2025-08-06,2,90.14,35
10713,1483,37,2025-06-04,2,36.04,7
10714,1936,36,2024-12-18,1,33.29,3
10715,1376,43,2024-08-30,5,238.05,39
10716,1078,44,2025-12-08,1,23.11,20
10717,1919,12,2025-08-08,2,41.32,14
10718,1788,35,2026-05-31,3,47.82,18
10719,85,24,2024-02-17,4,101.08,24
10720,596,36,2024-09-03,5,166.45,13
10721,1266,3,2025-05-14,5,250.5,9
10722,572,7,2024-10-04,4,133.36,25
10723,837,46,2024-02-25,4,127.08,40
10724,1552,48,2024-07-02,1,14.27,39
10725,1919,11,2025-11-14,4,55.96,29
10726,396,4,2026-05-31,5,239.1,33
10727,12,43,2025-12-27,3,142.83,33
10728,30,8,2025-10-09,3,53.79,25
10729,515,45,2025-01-26,1,45.07,24
10730,1984,32,2024-02-08,2,62.1,35
10731,1174,36,2024-08-25,1,33.29,39
10732,1101,24,2024-06-09,4,101.08,5
10733,1169,16,2026-07-07,4,229.0,15
10734,136,12,2024-03-15,2,41.32,8
10735,1310,15,2026-07-11,5,175.1,38
10736,165,24,2026-07-16,5,126.35,9
10737,804,19,2026-04-21,4,205.32,3
10738,1416,15,2024-04-08,5,175.1,7
10739,1239,37,2025-06-01,2,36.04,23
10740,1653,20,2024-10-28,1,45.17,31
10741,1762,5,2026-08-05,4,216.92,23
10742,18,13,2025-04-09,3,52.38,11
10743,52,4,2025-09-04,4,191.28,19
10744,135,35,2024-11-16,3,47.82,18
10745,1428,26,2025-05-07,4,218.56,28
10746,962,50,2025-10-09,3,56.34,3
10747,604,20,2025-06-02,5,225.85,18
10748,294,18,2026-02-23,1,37.59,25
10749,650,20,2025-08-09,3,135.51,34
10750,1802,44,2024-08-25,3,69.33,27
10751,1502,1,2025-06-20,5,258.85,32
10752,901,30,2026-08-10,3,132.54,1
10753,1086,46,2023-10-31,3,95.31,36
10754,1002,2,2025-03-19,2,107.48,20
10755,1683,21,2026-05-16,2,25.68,2
10756,325,13,2025-05-06,2,34.92,27
10757,862,49,2026-08-25,5,220.9,3
10758,459,24,2025-12-10,1,25.27,22
10759,1833,45,2023-10-15,5,225.35,5
10760,194,8,2025-05-08,4,71.72,5
10761,11,30,2025-04-07,2,88.36,10
10762,208,48,2023-10-06,1,14.27,17
10763,575,6,2025-01-20,5,113.25,30
10764,1401,47,2026-06-13,3,150.81,23
10765,309,12,2023-12-04,2,41.32,13
10766,33,27,2026-04-06,5,112.5,22
10767,1309,7,2024-08-02,3,100.02,26
10768,239,4,2026-01-04,1,47.82,31
10769,729,8,2024-02-17,3,53.79,26
10770,224,47,2025-02-12,4,201.08,2
10771,1347,16,2026-05-08,3,171.75,29
10772,325,21,2026-06-25,5,64.2,9
10773,1427,48,2026-05-27,3,42.81,6
10774,135,25,2025-04-02,4,138.12,11
10775,983,1,2026-08-13,1,51.77,37
10776,786,29,2026-04-09,5,201.5,35
10777,745,1,2026-06-13,1,51.77,19
10778,344,34,2024-01-27,4,147.56,22
10779,731,26,2025-06-27,1,54.64,26
10780,211,50,2025-05-19,5,93.9,26
10781,1681,43,2026-05-17,3,142.83,28
10782,139,29,2025-08-31,3,120.9,38
10783,1460,36,2024-09-14,5,166.45,40
10784,66,49,2026-08-03,2,88.36,15
10785,848,17,2024-04-28,3,71.64,11
10786,264,34,2025-08-10,2,73.78,4
10787,1211,47,2025-08-04,1,50.27,18
10788,1867,37,2024-10-25,3,54.06,7
10789,1033,8,2025-03-05,4,71.72,30
10790,8,21,2024-11-02,4,51.36,18
10791,128,32,2025-01-12,5,155.25,35
10792,703,28,2023-09-20,5,265.65,38
10793,1344,32,2023-10-11,2,62.1,13
10794,300,34,2025-09-10,5,184.45,16
10795,548,8,2024-11-12,5,89.65,9
10796,1043,45,2025-01-02,2,90.14,36
10797,506,35,2024-09-02,3,47.82,23
10798,666,45,2025-12-15,2,90.14,30
10799,1451,14,2025-12-05,2,104.58,9
10800,1635,45,2024-10-17,1,45.07,2
10801,279,46,2024-10-21,3,95.31,30
10802,1975,14,2024-11-09,4,209.16,3
10803,1728,26,2024-06-05,3,163.92,10
10804,1769,33,2024-07-13,4,95.28,34
10805,454,20,2025-03-31,5,225.85,23
10806,1026,38,2026-04-21,1,19.63,22
10807,895,43,2024-08-03,1,47.61,35
10808,665,44,2025-02-03,2,46.22,1
10809,553,26,2023-10-17,1,54.64,16
10810,482,28,2024-03-14,2,106.26,30
10811,1453,39,2024-01-07,5,261.1,29
10812,1317,8,2023-11-29,1,17.93,17
10813,122,2,2025-10-20,4,214.96,27
10814,185,9,2024-09-07,5,113.0,27
10815,878,27,2026-06-14,3,67.5,9
10816,552,40,2024-02-01,4,134.52,2
10817,1009,49,2024-08-20,4,176.72,36
10818,1973,3,2023-10-20,2,100.2,16
10819,860,5,2025-12-22,1,54.23,5
10820,1225,24,2025-10-15,4,101.08,23
10821,323,28,2024-11-28,4,212.52,38
10822,929,26,2025-03-01,5,273.2,34
10823,493,43,2024-12-21,3,142.83,10
10824,224,1,2025-08-18,1,51.77,24
10825,1981,44,2026-05-17,2,46.22,21
10826,10,10,2024-04-01,1,52.15,23
10827,1369,9,2023-11-22,3,67.8,1
10828,367,31,2024-10-28,2,35.32,19
10829,1252,5,2024-04-18,2,108.46,10
10830,1481,1,2024-05-21,4,207.08,22
10831,386,1,2023-10-11,4,207.08,7
10832,1606,39,2026-05-31,4,208.88,38
10833,79,33,2025-02-18,2,47.64,11
10834,1465,49,2026-08-20,4,176.72,24
10835,1579,22,2024-03-08,3,111.96,12
10836,466,14,2024-04-14,4,209.16,11
10837,1800,47,2026-02-11,5,251.35,32
10838,49,40,2025-09-27,4,134.52,17
10839,747,47,2024-03-21,4,201.08,16
10840,1510,27,2024-06-30,3,67.5,30
10841,1934,24,2024-02-24,5,126.35,30
10842,1478,12,2024-09-13,4,82.64,30
10843,694,24,2024-06-04,2,50.54,15
10844,1099,42,2026-01-14,4,105.64,23
10845,795,5,2024-11-15,3,162.69,7
10846,135,23,2026-03-20,4,122.08,31
10847,701,45,2025-06-27,1,45.07,26
10848,642,7,2024-10-11,3,100.02,26
10849,624,31,2024-05-24,3,52.98,17
10850,1038,3,2025-09-15,2,100.2,36
10851,1295,34,2024-04-14,2,73.78,7
10852,1040,33,2025-05-18,4,95.28,13
10853,648,50,2026-02-12,3,56.34,40
10854,981,18,2025-03-28,5,187.95,37
10855,495,36,2026-05-17,1,33.29,37
10856,1066,47,2025-10-07,4,201.08,40
10857,924,2,2024-09-20,4,214.96,22
10858,468,11,2025-12-30,2,27.98,34
10859,1027,21,2026-03-10,2,25.68,10
10860,240,20,2026-05-07,3,135.51,21
10861,92,34,2023-12-26,1,36.89,40
10862,534,26,2025-05-18,3,163.92,30
10863,1366,14,2026-06-16,4,209.16,14
10864,162,1,2026-02-26,1,51.77,23
10865,880,45,2025-02-01,4,180.28,5
10866,1165,35,2025-06-27,1,15.94,18
10867,799,18,2024-12-05,5,187.95,6
10868,842,9,2024-10-19,2,45.2,29
10869,1612,14,2025-09-19,4,209.16,3
10870,646,27,2026-07-29,1,22.5,35
10871,1433,8,2023-10-28,5,89.65,23
10872,1637,17,2025-09-17,1,23.88,12
10873,191,34,2024-02-08,4,147.56,38
10874,1741,15,2025-09-02,5,175.1,23
10875,1995,23,2026-06-14,3,91.56,26
10876,982,38,2025-09-03,1,19.63,25
10877,1835,29,2025-12-12,3,120.9,24
10878,593,35,2024-05-07,3,47.82,35
10879,1283,11,2025-05-20,3,41.97,20
10880,762,25,2023-11-20,3,103.59,20
10881,1667,31,2024-11-09,4,70.64,36
10882,1156,18,2025-08-25,5,187.95,2
10883,638,30,2026-01-16,2,88.36,16
10884,1687,17,2024-01-23,5,119.4,3
10885,1997,49,2024-06-24,2,88.36,19
10886,45,4,2024-02-23,3,143.46,5
10887,1789,1,2023-11-19,4,207.08,14
10888,1576,46,2024-12-21,4,127.08,32
10889,1528,46,2025-05-30,3,95.31,18
10890,452,49,2023-12-05,4,176.72,31
10891,1430,15,2023-09-30,5,175.1,33
10892,952,35,2025-06-11,4,63.76,33
10893,1974,49,2026-07-07,1,44.18,16
10894,1017,49,2024-09-10,2,88.36,27
10895,593,19,2024-12-05,2,102.66,3
10896,1312,19,2025-07-14,2,102.66,37
10897,1939,16,2026-02-01,2,114.5,35
10898,1919,47,2024-08-02,3,150.81,10
10899,275,4,2025-06-29,2,95.64,30
10900,314,7,2024-12-16,1,33.34,13
10901,1348,18,2025-08-10,2,75.18,33
10902,1495,24,2024-12-01,2,50.54,16
10903,1158,8,2023-11-23,5,89.65,31
10904,1857,45,2023-12-13,3,135.21,6
10905,969,23,2024-03-26,1,30.52,23
10906,415,9,2024-05-27,2,45.2,31
10907,1810,2,2025-05-22,5,268.7,3
10908,838,4,2024-10-09,2,95.64,21
10909,453,18,2025-10-23,2,75.18,25
10910,334,19,2025-05-25,2,102.66,22
10911,1176,16,2024-10-19,5,286.25,39
10912,1380,47,2024-03-07,5,251.35,7
10913,461,25,2025-03-31,1,34.53,16
10914,1997,16,2025-07-05,1,57.25,36
10915,1397,45,2025-07-25,3,135.21,9
10916,1660,35,2024-07-16,2,31.88,29
10917,1100,8,2023-09-21,1,17.93,3
10918,1581,17,2024-02-10,3,71.64,31
10919,384,12,2026-08-23,2,41.32,38
10920,1275,7,2024-09-30,2,66.68,17
10921,541,36,2023-12-06,5,166.45,11
10922,1791,28,2026-09-04,3,159.39,3
10923,1009,38,2024-07-03,3,58.89,26
10924,893,17,2025-03-07,5,119.4,20
10925,1803,36,2025-04-19,2,66.58,29
10926,1903,27,2025-03-26,2,45.0,36
10927,1466,5,2023-09-13,1,54.23,34
10928,1955,27,2024-04-20,5,112.5,14
10929,83,33,2025-03-27,3,71.46,31
10930,463,28,2025-01-19,2,106.26,1
10931,760,34,2025-03-03,2,73.78,38
10932,1015,38,2026-01-10,2,39.26,22
10933,615,35,2023-10-14,2,31.88,1
10934,1249,44,2026-01-16,3,69.33,38
10935,336,20,2025-10-26,1,45.17,3
10936,14,48,2025-07-17,3,42.81,26
10937,813,39,2025-12-21,1,52.22,4
10938,916,23,2024-07-05,5,152.6,2
10939,1055,24,2024-02-23,3,75.81,19
10940,1042,23,2026-03-10,4,122.08,30
10941,1033,49,2025-06-18,3,132.54,20
10942,1943,37,2026-06-21,4,72.08,1
10943,1386,11,2024-05-16,5,69.95,23
10944,1386,39,2025-06-21,2,104.44,10
10945,465,11,2026-06-14,4,55.96,30
10946,1275,34,2024-10-06,5,184.45,21
10947,252,22,2024-06-13,3,111.96,35
10948,159,30,2026-05-16,1,44.18,3
10949,1179,41,2025-06-04,5,286.55,1
10950,1790,19,2026-07-13,5,256.65,15
10951,1780,32,2025-10-22,2,62.1,12
10952,149,43,2024-02-20,1,47.61,3
10953,1742,24,2025-11-19,4,101.08,25
10954,946,34,2025-04-29,2,73.78,14
10955,559,24,2024-09-23,4,101.08,25
10956,1925,14,2025-06-08,3,156.87,24
10957,777,5,2025-02-03,4,216.92,37
10958,964,13,2026-03-17,1,17.46,12
10959,1114,16,2026-01-27,1,57.25,14
10960,515,22,2024-02-17,1,37.32,39
10961,1475,17,2024-09-14,5,119.4,11
10962,721,20,2025-07-21,2,90.34,11
10963,1845,2,2024-03-05,5,268.7,40
10964,1301,43,2025-10-01,1,47.61,1
10965,514,27,2025-10-15,1,22.5,11
10966,605,39,2024-03-14,2,104.44,29
10967,677,37,2025-10-25,2,36.04,22
10968,237,9,2023-09-30,2,45.2,3
10969,502,24,2025-01-28,5,126.35,39
10970,534,41,2025-02-15,3,171.93,25
10971,1063,28,2026-02-13,5,265.65,36
10972,1460,2,2025-05-05,3,161.22,35
10973,609,35,2024-08-15,4,63.76,8
10974,410,48,2024-10-31,5,71.35,25
10975,1453,5,2026-06-23,3,162.69,1
10976,960,48,2024-06-08,5,71.35,38
10977,1859,33,2025-05-17,1,23.82,10
10978,483,6,2026-01-18,1,22.65,3
10979,108,47,2024-11-17,1,50.27,10
10980,1728,13,2024-06-24,2,34.92,5
10981,1735,23,2023-09-26,5,152.6,31
10982,1778,49,2025-08-26,2,88.36,38
10983,1709,10,2025-04-28,4,208.6,40
10984,357,42,2026-04-02,1,26.41,30
10985,1250,5,2026-08-11,2,108.46,17
10986,98,42,2025-04-24,1,26.41,16
10987,576,40,2025-11-18,4,134.52,23
10988,1159,29,2025-10-06,4,161.2,33
10989,524,28,2024-12-22,1,53.13,13
10990,1949,50,2025-08-19,1,18.78,30
10991,919,4,2026-07-17,3,143.46,8
10992,1344,39,2025-04-11,3,156.66,34
10993,1890,23,2025-06-18,2,61.04,6
10994,106,12,2025-04-27,5,103.3,3
10995,402,3,2026-07-30,1,50.1,4
10996,809,5,2025-12-26,4,216.92,1
10997,1519,31,2023-12-24,4,70.64,15
10998,183,37,2025-10-27,4,72.08,18
10999,1512,47,2026-08-28,3,150.81,40
11000,1004,46,2026-07-25,3,95.31,26
11001,748,10,2026-07-02,2,104.3,19
11002,1912,28,2026-01-31,4,212.52,5
11003,1294,49,2024-01-22,4,176.72,33
11004,1573,12,2025-08-19,3,61.98,11
11005,1050,34,2025-01-30,5,184.45,16
11006,841,38,2025-06-01,2,39.26,14
11007,1626,38,2025-08-13,4,78.52,16
11008,1584,1,2026-05-13,2,103.54,8
11009,364,16,2026-08-05,2,114.5,21
11010,284,16,2025-10-06,2,114.5,8
11011,1954,47,2025-06-24,3,150.81,26
11012,1073,19,2023-09-12,1,51.33,38
11013,1172,45,2024-05-10,1,45.07,10
11014,1526,17,2025-04-15,3,71.64,16
11015,960,42,2026-02-27,5,132.05,11
11016,1128,47,2025-03-21,3,150.81,9
11017,764,12,2026-06-25,3,61.98,31
11018,1168,11,2026-07-02,2,27.98,30
11019,1630,11,2025-07-06,5,69.95,17
11020,1116,18,2023-12-08,4,150.36,34
11021,1783,6,2023-11-27,4,90.6,5
11022,610,5,2026-05-14,1,54.23,23
11023,1762,13,2025-11-07,1,17.46,32
11024,1992,33,2023-12-16,3,71.46,13
11025,1605,47,2023-10-04,3,150.81,11
11026,1677,4,2025-11-12,4,191.28,14
11027,436,13,2026-08-07,3,52.38,34
11028,1812,1,2024-05-10,3,155.31,33
11029,656,16,2026-03-24,1,57.25,2
11030,1245,5,2023-12-03,4,216.92,18
11031,1967,22,2024-08-27,4,149.28,2
11032,1883,4,2025-09-26,5,239.1,8
11033,336,13,2025-11-04,1,17.46,28
11034,695,46,2025-08-21,1,31.77,27
11035,1370,21,2024-07-22,2,25.68,3
11036,186,49,2026-06-01,1,44.18,21
11037,1157,49,2025-10-26,1,44.18,7
11038,176,2,2023-10-06,3,161.22,1
11039,462,15,2026-01-09,4,140.08,37
11040,1660,40,2025-04-14,3,100.89,25
11041,713,44,2026-03-26,1,23.11,27
11042,1290,38,2023-12-24,5,98.15,11
11043,64,18,2024-02-15,1,37.59,6
11044,1599,5,2023-11-09,4,216.92,37
11045,1787,29,2023-09-25,3,120.9,21
11046,535,39,2026-07-30,3,156.66,32
11047,290,37,2024-10-07,2,36.04,11
11048,1776,39,2023-09-28,3,156.66,33
11049,972,27,2025-11-20,3,67.5,26
11050,1450,47,2024-10-19,3,150.81,37
11051,1041,2,2024-10-22,4,214.96,1
11052,692,6,2024-05-30,5,113.25,5
11053,1955,45,2025-10-21,3,135.21,24
11054,349,42,2023-09-16,4,105.64,8
11055,1519,24,2023-12-20,5,126.35,9
11056,890,6,2024-09-18,3,67.95,32
11057,766,2,2026-06-07,4,214.96,11
11058,887,21,2026-05-01,4,51.36,4
11059,1058,34,2024-08-12,1,36.89,8
11060,526,20,2026-06-17,4,180.68,22
11061,104,35,2024-01-03,3,47.82,4
11062,593,6,2023-10-02,1,22.65,13
11063,681,24,2024-08-03,3,75.81,11
11064,382,5,2024-07-24,4,216.92,18
11065,509,14,2024-03-16,1,52.29,7
11066,277,41,2023-11-10,4,229.24,38
11067,712,28,2026-02-01,4,212.52,38
11068,795,48,2024-11-21,2,28.54,8
11069,319,49,2023-10-30,2,88.36,15
11070,1857,36,2023-10-25,1,33.29,5
11071,1139,40,2023-12-31,1,33.63,9
11072,129,23,2026-01-22,5,152.6,1
11073,135,42,2025-07-21,3,79.23,17
11074,1275,19,2025-09-18,1,51.33,23
11075,1470,1,2025-01-21,4,207.08,16
11076,1657,33,2025-02-12,4,95.28,7
11077,206,14,2025-10-05,3,156.87,35
11078,689,11,2025-04-09,2,27.98,38
11079,1432,14,2025-11-08,3,156.87,27
11080,1602,46,2026-05-01,5,158.85,40
11081,1779,49,2024-03-25,5,220.9,10
11082,948,40,2026-01-26,1,33.63,9
11083,857,25,2026-02-27,4,138.12,13
11084,1673,39,2023-10-25,1,52.22,15
11085,1133,47,2026-04-25,5,251.35,30
11086,1742,48,2023-10-18,5,71.35,35
11087,159,22,2023-12-03,2,74.64,38
11088,1455,38,2026-07-25,5,98.15,31
11089,119,5,2025-09-19,4,216.92,13
11090,1841,43,2025-09-24,2,95.22,39
11091,1696,28,2026-07-17,2,106.26,8
11092,1015,45,2024-06-07,5,225.35,22
11093,1586,21,2024-11-15,4,51.36,30
11094,1835,20,2024-12-15,1,45.17,21
11095,409,7,2025-02-14,4,133.36,37
11096,1716,31,2025-04-13,1,17.66,7
11097,571,43,2024-01-10,1,47.61,4
11098,264,6,2024-03-13,2,45.3,12
11099,248,36,2025-12-07,2,66.58,20
11100,478,49,2024-10-16,3,132.54,5
11101,221,3,2024-04-14,2,100.2,32
11102,1744,7,2024-06-29,1,33.34,26
11103,1964,22,2023-10-08,5,186.6,7
11104,815,17,2024-04-30,1,23.88,9
11105,955,39,2024-07-29,4,208.88,6
11106,200,2,2023-12-11,1,53.74,23
11107,1829,6,2026-02-23,5,113.25,3
11108,818,41,2026-04-14,3,171.93,29
11109,1949,15,2025-12-03,3,105.06,10
11110,1428,13,2024-12-02,1,17.46,26
11111,1881,33,2025-06-14,3,71.46,27
11112,882,30,2026-08-15,1,44.18,32
11113,664,36,2024-10-29,4,133.16,18
11114,540,40,2024-08-31,3,100.89,36
11115,1199,22,2024-07-03,2,74.64,31
11116,618,9,2026-03-12,2,45.2,13
11117,1989,1,2024-11-07,2,103.54,29
11118,308,9,2024-10-16,2,45.2,37
11119,752,25,2026-08-11,2,69.06,28
11120,1898,2,2025-04-03,3,161.22,4
11121,1073,11,2024-05-17,3,41.97,9
11122,21,5,2025-07-08,2,108.46,19
11123,744,45,2026-03-17,4,180.28,25
11124,1902,21,2025-11-13,3,38.52,22
11125,925,4,2026-05-18,5,239.1,23
11126,838,45,2026-04-25,2,90.14,37
11127,1543,43,2024-03-29,4,190.44,38
11128,154,1,2024-07-25,1,51.77,17
11129,1849,10,2024-03-11,2,104.3,6
11130,724,8,2024-08-30,3,53.79,16
11131,364,42,2026-08-12,3,79.23,35
11132,1596,16,2026-01-30,1,57.25,13
11133,144,48,2024-12-07,1,14.27,33
11134,1880,15,2024-07-19,3,105.06,40
11135,278,26,2026-05-16,5,273.2,36
11136,1415,24,2024-08-08,2,50.54,11
11137,308,8,2024-10-09,3,53.79,36
11138,1408,24,2026-06-05,1,25.27,17
11139,712,43,2025-10-30,1,47.61,15
11140,411,50,2024-11-04,5,93.9,3
11141,1781,39,2026-02-02,3,156.66,16
11142,861,31,2025-03-31,1,17.66,29
11143,750,18,2025-01-13,5,187.95,36
11144,141,30,2024-01-27,4,176.72,22
11145,1826,24,2025-01-03,1,25.27,32
11146,113,10,2025-06-16,5,260.75,24
11147,354,31,2024-11-09,4,70.64,21
11148,475,26,2024-12-04,1,54.64,13
11149,1457,25,2026-07-16,1,34.53,13
11150,1643,28,2025-02-26,3,159.39,10
11151,1081,7,2025-09-23,4,133.36,40
11152,308,7,2024-05-24,3,100.02,25
11153,1429,22,2023-10-31,5,186.6,28
11154,1240,29,2024-07-13,1,40.3,26
11155,1045,34,2023-12-28,4,147.56,23
11156,1707,45,2025-12-21,3,135.21,7
11157,1826,20,2024-01-07,2,90.34,16
11158,1610,44,2024-09-15,3,69.33,8
11159,302,36,2026-02-28,3,99.87,10
11160,906,26,2024-06-25,5,273.2,19
11161,1784,45,2025-09-19,1,45.07,39
11162,857,46,2026-01-13,2,63.54,36
11163,1627,39,2025-05-13,5,261.1,15
11164,316,39,2026-04-04,1,52.22,9
11165,681,20,2024-12-07,2,90.34,33
11166,346,49,2024-06-29,2,88.36,31
11167,1888,50,2023-12-03,3,56.34,6
11168,474,39,2025-11-03,3,156.66,27
11169,1761,8,2023-11-11,4,71.72,33
11170,769,27,2026-03-29,5,112.5,18
11171,875,36,2026-05-31,2,66.58,4
11172,1659,14,2026-01-05,2,104.58,19
11173,939,18,2026-08-02,2,75.18,26
11174,510,47,2024-02-19,2,100.54,13
11175,453,34,2025-03-03,3,110.67,20
11176,1535,12,2026-05-26,2,41.32,7
11177,676,22,2026-08-25,2,74.64,27
11178,1618,24,2024-04-29,2,50.54,26
11179,822,28,2025-02-21,5,265.65,21
11180,377,32,2026-08-07,3,93.15,7
11181,422,2,2024-07-09,3,161.22,5
11182,1030,39,2025-11-19,5,261.1,32
11183,336,2,2023-10-15,4,214.96,30
11184,1868,27,2026-05-20,5,112.5,13
11185,1246,39,2023-11-10,1,52.22,13
11186,1205,45,2025-07-11,2,90.14,19
11187,1390,8,2025-04-12,2,35.86,26
11188,198,20,2025-02-07,3,135.51,20
11189,966,21,2026-03-29,2,25.68,28
11190,333,14,2026-01-25,5,261.45,33
11191,1045,23,2025-07-25,3,91.56,33
11192,1936,38,2024-02-24,5,98.15,5
11193,1931,40,2023-09-23,3,100.89,19
11194,1452,19,2023-10-17,4,205.32,35
11195,1387,26,2026-06-08,5,273.2,38
11196,527,30,2026-06-21,3,132.54,3
11197,346,38,2025-04-06,4,78.52,21
11198,939,15,2025-10-08,4,140.08,2
11199,466,10,2024-12-18,1,52.15,30
11200,1358,20,2025-09-19,4,180.68,18
11201,1105,38,2024-02-05,3,58.89,38
11202,1681,28,2023-12-31,2,106.26,10
11203,1648,21,2026-04-01,1,12.84,15
11204,1024,17,2024-10-10,3,71.64,3
11205,1567,30,2024-08-15,2,88.36,25
11206,1671,19,2024-04-06,5,256.65,37
11207,1829,12,2024-08-08,2,41.32,24
11208,723,24,2025-11-12,2,50.54,25
11209,1459,45,2026-04-15,5,225.35,7
11210,257,47,2025-12-11,5,251.35,8
11211,1374,6,2026-02-09,1,22.65,22
11212,485,6,2025-08-31,2,45.3,6
11213,363,4,2025-05-10,5,239.1,39
11214,1112,11,2026-04-24,4,55.96,15
11215,1963,15,2023-11-24,3,105.06,33
11216,920,35,2025-03-22,5,79.7,22
11217,340,43,2026-08-09,4,190.44,36
11218,780,39,2026-06-06,1,52.22,16
11219,151,11,2025-05-20,1,13.99,6
11220,983,29,2026-06-01,3,120.9,3
11221,1478,10,2026-06-16,2,104.3,25
11222,1364,39,2023-10-13,1,52.22,11
11223,150,19,2026-03-19,4,205.32,11
11224,982,25,2026-04-08,4,138.12,1
11225,1760,23,2026-04-17,4,122.08,10
11226,241,27,2023-11-29,1,22.5,23
11227,453,41,2025-07-05,2,114.62,12
11228,1437,11,2024-05-05,2,27.98,3
11229,1186,24,2023-12-05,5,126.35,12
11230,637,14,2025-09-17,3,156.87,11
11231,784,48,2025-09-23,2,28.54,20
11232,1712,43,2024-04-08,3,142.83,30
11233,291,1,2024-07-07,5,258.85,28
11234,1084,21,2024-05-08,5,64.2,5
11235,998,27,2024-08-28,2,45.0,7
11236,322,15,2025-08-18,3,105.06,38
11237,1516,38,2024-01-16,5,98.15,20
11238,1852,32,2025-07-12,2,62.1,28
11239,1403,25,2026-05-08,2,69.06,1
11240,439,21,2025-11-23,2,25.68,7
11241,811,9,2026-08-04,1,22.6,2
11242,1180,35,2024-11-04,2,31.88,40
11243,626,25,2024-08-23,5,172.65,20
11244,1003,5,2025-07-26,3,162.69,23
11245,917,19,2026-07-03,5,256.65,31
11246,280,33,2024-10-07,4,95.28,9
11247,496,21,2025-11-16,3,38.52,3
11248,1150,26,2024-02-28,5,273.2,1
11249,220,27,2026-08-24,4,90.0,1
11250,274,22,2023-12-13,5,186.6,32
11251,223,49,2026-08-26,1,44.18,40
11252,1852,47,2025-03-24,5,251.35,1
11253,1183,9,2024-08-08,1,22.6,9
11254,172,19,2024-04-28,2,102.66,5
11255,286,3,2026-02-17,5,250.5,32
11256,1912,18,2023-10-09,1,37.59,21
11257,333,29,2024-11-01,2,80.6,14
11258,451,29,2024-09-11,4,161.2,40
11259,1846,12,2026-03-08,2,41.32,25
11260,1314,23,2024-04-12,5,152.6,10
11261,1082,22,2026-08-09,4,149.28,36
11262,1344,35,2023-11-21,4,63.76,8
11263,1798,37,2026-04-25,3,54.06,21
11264,1919,37,2025-10-25,3,54.06,24
11265,811,23,2026-08-22,1,30.52,10
11266,1790,47,2024-09-08,1,50.27,5
11267,463,45,2024-01-06,5,225.35,30
11268,638,33,2025-05-26,1,23.82,39
11269,387,16,2024-12-25,5,286.25,6
11270,231,29,2024-11-06,3,120.9,25
11271,1616,22,2024-04-15,2,74.64,12
11272,769,8,2025-06-06,2,35.86,28
11273,140,16,2024-09-06,4,229.0,16
11274,1251,4,2026-02-03,2,95.64,22
11275,173,8,2026-08-10,1,17.93,19
11276,1880,15,2024-06-10,4,140.08,10
11277,1034,45,2024-05-05,4,180.28,16
11278,19,38,2026-01-15,3,58.89,32
11279,1212,42,2026-08-18,2,52.82,2
11280,666,45,2025-09-26,2,90.14,28
11281,934,42,2025-08-06,1,26.41,8
11282,1171,3,2026-05-11,5,250.5,14
11283,648,32,2023-11-03,4,124.2,37
11284,1221,38,2025-09-17,5,98.15,2
11285,1869,23,2026-06-06,4,122.08,9
11286,416,1,2025-05-12,3,155.31,5
11287,660,8,2026-01-07,4,71.72,14
11288,885,20,2024-03-05,3,135.51,22
11289,295,6,2025-12-21,5,113.25,32
11290,258,33,2024-11-30,4,95.28,15
11291,855,36,2023-12-15,4,133.16,13
11292,1596,47,2024-05-26,5,251.35,37
11293,1651,13,2026-01-08,4,69.84,11
11294,1865,24,2025-12-16,4,101.08,24
11295,240,23,2025-06-19,5,152.6,18
11296,1412,24,2025-03-31,5,126.35,19
11297,165,26,2024-02-04,4,218.56,21
11298,1655,20,2023-11-08,1,45.17,29
11299,320,34,2026-03-29,1,36.89,28
11300,1434,30,2024-04-25,3,132.54,33
11301,94,23,2026-04-27,4,122.08,31
11302,1603,19,2024-07-02,4,205.32,23
11303,854,10,2026-02-08,2,104.3,28
11304,330,23,2025-02-16,1,30.52,39
11305,1706,18,2025-09-19,3,112.77,18
11306,128,49,2026-08-07,4,176.72,25
11307,1282,36,2024-12-23,3,99.87,5
11308,134,23,2025-01-17,5,152.6,27
11309,235,5,2024-10-31,5,271.15,3
11310,807,25,2024-06-03,3,103.59,3
11311,758,15,2025-02-05,4,140.08,20
11312,311,21,2024-09-06,2,25.68,11
11313,1527,47,2023-10-16,4,201.08,40
11314,93,41,2025-11-21,5,286.55,15
11315,645,16,2023-10-25,1,57.25,29
11316,1538,2,2025-06-24,5,268.7,1
11317,820,12,2024-12-15,5,103.3,26
11318,703,46,2024-02-10,4,127.08,30
11319,596,48,2024-11-20,4,57.08,16
11320,1779,43,2023-10-20,5,238.05,34
11321,1487,19,2026-08-13,3,153.99,23
11322,1486,10,2025-04-27,2,104.3,31
11323,1293,3,2025-04-21,1,50.1,36
11324,1664,14,2025-10-03,4,209.16,35
11325,1080,30,2024-06-22,4,176.72,14
11326,4,39,2025-08-13,2,104.44,20
11327,1023,43,2026-05-08,4,190.44,16
11328,517,39,2023-11-30,4,208.88,29
11329,693,32,2025-09-24,4,124.2,2
11330,1367,32,2024-11-03,5,155.25,4
11331,1640,17,2026-08-08,4,95.52,33
11332,1845,13,2024-05-29,1,17.46,15
11333,1563,18,2026-02-08,4,150.36,28
11334,146,14,2024-11-30,5,261.45,19
11335,874,21,2024-01-20,4,51.36,7
11336,1885,13,2024-07-24,4,69.84,15
11337,1657,29,2024-11-03,4,161.2,34
11338,1291,49,2026-03-03,2,88.36,17
11339,1232,2,2026-01-01,5,268.7,36
11340,999,3,2023-11-24,1,50.1,23
11341,1137,49,2023-09-23,4,176.72,2
11342,651,2,2024-09-28,4,214.96,11
11343,293,36,2024-10-18,5,166.45,32
11344,101,2,2024-09-20,2,107.48,7
11345,773,33,2025-10-10,2,47.64,10
11346,975,44,2024-05-22,4,92.44,14
11347,1870,2,2024-02-24,4,214.96,5
11348,757,10,2026-04-15,2,104.3,24
11349,1543,30,2024-07-16,1,44.18,33
11350,1670,32,2023-09-22,2,62.1,34
11351,1314,36,2023-10-28,5,166.45,13
11352,1535,20,2025-10-18,4,180.68,34
11353,1869,8,2026-09-07,1,17.93,35
11354,1454,13,2026-09-05,2,34.92,6
11355,162,10,2024-02-24,3,156.45,26
11356,1396,26,2026-03-24,5,273.2,7
11357,1313,37,2025-04-03,3,54.06,21
11358,1752,47,2024-02-09,2,100.54,26
11359,635,12,2026-01-24,5,103.3,26
11360,511,21,2024-05-22,3,38.52,15
11361,1956,28,2025-10-25,1,53.13,13
11362,1298,45,2026-01-09,3,135.21,28
11363,1796,33,2026-01-07,2,47.64,2
11364,304,3,2024-11-01,2,100.2,8
11365,335,11,2023-10-05,4,55.96,13
11366,1248,9,2026-07-10,1,22.6,29
11367,346,13,2025-04-24,2,34.92,26
11368,896,31,2025-01-17,2,35.32,31
11369,1993,5,2026-07-03,2,108.46,37
11370,461,6,2026-07-02,3,67.95,13
11371,1339,37,2026-07-20,5,90.1,39
11372,1539,46,2024-02-26,5,158.85,31
11373,1672,40,2024-02-24,1,33.63,15
11374,1817,23,2026-08-17,4,122.08,13
11375,1911,46,2023-09-10,2,63.54,35
11376,1789,23,2023-09-29,5,152.6,23
11377,118,5,2023-11-18,2,108.46,13
11378,1651,1,2023-10-01,2,103.54,12
11379,1615,10,2025-08-02,4,208.6,23
11380,905,10,2023-11-20,5,260.75,7
11381,518,34,2024-11-11,3,110.67,17
11382,1013,23,2026-03-19,2,61.04,26
11383,1425,21,2025-03-10,1,12.84,25
11384,562,34,2025-05-19,2,73.78,9
11385,931,37,2024-09-26,3,54.06,12
11386,845,49,2025-11-03,2,88.36,40
11387,1809,15,2024-07-30,5,175.1,14
11388,1838,18,2024-02-07,5,187.95,35
11389,1316,12,2026-04-10,2,41.32,31
11390,913,25,2025-11-05,5,172.65,40
11391,1443,17,2024-10-14,3,71.64,31
11392,823,20,2025-08-21,4,180.68,16
11393,1992,35,2025-11-29,4,63.76,33
11394,1922,26,2025-11-05,4,218.56,33
11395,730,13,2025-06-25,5,87.3,39
11396,1473,3,2026-06-21,5,250.5,40
11397,1622,48,2026-07-31,2,28.54,40
11398,1143,4,2026-03-27,1,47.82,22
11399,1130,13,2026-04-21,1,17.46,17
11400,1958,39,2024-07-27,5,261.1,19
11401,878,31,2023-11-01,5,88.3,5
11402,1354,11,2024-11-14,4,55.96,21
11403,570,10,2026-02-04,1,52.15,37
11404,315,18,2025-11-18,3,112.77,2
11405,893,5,2024-06-30,1,54.23,2
11406,944,46,2026-03-23,1,31.77,9
11407,1315,24,2025-07-01,1,25.27,40
11408,1376,8,2024-03-04,2,35.86,23
11409,1001,47,2024-11-08,3,150.81,3
11410,250,32,2024-07-01,2,62.1,23
11411,1909,22,2025-02-21,5,186.6,3
11412,734,14,2023-09-25,3,156.87,9
11413,187,50,2026-08-26,5,93.9,4
11414,1011,16,2023-09-22,1,57.25,9
11415,489,32,2025-05-02,3,93.15,31
11416,1541,44,2024-10-23,3,69.33,19
11417,1853,11,2025-02-25,2,27.98,18
11418,1395,32,2026-03-16,4,124.2,9
11419,1994,10,2024-09-24,2,104.3,28
11420,1536,14,2025-10-28,5,261.45,28
11421,7,1,2026-03-07,3,155.31,40
11422,1566,21,2024-07-19,3,38.52,25
11423,1017,48,2024-01-17,4,57.08,34
11424,1976,15,2025-05-14,5,175.1,8
11425,540,50,2023-12-14,4,75.12,31
11426,1990,50,2026-08-22,2,37.56,8
11427,1823,35,2026-05-30,3,47.82,40
11428,441,21,2026-03-05,1,12.84,20
11429,1857,27,2025-07-19,2,45.0,36
11430,1230,20,2024-11-05,3,135.51,25
11431,1313,29,2024-01-11,4,161.2,12
11432,1610,32,2025-01-14,5,155.25,34
11433,838,44,2025-07-30,4,92.44,19
11434,916,28,2023-09-14,5,265.65,7
11435,991,10,2026-07-02,5,260.75,16
11436,1568,39,2026-07-08,3,156.66,22
11437,1683,50,2024-06-03,2,37.56,11
11438,660,35,2024-08-16,1,15.94,6
11439,837,43,2026-09-06,3,142.83,12
11440,40,43,2026-03-10,4,190.44,6
11441,1548,16,2025-06-13,5,286.25,15
11442,1026,49,2023-12-12,4,176.72,39
11443,393,28,2025-12-09,3,159.39,40
11444,789,47,2023-11-19,5,251.35,35
11445,76,33,2026-04-28,4,95.28,19
11446,478,1,2025-03-13,3,155.31,3
11447,1043,5,2026-02-18,2,108.46,24
11448,972,34,2026-05-31,2,73.78,25
11449,1240,27,2026-02-02,3,67.5,4
11450,418,16,2025-06-19,5,286.25,36
11451,934,28,2025-06-09,3,159.39,21
11452,723,35,2023-10-06,3,47.82,7
11453,1239,14,2025-06-24,3,156.87,24
11454,1539,48,2026-02-13,1,14.27,10
11455,96,23,2024-08-21,5,152.6,36
11456,1725,25,2024-02-13,1,34.53,39
11457,1666,47,2023-10-05,3,150.81,21
11458,129,42,2026-03-08,1,26.41,5
11459,671,32,2026-03-04,2,62.1,24
11460,593,42,2023-11-20,4,105.64,19
11461,633,17,2023-10-02,2,47.76,6
11462,849,28,2024-11-04,5,265.65,9
11463,1400,48,2024-01-12,2,28.54,3
11464,1912,48,2025-02-04,5,71.35,22
11465,1455,38,2024-05-05,1,19.63,30
11466,1687,4,2024-04-24,5,239.1,5
11467,1114,25,2025-03-29,5,172.65,9
11468,1394,23,2025-06-08,4,122.08,38
11469,237,11,2024-09-18,2,27.98,16
11470,1163,39,2024-06-25,3,156.66,9
11471,965,33,2026-02-10,1,23.82,9
11472,1585,33,2025-10-14,4,95.28,32
11473,1038,5,2025-11-09,1,54.23,12
11474,683,38,2024-08-15,4,78.52,14
11475,730,32,2026-09-02,1,31.05,31
11476,1303,27,2025-04-17,3,67.5,24
11477,960,8,2024-09-15,5,89.65,36
11478,386,10,2025-11-21,2,104.3,12
11479,1148,37,2025-08-08,4,72.08,15
11480,1038,46,2025-07-19,3,95.31,20
11481,1990,21,2026-08-20,5,64.2,12
11482,1333,2,2024-09-21,1,53.74,38
11483,1852,24,2026-07-13,4,101.08,32
11484,1328,34,2026-03-22,4,147.56,32
11485,956,37,2025-12-08,5,90.1,17
11486,839,33,2025-08-28,3,71.46,34
11487,1033,46,2026-08-12,2,63.54,8
11488,1783,40,2026-08-29,2,67.26,24
11489,979,42,2025-10-11,1,26.41,1
11490,667,19,2026-08-01,5,256.65,3
11491,861,9,2024-01-21,2,45.2,2
11492,1035,20,2024-08-04,5,225.85,38
11493,1220,20,2024-04-26,2,90.34,29
11494,994,49,2024-10-21,4,176.72,38
11495,911,27,2024-05-29,5,112.5,34
11496,824,41,2025-06-02,2,114.62,28
11497,1649,11,2024-05-12,5,69.95,28
11498,1078,14,2024-10-13,5,261.45,34
11499,748,29,2024-12-16,1,40.3,25
11500,365,45,2025-11-20,4,180.28,24
11501,591,45,2026-03-18,3,135.21,38
11502,120,14,2024-08-29,5,261.45,22
11503,937,44,2024-12-16,3,69.33,20
11504,1078,44,2024-01-27,1,23.11,17
11505,1327,45,2024-12-11,3,135.21,11
11506,1998,23,2025-09-24,2,61.04,5
11507,426,37,2026-07-13,3,54.06,7
11508,78,50,2025-05-24,2,37.56,26
11509,1887,37,2024-12-24,1,18.02,36
11510,1993,40,2025-07-01,4,134.52,5
11511,381,33,2025-05-17,2,47.64,33
11512,1527,38,2024-09-03,1,19.63,11
11513,1513,48,2026-09-04,3,42.81,3
11514,1565,39,2025-04-28,4,208.88,11
11515,328,43,2026-08-15,5,238.05,26
11516,939,47,2023-09-17,2,100.54,27
11517,592,1,2025-04-23,1,51.77,19
11518,1749,8,2024-03-06,4,71.72,28
11519,164,43,2026-02-16,2,95.22,38
11520,1781,7,2024-01-15,2,66.68,2
11521,750,21,2026-01-13,4,51.36,23
11522,1678,5,2025-02-12,5,271.15,1
11523,1292,36,2025-03-15,5,166.45,15
11524,73,37,2023-10-25,2,36.04,18
11525,1613,28,2025-07-09,3,159.39,2
11526,1090,17,2024-06-12,4,95.52,18
11527,482,18,2025-10-05,2,75.18,25
11528,943,48,2024-04-06,5,71.35,27
11529,1913,16,2024-02-02,4,229.0,6
11530,664,36,2025-10-29,3,99.87,21
11531,961,17,2025-04-14,4,95.52,39
11532,792,39,2025-05-29,3,156.66,8
11533,490,45,2024-07-10,5,225.35,5
11534,1108,5,2024-03-01,2,108.46,35
11535,1239,13,2024-02-12,2,34.92,18
11536,1711,33,2024-05-26,3,71.46,9
11537,615,39,2024-07-14,1,52.22,22
11538,1674,16,2026-06-10,3,171.75,34
11539,1649,10,2026-04-26,3,156.45,17
11540,1790,8,2024-01-28,2,35.86,14
11541,1941,36,2025-08-20,3,99.87,14
11542,892,17,2024-01-29,3,71.64,26
11543,1044,12,2023-09-20,3,61.98,15
11544,812,35,2026-02-07,5,79.7,18
11545,1523,27,2024-08-30,1,22.5,27
11546,1657,3,2026-01-24,2,100.2,25
11547,1547,25,2025-11-10,5,172.65,15
11548,12,41,2026-05-24,3,171.93,27
11549,1288,10,2026-06-25,2,104.3,3
11550,409,4,2024-04-24,2,95.64,20
11551,47,9,2023-09-25,1,22.6,38
11552,499,14,2026-01-20,3,156.87,25
11553,1678,6,2026-05-13,5,113.25,25
11554,1393,5,2024-12-08,1,54.23,1
11555,1438,32,2023-11-09,5,155.25,28
11556,104,1,2025-07-12,2,103.54,28
11557,1955,7,2025-07-11,3,100.02,15
11558,1093,11,2023-11-14,1,13.99,23
11559,475,47,2024-11-24,1,50.27,9
11560,877,42,2026-03-12,3,79.23,22
11561,1920,36,2023-09-29,3,99.87,32
11562,1923,25,2024-11-25,5,172.65,13
11563,114,28,2025-01-29,5,265.65,1
11564,6,9,2025-02-17,3,67.8,4
11565,570,37,2024-01-17,3,54.06,2
11566,1160,33,2024-08-29,1,23.82,30
11567,1903,36,2025-09-08,3,99.87,30
11568,9,19,2026-04-04,4,205.32,1
11569,1367,40,2025-11-06,1,33.63,12
11570,472,31,2024-10-14,5,88.3,20
11571,1170,29,2025-05-13,3,120.9,28
11572,1576,48,2025-10-05,4,57.08,6
11573,232,32,2024-08-12,2,62.1,10
11574,470,43,2026-03-13,2,95.22,7
11575,30,39,2024-07-25,4,208.88,22
11576,1563,39,2023-12-26,3,156.66,9
11577,1839,46,2025-05-18,3,95.31,22
11578,717,48,2023-11-14,5,71.35,12
11579,331,22,2025-11-03,1,37.32,6
11580,1482,45,2025-10-29,2,90.14,19
11581,1273,36,2023-12-30,3,99.87,40
11582,1964,11,2023-10-05,3,41.97,9
11583,1208,13,2026-06-19,4,69.84,16
11584,907,8,2024-12-22,1,17.93,39
11585,1079,20,2026-05-13,5,225.85,6
11586,934,4,2025-06-16,4,191.28,19
11587,252,50,2025-07-06,2,37.56,25
11588,1269,18,2024-10-15,1,37.59,7
11589,995,2,2025-08-05,3,161.22,26
11590,390,39,2024-12-24,5,261.1,39
11591,1692,20,2023-10-15,5,225.85,23
11592,79,41,2024-02-07,4,229.24,26
11593,1561,8,2024-09-07,4,71.72,27
11594,151,20,2025-12-24,1,45.17,15
11595,426,49,2025-09-22,3,132.54,27
11596,706,43,2024-11-06,1,47.61,4
11597,635,9,2025-10-10,2,45.2,28
11598,181,49,2024-11-23,4,176.72,13
11599,1277,28,2025-02-03,4,212.52,10
11600,1045,26,2026-05-08,1,54.64,10
11601,1292,18,2025-06-10,4,150.36,2
11602,1433,41,2025-04-29,3,171.93,3
11603,76,40,2025-07-31,3,100.89,17
11604,1146,30,2025-09-29,5,220.9,9
11605,1661,5,2023-12-31,1,54.23,5
11606,385,34,2026-02-22,2,73.78,3
11607,659,46,2024-01-14,2,63.54,21
11608,1127,37,2025-06-23,2,36.04,7
11609,1711,33,2026-02-28,4,95.28,14
11610,1165,19,2024-09-10,1,51.33,25
11611,1498,47,2024-02-18,1,50.27,20
11612,959,28,2026-06-29,1,53.13,39
11613,368,6,2024-05-22,1,22.65,2
11614,1453,39,2024-07-17,3,156.66,27
11615,805,37,2025-07-03,5,90.1,35
11616,1426,23,2025-04-05,3,91.56,25
11617,561,21,2024-01-11,2,25.68,14
11618,324,15,2025-08-10,2,70.04,6
11619,95,37,2026-08-16,3,54.06,17
11620,265,22,2024-04-16,1,37.32,15
11621,873,37,2023-12-28,5,90.1,13
11622,1480,27,2024-05-26,5,112.5,21
11623,636,14,2026-03-02,1,52.29,33
11624,1286,43,2024-04-30,5,238.05,36
11625,206,44,2024-08-16,2,46.22,17
11626,1045,32,2024-01-29,3,93.15,20
11627,318,19,2024-05-03,3,153.99,37
11628,766,17,2026-03-12,1,23.88,23
11629,511,36,2025-11-07,4,133.16,27
11630,163,50,2026-07-17,1,18.78,33
11631,1603,30,2026-03-11,3,132.54,30
11632,167,1,2025-12-29,5,258.85,39
11633,411,27,2025-07-08,4,90.0,10
11634,1791,22,2024-11-14,3,111.96,3
11635,345,17,2026-05-26,2,47.76,11
11636,235,1,2025-05-05,2,103.54,25
11637,172,48,2024-12-10,1,14.27,19
11638,1160,17,2025-08-15,5,119.4,16
11639,900,46,2025-10-25,1,31.77,25
11640,1655,48,2026-08-19,5,71.35,31
11641,180,43,2024-06-18,3,142.83,9
11642,562,8,2025-06-03,3,53.79,14
11643,1269,47,2024-05-16,3,150.81,38
11644,21,39,2024-03-19,3,156.66,34
11645,1965,9,2024-06-05,5,113.0,10
11646,1959,21,2025-12-24,1,12.84,1
11647,1689,36,2025-10-12,3,99.87,35
11648,783,29,2023-09-30,2,80.6,18
11649,123,23,2023-11-01,1,30.52,20
11650,1836,14,2024-05-15,1,52.29,17
11651,1582,44,2025-06-28,5,115.55,7
11652,1645,34,2025-03-06,3,110.67,15
11653,478,39,2025-01-17,5,261.1,35
11654,1205,37,2025-04-29,5,90.1,33
11655,198,14,2025-04-10,4,209.16,30
11656,216,28,2024-07-21,2,106.26,27
11657,1929,24,2024-10-22,1,25.27,14
11658,59,20,2024-11-15,4,180.68,27
11659,106,1,2026-08-06,4,207.08,36
11660,1957,11,2025-12-10,5,69.95,35
11661,285,13,2024-11-24,3,52.38,36
11662,1653,3,2025-06-18,2,100.2,4
11663,162,38,2024-01-31,5,98.15,3
11664,1,36,2024-06-26,3,99.87,37
11665,1591,15,2026-06-01,2,70.04,26
11666,1512,47,2025-01-03,1,50.27,17
11667,422,11,2024-06-19,4,55.96,27
11668,345,15,2024-09-10,3,105.06,10
11669,1492,12,2024-10-23,1,20.66,36
11670,82,19,2025-07-24,3,153.99,2
11671,1199,47,2026-01-15,1,50.27,12
11672,292,11,2025-06-12,1,13.99,16
11673,699,19,2025-06-21,2,102.66,36
11674,85,30,2024-02-03,1,44.18,13
11675,321,36,2024-11-14,4,133.16,28
11676,1993,22,2024-12-03,2,74.64,32
11677,429,40,2026-04-10,4,134.52,24
11678,1862,40,2023-12-30,1,33.63,17
11679,858,41,2024-07-24,3,171.93,18
11680,1069,27,2023-10-20,5,112.5,23
11681,1796,17,2026-07-18,1,23.88,35
11682,1199,48,2025-09-16,1,14.27,24
11683,1743,3,2024-09-27,4,200.4,18
11684,1284,21,2025-07-16,5,64.2,23
11685,1144,49,2023-11-11,4,176.72,7
11686,1966,46,2026-06-07,4,127.08,2
11687,891,47,2023-10-26,3,150.81,2
11688,1766,44,2024-09-28,2,46.22,35
11689,1370,39,2026-03-22,5,261.1,2
11690,807,12,2025-03-05,5,103.3,7
11691,562,46,2025-04-09,4,127.08,13
11692,732,24,2026-05-20,4,101.08,20
11693,154,44,2024-09-17,2,46.22,18
11694,317,5,2024-03-15,4,216.92,40
11695,149,26,2025-12-02,4,218.56,40
11696,1005,15,2025-10-24,1,35.02,29
11697,1060,48,2024-02-08,5,71.35,13
11698,591,19,2024-09-19,5,256.65,39
11699,595,29,2025-10-25,2,80.6,11
11700,381,27,2023-10-31,5,112.5,33
11701,904,41,2023-10-07,5,286.55,17
11702,1476,48,2023-12-04,1,14.27,14
11703,937,39,2024-07-31,2,104.44,23
11704,333,10,2024-11-02,3,156.45,3
11705,1684,22,2025-07-30,1,37.32,20
11706,131,43,2025-04-13,5,238.05,12
11707,1639,43,2023-09-29,1,47.61,4
11708,889,48,2023-10-08,4,57.08,19
11709,1015,40,2026-04-05,5,168.15,2
11710,1108,46,2023-10-08,1,31.77,18
11711,285,30,2025-01-01,3,132.54,21
11712,1826,15,2024-06-19,3,105.06,7
11713,1608,4,2023-12-24,3,143.46,11
11714,885,46,2025-11-06,5,158.85,35
11715,449,8,2023-11-16,3,53.79,19
11716,1563,17,2023-12-04,2,47.76,12
11717,1354,45,2025-08-17,5,225.35,17
11718,51,31,2024-02-01,1,17.66,2
11719,51,17,2026-06-06,3,71.64,27
11720,1343,13,2024-07-17,1,17.46,17
11721,446,44,2024-09-06,5,115.55,22
11722,1125,27,2026-07-24,5,112.5,22
11723,1304,49,2024-05-16,4,176.72,22
11724,1937,2,2023-12-20,5,268.7,37
11725,1365,26,2025-03-22,3,163.92,18
11726,254,28,2025-04-04,2,106.26,26
11727,551,14,2025-05-29,1,52.29,26
11728,1805,22,2025-07-30,4,149.28,7
11729,309,44,2026-02-18,4,92.44,27
11730,786,35,2025-10-19,2,31.88,21
11731,187,9,2026-02-03,1,22.6,26
11732,1797,21,2024-06-19,4,51.36,34
11733,1437,27,2024-08-31,4,90.0,9
11734,1331,9,2025-02-01,3,67.8,17
11735,1056,42,2026-03-27,4,105.64,24
11736,211,3,2023-11-26,2,100.2,11
11737,363,48,2023-10-09,1,14.27,37
11738,1430,47,2025-03-07,2,100.54,34
11739,477,21,2024-02-07,1,12.84,4
11740,1104,18,2025-11-06,2,75.18,27
11741,1272,27,2025-08-19,1,22.5,38
11742,1734,43,2024-10-18,2,95.22,9
11743,245,1,2024-05-18,1,51.77,6
11744,296,33,2023-10-15,3,71.46,37
11745,401,42,2025-06-26,1,26.41,21
11746,391,40,2024-03-04,2,67.26,1
11747,602,5,2023-12-28,1,54.23,18
11748,417,14,2026-02-11,2,104.58,35
11749,1025,9,2024-01-25,3,67.8,30
11750,396,43,2025-10-25,3,142.83,31
11751,753,15,2024-08-08,3,105.06,14
11752,1398,50,2026-04-19,3,56.34,12
11753,1287,9,2024-07-04,3,67.8,18
11754,574,14,2024-11-20,3,156.87,17
11755,973,32,2025-12-21,1,31.05,4
11756,529,14,2025-07-04,3,156.87,33
11757,197,29,2026-01-07,5,201.5,25
11758,239,25,2025-08-05,4,138.12,11
11759,1364,26,2026-07-23,1,54.64,27
11760,1593,40,2023-12-16,1,33.63,20
11761,152,24,2025-07-24,4,101.08,21
11762,897,49,2023-11-16,1,44.18,39
11763,59,38,2024-08-24,1,19.63,39
11764,1136,3,2023-09-12,3,150.3,11
11765,196,30,2024-09-28,2,88.36,21
11766,1302,28,2026-07-30,5,265.65,21
11767,1301,21,2026-07-30,3,38.52,11
11768,1047,16,2026-06-02,1,57.25,37
11769,327,11,2024-02-19,5,69.95,26
11770,1891,17,2025-07-18,4,95.52,7
11771,1108,40,2026-02-23,5,168.15,35
11772,1180,30,2026-02-20,3,132.54,35
11773,1151,26,2025-11-21,5,273.2,22
11774,1376,35,2025-03-17,3,47.82,8
11775,1282,46,2025-04-23,3,95.31,38
11776,543,13,2025-01-29,5,87.3,23
11777,848,41,2025-02-04,4,229.24,35
11778,487,45,2025-03-21,5,225.35,21
11779,606,14,2025-04-13,2,104.58,2
11780,1523,23,2026-01-27,2,61.04,3
11781,393,44,2025-07-12,1,23.11,32
11782,1274,15,2025-01-31,5,175.1,27
11783,1385,29,2026-07-25,4,161.2,6
11784,273,36,2024-04-12,1,33.29,26
11785,311,42,2026-01-04,3,79.23,25
11786,1273,29,2025-04-07,3,120.9,11
11787,1614,22,2023-10-28,1,37.32,36
11788,536,5,2025-08-25,2,108.46,36
11789,992,36,2024-05-12,4,133.16,34
11790,304,22,2026-08-27,4,149.28,20
11791,1322,25,2024-03-22,2,69.06,37
11792,1465,39,2026-01-31,5,261.1,17
11793,1989,28,2024-10-24,2,106.26,16
11794,208,43,2024-02-07,2,95.22,8
11795,181,13,2023-11-06,1,17.46,30
11796,1662,25,2025-08-03,4,138.12,24
11797,1763,15,2023-10-23,5,175.1,37
11798,1243,3,2023-12-22,3,150.3,7
11799,1767,32,2024-11-02,4,124.2,22
11800,86,6,2024-11-27,3,67.95,21
11801,906,3,2024-03-23,3,150.3,20
11802,1290,9,2024-06-20,1,22.6,21
11803,101,38,2025-08-05,4,78.52,5
11804,1873,41,2024-01-12,5,286.55,13
11805,1678,26,2024-03-13,5,273.2,38
11806,754,5,2023-11-07,2,108.46,39
11807,1042,44,2024-10-01,1,23.11,7
11808,992,1,2024-06-23,3,155.31,39
11809,369,1,2025-12-10,5,258.85,4
11810,1613,45,2025-04-17,1,45.07,13
11811,675,23,2024-10-14,4,122.08,9
11812,1080,13,2025-07-27,5,87.3,22
11813,511,4,2025-03-01,2,95.64,31
11814,1651,22,2024-02-23,3,111.96,6
11815,68,7,2026-04-11,2,66.68,38
11816,829,42,2026-02-19,1,26.41,36
11817,1479,12,2024-03-06,3,61.98,6
11818,857,3,2024-04-12,3,150.3,3
11819,776,39,2025-09-21,3,156.66,1
11820,1876,26,2024-05-27,2,109.28,40
11821,861,45,2026-03-05,5,225.35,18
11822,1625,40,2026-05-11,5,168.15,10
11823,594,24,2026-02-17,5,126.35,9
11824,1392,5,2025-10-11,5,271.15,11
11825,1555,4,2023-12-05,1,47.82,8
11826,518,38,2023-09-16,5,98.15,8
11827,1321,38,2025-03-18,3,58.89,21
11828,1280,27,2026-06-02,2,45.0,6
11829,174,26,2024-05-15,4,218.56,18
11830,1394,34,2023-11-24,3,110.67,10
11831,1495,30,2025-08-13,1,44.18,30
11832,1362,47,2024-06-21,5,251.35,10
11833,1974,39,2024-04-26,4,208.88,27
11834,28,5,2025-04-07,3,162.69,21
11835,1243,32,2024-02-22,4,124.2,8
11836,146,21,2025-03-28,4,51.36,15
11837,400,19,2026-05-10,2,102.66,30
11838,822,18,2025-09-23,1,37.59,40
11839,1419,6,2024-03-09,3,67.95,21
11840,1644,28,2026-04-16,3,159.39,4
11841,840,45,2026-04-29,3,135.21,4
11842,915,50,2025-08-10,3,56.34,23
11843,220,25,2025-05-18,1,34.53,35
11844,1796,32,2024-01-04,4,124.2,36
11845,1443,35,2026-08-31,5,79.7,29
11846,1750,40,2026-06-27,2,67.26,20
11847,1264,37,2025-09-23,2,36.04,15
11848,1652,13,2025-07-27,4,69.84,14
11849,988,44,2024-01-21,3,69.33,4
11850,1180,4,2024-01-05,1,47.82,1
11851,1432,46,2026-04-06,3,95.31,6
11852,1371,18,2026-08-26,2,75.18,5
11853,120,25,2026-09-03,5,172.65,12
11854,1626,7,2025-11-30,1,33.34,7
11855,1589,32,2024-02-08,2,62.1,11
11856,115,46,2025-10-25,2,63.54,28
11857,1937,46,2026-04-28,1,31.77,3
11858,357,26,2024-09-22,5,273.2,2
11859,530,7,2025-06-26,5,166.7,11
11860,98,39,2024-10-26,1,52.22,21
11861,1481,16,2025-01-06,5,286.25,12
11862,635,18,2024-10-22,4,150.36,4
11863,1679,23,2026-09-01,2,61.04,2
11864,368,6,2024-11-01,5,113.25,14
11865,37,8,2025-07-12,1,17.93,25
11866,181,6,2023-09-28,5,113.25,20
11867,95,50,2024-01-25,5,93.9,4
11868,343,20,2023-12-21,1,45.17,29
11869,1637,44,2025-09-22,5,115.55,36
11870,1389,17,2023-09-29,3,71.64,34
11871,209,34,2025-06-19,3,110.67,26
11872,1794,4,2025-10-09,4,191.28,16
11873,970,35,2024-08-13,3,47.82,32
11874,1519,36,2023-12-25,1,33.29,40
11875,1232,18,2026-05-20,2,75.18,24
11876,839,12,2024-01-13,4,82.64,16
11877,1780,9,2026-07-14,5,113.0,36
11878,1871,35,2023-11-06,4,63.76,14
11879,1429,27,2025-01-25,3,67.5,31
11880,1462,4,2026-04-19,3,143.46,15
11881,1186,5,2023-09-17,3,162.69,23
11882,1047,41,2025-04-29,3,171.93,5
11883,596,4,2024-12-12,1,47.82,30
11884,8,47,2024-01-23,2,100.54,12
11885,1136,45,2025-06-08,5,225.35,15
11886,1134,46,2024-12-30,2,63.54,35
11887,1009,15,2023-11-25,1,35.02,4
11888,1991,46,2026-01-26,4,127.08,40
11889,204,4,2026-08-18,2,95.64,7
11890,834,14,2024-09-23,3,156.87,11
11891,608,50,2025-02-26,3,56.34,4
11892,742,46,2024-12-22,1,31.77,24
11893,1121,44,2024-05-15,2,46.22,30
11894,444,48,2025-03-01,5,71.35,10
11895,629,30,2025-09-13,5,220.9,21
11896,1492,45,2024-11-20,5,225.35,26
11897,846,28,2025-11-04,5,265.65,31
11898,1871,4,2024-07-17,3,143.46,24
11899,699,45,2024-08-05,4,180.28,25
11900,1133,44,2023-10-15,5,115.55,22
11901,836,46,2024-10-31,1,31.77,18
11902,240,21,2026-04-03,4,51.36,7
11903,340,18,2024-05-19,5,187.95,19
11904,1226,50,2025-09-02,1,18.78,38
11905,1454,15,2025-06-02,4,140.08,2
11906,1246,4,2026-07-18,2,95.64,22
11907,1342,12,2024-11-30,5,103.3,23
11908,97,3,2024-08-16,2,100.2,17
11909,1257,41,2024-11-14,3,171.93,34
11910,1015,2,2024-07-21,4,214.96,38
11911,391,37,2023-09-28,3,54.06,13
11912,1658,35,2025-04-01,1,15.94,31
11913,407,14,2026-06-03,3,156.87,11
11914,185,1,2023-12-20,1,51.77,33
11915,986,20,2026-03-24,2,90.34,7
11916,972,45,2025-05-09,3,135.21,36
11917,1577,41,2026-09-01,2,114.62,35
11918,312,28,2024-11-08,3,159.39,25
11919,1901,35,2025-12-23,3,47.82,24
11920,470,29,2026-09-08,2,80.6,39
11921,17,31,2024-06-22,5,88.3,20
11922,171,47,2026-05-02,1,50.27,31
11923,1999,47,2023-10-21,3,150.81,18
11924,764,11,2024-04-24,2,27.98,13
11925,1698,7,2025-05-03,1,33.34,10
11926,801,48,2025-06-21,5,71.35,11
11927,1074,42,2024-07-25,1,26.41,2
11928,1435,23,2024-08-07,2,61.04,28
11929,1004,4,2025-11-18,3,143.46,36
11930,1846,37,2024-10-24,4,72.08,8
11931,241,34,2024-08-27,5,184.45,1
11932,437,49,2025-03-14,1,44.18,16
11933,233,32,2025-10-03,1,31.05,12
11934,710,46,2024-07-31,4,127.08,2
11935,309,18,2024-03-24,3,112.77,10
11936,290,49,2026-08-13,2,88.36,25
11937,201,6,2023-12-26,3,67.95,26
11938,894,10,2024-06-11,4,208.6,40
11939,454,17,2024-07-26,5,119.4,21
11940,964,26,2025-12-25,2,109.28,25
11941,338,36,2024-07-27,3,99.87,36
11942,1506,12,2026-01-01,1,20.66,18
11943,656,18,2025-04-02,3,112.77,19
11944,514,3,2026-02-09,4,200.4,9
11945,954,3,2024-08-23,2,100.2,35
11946,1522,21,2024-06-17,2,25.68,23
11947,788,38,2024-04-03,3,58.89,35
11948,680,25,2026-07-07,3,103.59,28
11949,953,4,2026-07-18,3,143.46,32
11950,1774,13,2025-03-05,4,69.84,7
11951,644,24,2024-06-16,4,101.08,32
11952,1077,32,2024-10-11,5,155.25,9
11953,1987,1,2025-12-21,5,258.85,11
11954,962,7,2024-05-25,5,166.7,4
11955,816,18,2023-10-13,2,75.18,9
11956,1546,37,2025-12-09,4,72.08,8
11957,907,1,2025-09-04,2,103.54,22
11958,1616,22,2025-04-13,5,186.6,7
11959,4,5,2024-11-13,2,108.46,38
11960,864,33,2024-05-04,5,119.1,40
11961,948,12,2025-07-09,5,103.3,3
11962,1825,32,2025-09-06,1,31.05,12
11963,1121,48,2025-11-26,2,28.54,22
11964,412,48,2025-04-10,1,14.27,35
11965,1497,36,2024-07-07,2,66.58,11
11966,1170,14,2026-06-02,2,104.58,19
11967,1318,16,2024-03-19,4,229.0,4
11968,1886,36,2026-04-22,3,99.87,6
11969,1257,11,2026-03-14,1,13.99,22
11970,271,36,2026-01-29,1,33.29,12
11971,724,32,2024-06-26,4,124.2,3
11972,88,50,2024-09-25,4,75.12,14
11973,945,21,2026-01-05,2,25.68,35
11974,361,27,2026-05-17,5,112.5,29
11975,1584,2,2024-11-12,4,214.96,4
11976,8,4,2026-03-08,1,47.82,4
11977,1764,35,2023-10-23,3,47.82,16
11978,966,12,2025-01-31,4,82.64,35
11979,705,35,2025-08-18,1,15.94,35
11980,422,48,2024-03-08,3,42.81,25
11981,106,15,2026-05-21,3,105.06,28
11982,526,33,2024-04-25,2,47.64,6
11983,558,24,2025-02-23,2,50.54,9
11984,22,50,2024-08-30,1,18.78,8
11985,232,1,2024-12-16,2,103.54,14
11986,404,7,2025-05-13,1,33.34,31
11987,1954,24,2025-03-04,2,50.54,38
11988,1193,28,2025-04-08,1,53.13,22
11989,1512,4,2024-02-05,2,95.64,24
11990,557,3,2024-05-06,1,50.1,23
11991,1609,9,2026-05-19,4,90.4,11
11992,1677,19,2024-11-03,1,51.33,19
11993,1348,50,2025-04-25,4,75.12,7
11994,1750,34,2026-02-22,4,147.56,11
11995,1484,22,2024-11-03,3,111.96,2
11996,809,20,2026-05-20,3,135.51,6
11997,1922,21,2026-03-06,5,64.2,37
11998,199,36,2024-11-08,3,99.87,36
11999,1834,47,2025-09-26,2,100.54,24
12000,1244,27,2025-03-26,5,112.5,26
12001,194,29,2025-03-23,5,201.5,13
12002,864,12,2025-07-04,5,103.3,35
12003,1629,3,2026-08-22,1,50.1,38
12004,1891,38,2025-02-02,5,98.15,15
12005,22,7,2025-03-18,3,100.02,27
12006,1492,36,2026-04-17,5,166.45,22
12007,1714,34,2025-03-08,3,110.67,8
12008,1466,40,2023-12-08,5,168.15,27
12009,611,33,2024-12-15,5,119.1,31
12010,1516,36,2026-03-13,5,166.45,19
12011,1088,37,2024-03-02,4,72.08,3
12012,92,25,2025-09-03,5,172.65,35
12013,514,49,2023-12-27,4,176.72,29
12014,467,25,2025-04-11,3,103.59,6
12015,900,49,2025-03-06,1,44.18,38
12016,581,12,2024-04-09,4,82.64,8
12017,1026,24,2024-07-11,5,126.35,10
12018,1179,5,2024-11-13,1,54.23,6
12019,325,15,2026-06-22,1,35.02,30
12020,737,33,2026-05-01,1,23.82,11
12021,1281,46,2026-04-14,3,95.31,6
12022,179,45,2026-06-07,2,90.14,13
12023,1542,27,2023-12-26,1,22.5,21
12024,1908,39,2023-11-27,3,156.66,18
12025,1177,38,2024-02-27,5,98.15,30
12026,1557,17,2024-03-28,5,119.4,12
12027,575,23,2024-02-13,4,122.08,12
12028,182,28,2026-08-09,4,212.52,13
12029,1295,31,2025-01-19,3,52.98,30
12030,18,40,2024-03-30,5,168.15,29
12031,1848,31,2024-12-17,4,70.64,17
12032,44,6,2024-01-11,3,67.95,36
12033,1209,34,2025-10-25,4,147.56,35
12034,629,31,2026-03-04,3,52.98,31
12035,1953,43,2025-03-02,1,47.61,34
12036,363,47,2024-05-18,2,100.54,11
12037,813,22,2025-07-26,5,186.6,4
12038,1607,8,2024-03-26,4,71.72,3
12039,1695,19,2024-07-06,5,256.65,25
12040,1185,45,2026-03-13,2,90.14,39
12041,1325,36,2026-01-07,5,166.45,4
12042,1599,46,2026-06-18,4,127.08,3
12043,1796,11,2024-07-29,3,41.97,27
12044,152,31,2026-09-01,1,17.66,20
12045,1024,15,2026-02-12,2,70.04,6
12046,1920,50,2024-02-16,4,75.12,7
12047,1898,27,2026-09-04,5,112.5,11
12048,346,5,2023-11-20,1,54.23,38
12049,802,41,2024-07-21,2,114.62,4
12050,1801,34,2025-04-09,4,147.56,5
12051,525,43,2024-01-06,5,238.05,15
12052,1369,1,2024-10-20,5,258.85,26
12053,437,42,2023-11-09,2,52.82,38
12054,877,31,2024-07-13,5,88.3,39
12055,1683,40,2026-04-26,4,134.52,30
12056,729,30,2024-12-02,1,44.18,22
12057,1738,13,2023-09-26,5,87.3,6
12058,1441,26,2024-03-02,4,218.56,24
12059,1530,26,2026-01-17,2,109.28,26
12060,761,8,2024-08-02,3,53.79,36
12061,564,34,2024-02-21,5,184.45,2
12062,776,15,2026-03-07,1,35.02,11
12063,514,25,2024-03-10,2,69.06,15
12064,767,10,2026-06-21,4,208.6,6
12065,741,9,2026-05-02,1,22.6,33
12066,1661,43,2025-10-11,3,142.83,27
12067,1594,33,2025-10-15,1,23.82,12
12068,943,50,2026-06-22,2,37.56,8
12069,803,44,2025-10-09,5,115.55,26
12070,1160,16,2026-02-02,1,57.25,2
12071,19,44,2025-08-06,3,69.33,25
12072,1386,21,2023-11-06,4,51.36,8
12073,370,28,2024-03-16,2,106.26,40
12074,296,36,2026-09-04,3,99.87,8
12075,1044,30,2025-07-19,4,176.72,23
12076,398,34,2025-11-28,1,36.89,27
12077,1539,20,2025-04-27,2,90.34,17
12078,730,9,2025-10-28,1,22.6,20
12079,1214,25,2023-10-30,1,34.53,22
12080,1629,20,2025-12-10,1,45.17,1
12081,959,8,2023-12-28,4,71.72,36
12082,93,13,2024-10-04,4,69.84,24
12083,1014,9,2025-09-28,4,90.4,33
12084,786,3,2026-03-01,2,100.2,36
12085,1702,47,2026-05-07,5,251.35,37
12086,535,38,2025-05-19,2,39.26,7
12087,1545,6,2024-02-29,1,22.65,9
12088,1521,34,2024-01-17,2,73.78,6
12089,323,8,2023-09-29,3,53.79,29
12090,1394,33,2024-04-24,4,95.28,25
12091,1700,38,2024-04-16,2,39.26,33
12092,1284,3,2023-11-05,5,250.5,10
12093,1797,47,2025-08-21,4,201.08,8
12094,58,38,2024-05-30,2,39.26,37
12095,785,39,2025-09-17,5,261.1,1
12096,217,26,2023-10-21,4,218.56,20
12097,1098,10,2026-07-26,4,208.6,28
12098,1751,43,2025-08-13,3,142.83,5
12099,1329,14,2025-11-09,4,209.16,5
12100,368,8,2024-02-09,2,35.86,37
12101,375,6,2023-12-29,5,113.25,39
12102,146,33,2026-08-11,4,95.28,38
12103,251,30,2025-03-20,5,220.9,35
12104,1245,2,2024-07-04,1,53.74,7
12105,394,4,2026-07-07,2,95.64,3
12106,1048,30,2023-09-27,5,220.9,1
12107,1780,20,2024-01-04,2,90.34,31
12108,261,41,2023-11-20,5,286.55,32
12109,1183,30,2024-03-27,1,44.18,36
12110,518,25,2025-08-18,5,172.65,10
12111,1754,16,2025-05-28,2,114.5,18
12112,1636,11,2025-01-12,2,27.98,29
12113,523,33,2024-02-19,2,47.64,18
12114,1300,23,2024-02-17,4,122.08,21
12115,1135,8,2024-06-14,3,53.79,14
12116,749,7,2024-04-28,2,66.68,18
12117,17,20,2025-08-08,1,45.17,21
12118,1696,19,2025-01-13,2,102.66,17
12119,1314,12,2025-07-02,4,82.64,22
12120,558,3,2024-08-06,3,150.3,6
12121,1134,40,2024-02-03,5,168.15,26
12122,721,17,2024-05-13,2,47.76,38
12123,1992,4,2024-11-28,3,143.46,18
12124,1500,22,2023-11-26,3,111.96,2
12125,1097,38,2026-07-18,4,78.52,23
12126,1789,38,2025-06-26,4,78.52,3
12127,758,33,2026-05-30,2,47.64,33
12128,1323,5,2025-12-27,2,108.46,32
12129,1598,10,2026-05-09,5,260.75,11
12130,842,5,2023-12-31,1,54.23,6
12131,459,15,2026-05-20,4,140.08,30
12132,196,9,2026-04-10,2,45.2,8
12133,421,7,2024-01-13,4,133.36,15
12134,12,47,2024-02-12,3,150.81,17
12135,1957,29,2026-05-18,1,40.3,13
12136,658,37,2026-02-21,5,90.1,19
12137,1960,35,2024-04-07,5,79.7,29
12138,128,9,2024-11-15,4,90.4,5
12139,1718,20,2025-07-20,5,225.85,2
12140,59,21,2023-12-05,4,51.36,5
12141,539,21,2024-12-09,3,38.52,33
12142,430,25,2024-05-15,2,69.06,16
12143,1325,6,2026-03-18,4,90.6,21
12144,1943,29,2026-02-22,4,161.2,25
12145,1314,5,2025-08-11,5,271.15,7
12146,1352,31,2025-07-05,5,88.3,16
12147,616,2,2026-04-11,4,214.96,20
12148,1929,22,2024-01-26,3,111.96,6
12149,881,29,2024-02-08,3,120.9,35
12150,829,43,2025-03-29,3,142.83,33
12151,1444,38,2026-05-07,2,39.26,32
12152,1595,24,2024-03-29,5,126.35,28
12153,1238,49,2024-02-27,5,220.9,33
12154,1702,41,2024-02-05,2,114.62,21
12155,437,37,2023-11-18,4,72.08,30
12156,1587,5,2025-01-21,5,271.15,33
12157,1643,12,2024-02-29,1,20.66,7
12158,501,6,2024-07-11,3,67.95,19
12159,887,44,2023-11-08,4,92.44,11
12160,1609,31,2025-01-18,2,35.32,16
12161,1809,6,2023-12-19,2,45.3,21
12162,24,49,2024-04-02,4,176.72,33
12163,1913,42,2024-07-14,4,105.64,9
12164,1573,8,2026-02-23,1,17.93,33
12165,1274,17,2023-11-14,5,119.4,22
12166,1562,21,2025-11-14,3,38.52,8
12167,1620,20,2024-07-04,4,180.68,28
12168,731,36,2026-04-14,5,166.45,39
12169,1255,2,2024-10-16,1,53.74,11
12170,1261,50,2025-09-15,2,37.56,30
12171,108,33,2025-08-27,1,23.82,28
12172,192,5,2024-02-03,5,271.15,6
12173,1247,4,2026-01-06,1,47.82,12
12174,1781,25,2026-03-27,1,34.53,17
12175,1186,7,2026-01-24,2,66.68,27
12176,1452,17,2026-03-12,3,71.64,2
12177,411,4,2025-11-16,3,143.46,37
12178,1720,41,2023-12-02,4,229.24,6
12179,1007,9,2024-11-01,4,90.4,30
12180,475,24,2026-05-20,4,101.08,26
12181,830,50,2026-05-25,4,75.12,20
12182,1881,31,2026-06-24,4,70.64,17
12183,1011,30,2025-06-07,4,176.72,3
12184,633,6,2025-04-16,5,113.25,12
12185,947,29,2023-10-07,4,161.2,35
12186,1716,49,2025-11-18,3,132.54,7
12187,632,10,2026-04-11,2,104.3,11
12188,906,6,2024-05-04,4,90.6,36
12189,440,14,2025-01-25,1,52.29,12
12190,1161,7,2024-05-10,2,66.68,33
12191,366,16,2024-12-25,1,57.25,39
12192,494,42,2024-09-17,5,132.05,8
12193,145,5,2025-09-01,2,108.46,10
12194,1232,45,2026-02-22,3,135.21,26
12195,459,9,2025-06-24,1,22.6,5
12196,436,44,2026-03-12,1,23.11,21
12197,346,38,2024-05-17,2,39.26,40
12198,1880,47,2026-09-02,2,100.54,19
12199,937,21,2025-06-05,2,25.68,29
12200,150,5,2025-12-15,4,216.92,5
12201,1511,17,2026-02-13,1,23.88,35
12202,1594,43,2025-04-20,2,95.22,22
12203,858,40,2026-04-28,2,67.26,26
12204,266,3,2024-03-25,3,150.3,33
12205,1131,36,2023-12-09,5,166.45,25
12206,170,45,2026-03-13,1,45.07,6
12207,531,48,2025-08-17,4,57.08,36
12208,879,18,2025-06-21,1,37.59,17
12209,1673,14,2025-06-05,4,209.16,27
12210,220,4,2023-10-11,4,191.28,15
12211,977,19,2025-07-24,2,102.66,16
12212,346,23,2025-06-22,5,152.6,17
12213,1001,29,2025-02-21,5,201.5,25
12214,1661,8,2026-08-17,3,53.79,28
12215,1876,40,2024-10-22,2,67.26,38
12216,8,32,2025-08-26,1,31.05,6
12217,1923,30,2025-07-05,3,132.54,22
12218,393,21,2024-10-08,5,64.2,28
12219,1714,23,2025-03-02,5,152.6,10
12220,1098,43,2026-08-24,5,238.05,4
12221,178,40,2026-02-10,4,134.52,16
12222,1505,41,2026-03-16,5,286.55,28
12223,1099,46,2025-01-27,1,31.77,29
12224,1397,38,2025-07-01,1,19.63,16
12225,1122,25,2025-04-27,5,172.65,2
12226,76,1,2025-06-23,3,155.31,39
12227,829,18,2023-09-14,3,112.77,8
12228,246,31,2024-08-08,1,17.66,36
12229,139,29,2024-01-29,2,80.6,11
12230,1744,6,2024-07-05,3,67.95,16
12231,373,42,2024-08-05,2,52.82,34
12232,190,15,2024-06-21,5,175.1,37
12233,1920,29,2026-01-19,4,161.2,21
12234,1253,30,2025-04-08,2,88.36,7
12235,169,47,2024-01-07,1,50.27,34
12236,813,10,2025-02-19,2,104.3,34
12237,1030,40,2026-07-29,5,168.15,2
12238,1833,12,2024-10-29,4,82.64,5
12239,1160,44,2025-03-23,1,23.11,1
12240,1819,50,2024-05-29,4,75.12,22
12241,1992,3,2023-11-09,2,100.2,26
12242,95,35,2024-08-27,5,79.7,37
12243,1102,8,2026-06-25,4,71.72,13
12244,470,43,2025-07-08,1,47.61,40
12245,483,8,2025-04-02,5,89.65,38
12246,904,47,2025-09-16,2,100.54,20
12247,475,30,2023-12-14,3,132.54,4
12248,1127,10,2023-09-27,2,104.3,12
12249,654,49,2025-12-13,3,132.54,24
12250,1025,10,2025-09-07,5,260.75,5
12251,1418,4,2024-12-30,2,95.64,25
12252,762,13,2024-07-01,1,17.46,35
12253,593,39,2024-12-09,4,208.88,13
12254,321,13,2024-12-01,3,52.38,25
12255,1987,35,2024-06-21,5,79.7,26
12256,97,43,2025-04-21,4,190.44,26
12257,544,43,2026-08-14,2,95.22,9
12258,360,20,2025-06-24,4,180.68,37
12259,478,22,2026-02-03,4,149.28,27
12260,1473,5,2025-02-08,1,54.23,5
12261,1446,3,2026-09-03,4,200.4,3
12262,1719,33,2025-09-01,4,95.28,12
12263,7,46,2026-04-16,2,63.54,13
12264,905,15,2025-10-11,5,175.1,25
12265,1422,38,2023-09-29,5,98.15,30
12266,357,30,2025-03-07,2,88.36,10
12267,1018,33,2024-05-17,4,95.28,27
12268,1084,25,2025-07-20,3,103.59,20
12269,405,4,2025-03-22,4,191.28,24
12270,1776,17,2026-03-28,1,23.88,31
12271,1455,48,2024-01-30,4,57.08,37
12272,135,9,2024-08-19,1,22.6,24
12273,541,15,2025-11-16,2,70.04,22
12274,1513,46,2025-06-09,4,127.08,30
12275,872,25,2025-12-17,5,172.65,12
12276,1748,38,2026-03-10,2,39.26,31
12277,1511,36,2025-05-06,5,166.45,38
12278,1676,15,2023-12-31,3,105.06,18
12279,1885,7,2024-07-13,5,166.7,32
12280,1802,41,2025-11-23,3,171.93,28
12281,1271,24,2026-03-30,4,101.08,16
12282,403,33,2026-04-16,2,47.64,5
12283,1389,35,2024-10-21,2,31.88,11
12284,250,24,2023-12-19,2,50.54,7
12285,1245,32,2024-10-03,3,93.15,32
12286,300,11,2025-07-03,1,13.99,24
12287,1299,37,2025-07-17,3,54.06,32
12288,1488,31,2025-09-12,5,88.3,4
12289,930,7,2024-05-22,4,133.36,12
12290,971,17,2023-12-25,4,95.52,28
12291,1981,11,2024-09-06,2,27.98,24
12292,1084,46,2024-03-15,2,63.54,26
12293,519,4,2025-04-27,3,143.46,29
12294,648,14,2026-08-07,2,104.58,39
12295,290,21,2026-06-27,4,51.36,40
12296,468,18,2025-08-09,3,112.77,19
12297,1051,7,2025-09-17,3,100.02,40
12298,1185,11,2026-04-23,4,55.96,7
12299,1521,9,2026-03-15,3,67.8,40
12300,1336,4,2023-10-21,2,95.64,39
12301,155,1,2026-01-27,2,103.54,39
12302,785,39,2026-07-13,2,104.44,1
12303,432,27,2026-04-06,4,90.0,26
12304,1778,20,2026-07-29,5,225.85,17
12305,546,38,2024-03-09,1,19.63,5
12306,416,44,2023-10-17,1,23.11,14
12307,1396,3,2025-05-10,2,100.2,38
12308,234,23,2024-06-15,5,152.6,22
12309,577,15,2025-01-23,5,175.1,29
12310,820,26,2025-05-31,3,163.92,11
12311,1040,15,2024-04-25,5,175.1,38
12312,1844,9,2025-09-11,1,22.6,7
12313,1151,24,2024-04-29,1,25.27,25
12314,498,6,2024-05-27,2,45.3,38
12315,368,30,2026-01-27,1,44.18,35
12316,1361,16,2024-11-24,2,114.5,9
12317,132,3,2024-04-15,1,50.1,35
12318,10,26,2025-04-11,4,218.56,10
12319,875,41,2023-11-18,3,171.93,26
12320,1981,14,2023-12-23,3,156.87,25
12321,39,18,2025-09-04,4,150.36,38
12322,389,40,2026-07-23,3,100.89,17
12323,1023,4,2025-05-22,3,143.46,30
12324,553,6,2025-12-31,3,67.95,1
12325,315,24,2024-08-24,4,101.08,18
12326,4,38,2025-02-23,4,78.52,36
12327,505,30,2023-12-11,5,220.9,1
12328,477,39,2024-03-12,2,104.44,13
12329,1214,20,2024-12-13,2,90.34,21
12330,1254,9,2026-01-25,5,113.0,15
12331,600,46,2023-11-17,2,63.54,27
12332,1913,30,2024-06-25,2,88.36,19
12333,992,50,2025-12-30,3,56.34,29
12334,119,6,2024-11-22,2,45.3,29
12335,1158,20,2024-11-23,1,45.17,38
12336,1742,47,2026-09-05,2,100.54,16
12337,246,16,2025-02-07,1,57.25,24
12338,1028,37,2025-02-22,1,18.02,14
12339,842,24,2024-01-27,3,75.81,19
12340,1286,21,2026-01-25,1,12.84,4
12341,282,19,2024-01-02,4,205.32,13
12342,559,15,2024-07-27,3,105.06,33
12343,512,28,2025-03-04,2,106.26,11
12344,324,30,2025-04-10,5,220.9,38
12345,179,6,2025-08-23,1,22.65,17
12346,700,5,2025-07-02,2,108.46,6
12347,852,15,2025-08-27,4,140.08,2
12348,1666,31,2024-04-27,4,70.64,5
12349,1569,20,2026-02-19,1,45.17,25
12350,179,28,2025-01-07,4,212.52,3
12351,335,26,2025-08-03,5,273.2,7
12352,1848,35,2025-08-09,2,31.88,25
12353,928,49,2025-11-06,5,220.9,27
12354,1283,10,2026-07-03,4,208.6,11
12355,1872,34,2024-04-25,3,110.67,40
12356,110,44,2024-05-27,3,69.33,34
12357,1413,32,2025-09-08,1,31.05,22
12358,47,5,2023-12-21,4,216.92,24
12359,185,39,2024-09-30,3,156.66,30
12360,139,7,2024-12-30,5,166.7,20
12361,752,11,2026-07-08,5,69.95,12
12362,1519,30,2023-09-17,2,88.36,37
12363,1718,24,2026-01-30,4,101.08,22
12364,932,4,2025-11-03,4,191.28,22
12365,1439,48,2026-05-19,2,28.54,7
12366,1876,48,2025-05-31,3,42.81,34
12367,1270,18,2024-02-10,1,37.59,6
12368,799,15,2026-07-30,5,175.1,28
12369,646,8,2025-11-10,2,35.86,17
12370,1805,2,2024-03-27,5,268.7,29
12371,558,14,2026-08-22,1,52.29,34
12372,924,46,2025-10-28,3,95.31,3
12373,789,22,2026-03-01,1,37.32,22
12374,139,32,2025-09-22,2,62.1,1
12375,1195,48,2024-01-26,2,28.54,14
12376,461,5,2025-06-19,1,54.23,6
12377,592,8,2024-02-02,3,53.79,37
12378,1058,44,2026-02-06,4,92.44,7
12379,997,3,2026-05-03,2,100.2,22
12380,276,22,2025-04-24,1,37.32,11
12381,1151,22,2024-10-13,1,37.32,17
12382,37,24,2025-11-21,1,25.27,14
12383,503,43,2023-12-01,3,142.83,4
12384,741,21,2024-02-02,4,51.36,28
12385,477,13,2026-05-30,3,52.38,22
12386,1770,29,2024-03-20,2,80.6,35
12387,334,48,2024-08-06,5,71.35,8
12388,1791,26,2025-10-14,1,54.64,12
12389,1254,11,2024-09-14,1,13.99,35
12390,1519,11,2026-08-14,5,69.95,14
12391,511,24,2026-05-02,5,126.35,2
12392,1374,14,2024-08-05,3,156.87,7
12393,1773,25,2026-08-30,5,172.65,30
12394,504,16,2024-08-28,4,229.0,2
12395,1581,37,2023-09-27,3,54.06,30
12396,492,28,2024-06-23,1,53.13,33
12397,1508,35,2025-02-06,4,63.76,16
12398,670,50,2025-02-02,2,37.56,23
12399,851,25,2024-01-06,1,34.53,24
12400,604,4,2026-04-06,4,191.28,13
12401,1706,49,2026-04-10,2,88.36,7
12402,15,26,2025-08-03,4,218.56,35
12403,514,28,2023-12-12,1,53.13,13
12404,52,9,2024-03-20,5,113.0,13
12405,1413,39,2025-09-08,2,104.44,28
12406,1050,18,2026-09-01,4,150.36,13
12407,1928,12,2024-07-06,2,41.32,16
12408,1083,50,2025-03-30,4,75.12,22
12409,1645,28,2025-07-27,4,212.52,30
12410,21,31,2026-04-17,5,88.3,31
12411,1615,46,2025-05-09,3,95.31,14
12412,1243,32,2024-05-28,4,124.2,29
12413,1376,30,2025-04-07,1,44.18,9
12414,772,34,2024-02-03,5,184.45,18
12415,1625,37,2026-01-09,4,72.08,1
12416,1321,49,2025-06-25,3,132.54,30
12417,958,9,2026-04-18,3,67.8,26
12418,91,38,2024-12-13,3,58.89,39
12419,136,50,2025-03-03,2,37.56,24
12420,664,26,2025-03-14,4,218.56,39
12421,1082,1,2026-03-08,1,51.77,4
12422,1364,4,2024-05-01,2,95.64,30
12423,382,22,2024-01-15,1,37.32,35
12424,1194,26,2024-03-25,1,54.64,11
12425,191,41,2025-09-17,2,114.62,5
12426,1761,49,2023-10-08,2,88.36,18
12427,1120,27,2024-12-15,3,67.5,32
12428,1367,9,2024-02-15,5,113.0,5
12429,990,39,2026-09-07,5,261.1,8
12430,935,24,2026-01-15,4,101.08,17
12431,28,13,2024-11-05,4,69.84,28
12432,956,3,2026-02-05,5,250.5,32
12433,402,20,2026-04-12,2,90.34,14
12434,752,12,2025-08-30,1,20.66,11
12435,256,11,2024-04-15,5,69.95,8
12436,147,31,2023-10-14,5,88.3,22
12437,1819,7,2023-11-11,4,133.36,31
12438,1556,24,2023-11-06,3,75.81,26
12439,1280,2,2026-07-18,4,214.96,29
12440,1299,44,2025-09-23,3,69.33,26
12441,722,12,2025-10-30,5,103.3,8
12442,1996,8,2025-01-25,1,17.93,24
12443,1428,17,2024-03-08,3,71.64,21
12444,388,10,2024-11-29,2,104.3,4
12445,1183,35,2024-11-12,1,15.94,1
12446,1937,16,2025-11-23,4,229.0,10
12447,1922,34,2024-01-11,5,184.45,21
12448,1032,35,2024-08-16,2,31.88,40
12449,1535,16,2025-09-06,4,229.0,12
12450,1617,4,2026-05-05,3,143.46,22
12451,1232,26,2025-11-02,3,163.92,37
12452,811,26,2026-06-11,1,54.64,33
12453,1207,3,2026-05-03,4,200.4,10
12454,1044,24,2026-05-24,4,101.08,7
12455,143,49,2026-01-27,2,88.36,29
12456,1967,42,2026-03-05,4,105.64,35
12457,261,20,2024-05-27,3,135.51,24
12458,1946,7,2024-09-12,3,100.02,2
12459,195,39,2024-03-26,2,104.44,16
12460,1394,32,2026-05-17,2,62.1,39
12461,1302,26,2026-06-15,5,273.2,22
12462,1115,48,2025-12-15,2,28.54,15
12463,697,3,2024-04-02,1,50.1,2
12464,945,28,2025-05-01,3,159.39,35
12465,1862,2,2026-02-06,5,268.7,16
12466,1260,43,2023-10-05,2,95.22,16
12467,404,9,2025-04-30,4,90.4,2
12468,1985,20,2024-05-03,4,180.68,17
12469,601,35,2025-04-19,2,31.88,27
12470,1487,27,2025-02-05,1,22.5,3
12471,1059,39,2024-04-07,1,52.22,12
12472,1879,15,2026-02-26,4,140.08,13
12473,568,16,2025-10-07,5,286.25,13
12474,1732,38,2026-05-28,2,39.26,39
12475,842,26,2025-05-30,3,163.92,32
12476,943,9,2024-11-18,3,67.8,6
12477,1748,24,2024-01-13,3,75.81,40
12478,980,41,2025-08-29,3,171.93,17
12479,640,16,2026-06-01,5,286.25,37
12480,746,25,2024-07-01,4,138.12,28
12481,1484,12,2026-05-19,3,61.98,4
12482,1630,19,2024-11-23,2,102.66,23
12483,1552,38,2024-10-18,1,19.63,30
12484,524,14,2026-05-05,2,104.58,28
12485,137,5,2023-11-06,2,108.46,11
12486,1956,12,2026-04-02,5,103.3,22
12487,626,33,2026-04-11,4,95.28,27
12488,1441,2,2023-11-26,3,161.22,16
12489,1522,37,2023-12-08,1,18.02,39
12490,1672,46,2026-04-25,4,127.08,23
12491,1168,27,2025-08-01,4,90.0,35
12492,836,46,2023-10-31,3,95.31,1
12493,127,22,2025-09-07,4,149.28,33
12494,825,3,2026-08-13,3,150.3,15
12495,755,34,2026-06-12,3,110.67,4
12496,364,11,2025-09-28,4,55.96,29
12497,726,31,2026-06-17,5,88.3,27
12498,1654,7,2024-04-03,2,66.68,1
12499,57,31,2025-05-21,4,70.64,20
12500,760,8,2025-08-19,4,71.72,1
